0,1,2,3,4,5,6,7,8
"{'title': 'Kundenservice Mobilfunk Inbound - Freelancer - EU, außerhalb Deutschland - 100% Remote', 'job_url': 'https://www.arbeitnow.com/jobs/companies/hey-contact-heroes-gmbh/kundenservice-mobilfunk-inbound-freelancer-eu-ausserhalb-deutschland-100-remote-berlin-146674'}","{'title': 'Customer Support Agent', 'job_url': 'https://www.arbeitnow.com/jobs/companies/the-happy-customers/customer-support-agent-berlin-333545'}","{'title': '18 Euro Std! / Call Center Agent für Fußballverein (m/w/d) / Inbound', 'job_url': 'https://www.arbeitnow.com/jobs/companies/alika-personal-gmbh/18-euro-std-call-center-agent-fur-fussballverein-inbound-frankfurt-am-main-210904'}","{'title': 'Freelancer  (m/w/d) - Deutsch & Niederländisch für einen internationalen  Fotobox-Anbieters', 'job_url': 'https://www.arbeitnow.com/jobs/companies/colpari-gmbh/freelancer-deutsch-niederlandisch-fur-einen-internationalen-fotobox-anbieters-leipzig-477578'}","{'title': 'Kundenbetreuung (Customer Support/Success) (m/w/d)', 'job_url': 'https://www.arbeitnow.com/jobs/companies/tutorspace-gmbh/customer-success-manager-ludwigshafen-30356'}","{'title': 'Customer Success Manager (m/w/d) - Software für Gebäudereiniger', 'job_url': 'https://www.arbeitnow.com/jobs/companies/mendato-gmbh/customer-success-manager-b2b-saas-losung-berlin-136594'}","{'title': 'Call Center Mitarbeiter (w/m/d) Kundenbindung', 'job_url': 'https://www.arbeitnow.com/jobs/companies/ionos-se/call-center-mitarbeiter-kundenbindung-karlsruhe-470227'}","{'title': 'Mitarbeiter im Kundenservice (w/m/d)', 'job_url': 'https://www.arbeitnow.com/jobs/companies/migrando-gmbh/mitarbeiter-im-kundenservice-cottbus-387650'}","{'title': '(Senior) Customer Success Manager (f/m/d)', 'job_url': 'https://www.arbeitnow.com/jobs/companies/predium-technology-gmbh/senior-customer-success-manager-munich-392352'}"
"{'title': 'Data Analytics, Data Science & AI Weiterbildung mit IHK-Abschluss | 100 % Remote', 'job_url': 'https://www.arbeitnow.com/jobs/companies/datasmart-point-gmbh/data-analytics-data-science-ai-weiterbildung-mit-ihk-abschluss-100-remote-berlin-452130'}","{'title': 'Kundenservice Mobilfunk Inbound - Freelancer - EU, außerhalb Deutschland - 100% Remote', 'job_url': 'https://www.arbeitnow.com/jobs/companies/hey-contact-heroes-gmbh/kundenservice-mobilfunk-inbound-freelancer-eu-ausserhalb-deutschland-100-remote-berlin-146674'}","{'title': 'Data Analytics / Data Science Tutor/Lehrkraft (all genders)', 'job_url': 'https://www.arbeitnow.com/jobs/companies/stackfuel/data-analytics-data-science-tutor-lehrkraft-all-genders-berlin-220614'}","{'title': 'Working Student - Data Science (Research & Predictive Analytics)', 'job_url': 'https://www.arbeitnow.com/jobs/companies/justwatch/working-student-data-science-research-predictive-analytics-berlin-108305'}","{'title': 'Engineering Manager (Data Science)', 'job_url': 'https://www.arbeitnow.com/jobs/companies/peec-ai/engineering-manager-data-science-berlin-356287'}","{'title': 'Team Lead Weiterbildungen AI & Data Science am Umschulungsstandort (w/m/d)', 'job_url': 'https://www.arbeitnow.com/jobs/companies/karrieretutor-de/team-lead-weiterbildungen-ai-data-science-am-umschulungsstandort-umschulungsstandort-munchen-244524'}","{'title': 'Research Scientist, Foundational Data Science', 'job_url': 'https://www.arbeitnow.com/jobs/companies/prior-labs/research-scientist-foundational-data-science-berlin-230440'}","{'title': 'SAP Data Analytics Entwickler', 'job_url': 'https://www.arbeitnow.com/jobs/companies/pertemps-erp/sap-data-analytics-entwickler-frankfurt-am-main-103190'}","{'title': 'AI & Data Science Manager (m/w/d)', 'job_url': 'https://www.arbeitnow.com/jobs/companies/encontec-gmbh/ai-data-science-manager-oberkochen-412033'}"
"{'title': 'Operations Manager (m/w/d) | Coaching & Organisation', 'job_url': 'https://www.arbeitnow.com/jobs/companies/rwkmp/operations-manager-coaching-organisation-munster-235592'}","{'title': 'Data Analytics, Data Science & AI Weiterbildung mit IHK-Abschluss | 100 % Remote', 'job_url': 'https://www.arbeitnow.com/jobs/companies/datasmart-point-gmbh/data-analytics-data-science-ai-weiterbildung-mit-ihk-abschluss-100-remote-berlin-452130'}","{'title': 'Kundenservice Mobilfunk Inbound - Freelancer - EU, außerhalb Deutschland - 100% Remote', 'job_url': 'https://www.arbeitnow.com/jobs/companies/hey-contact-heroes-gmbh/kundenservice-mobilfunk-inbound-freelancer-eu-ausserhalb-deutschland-100-remote-berlin-146674'}","{'title': 'Ernährungsberater (m/w/d) für Weightloss-Coaching', 'job_url': 'https://www.arbeitnow.com/jobs/companies/bahmann-coaching-gmbh/ernahrungsberater-fur-weightloss-coaching-hanover-132473'}","{'title': 'Führungskräftecoach (m/w/d) freiberuflich, Online Coaching per Video | 100 % flexibel', 'job_url': 'https://www.arbeitnow.com/jobs/companies/mycoachz-gmbh/fuhrungskraftecoach-freiberuflich-online-coaching-per-video-100-flexibel-oberhausen-446840'}","{'title': 'Praktikum (m/w/d) im Bereich Consulting, Training und Coaching', 'job_url': 'https://www.arbeitnow.com/jobs/companies/wild-consulting-training-coaching-gmbh/praktikum-im-bereich-consulting-training-und-coaching-konigswinter-117285'}","{'title': 'Mitarbeiter (m/w/d) Organisation & Kommunikation', 'job_url': 'https://www.arbeitnow.com/jobs/companies/flexible-jobben-natalie-kleiss/mitarbeiter-organisation-kommunikation-ahlerstedt-499828'}","{'title': 'Office Manager (m/w/d) mit dem Schwerpunkt Personal & Organisation', 'job_url': 'https://www.arbeitnow.com/jobs/companies/kostiuk-gruppe/office-manager-mit-dem-schwerpunkt-personal-organisation-hamburg-287520'}","{'title': 'Mitarbeiter (m/w/d) im Bereich Organisation', 'job_url': 'https://www.arbeitnow.com/jobs/companies/sparkasse-im-landkreis-cham/mitarbeiter-im-bereich-organisation-cham-345085'}"
"{'title': 'Microsoft 365 Office Support Specialist (m/f/d)- Frankfurt a.M./Hybrid', 'job_url': 'https://www.arbeitnow.com/jobs/companies/evoila-frankfurt-gmbh/microsoft-365-office-support-specialist-frankfurt-am-hybrid-frankfurt-am-main-170001'}","{'title': 'Hybrid Infrastructure & Microsoft 365 Engineer (M/W/D)', 'job_url': 'https://www.arbeitnow.com/jobs/companies/intellisoftware-gmbh/hybrid-infrastructure-microsoft-365-engineer-morfelden-walldorf-148126'}","{'title': 'Microsoft 365 Administrator (m/w/d)', 'job_url': 'https://www.arbeitnow.com/jobs/companies/komplex-it-gmbh/microsoft-365-administrator-essen-450922'}","{'title': 'Microsoft 365 Cloud Administrator (m/w/d)', 'job_url': 'https://www.arbeitnow.com/jobs/companies/codeklar-gmbh/microsoft-365-cloud-administrator-spaichingen-7647'}","{'title': 'ERP Solution Architect (f/m/x) – Microsoft Dynamics 365 Finance & SCM', 'job_url': 'https://www.arbeitnow.com/jobs/companies/avanade/erp-solution-architect-microsoft-dynamics-365-finance-scm-frankfurt-am-main-436407'}","{'title': 'Kundenservice Mobilfunk Inbound - Freelancer - EU, außerhalb Deutschland - 100% Remote', 'job_url': 'https://www.arbeitnow.com/jobs/companies/hey-contact-heroes-gmbh/kundenservice-mobilfunk-inbound-freelancer-eu-ausserhalb-deutschland-100-remote-berlin-146674'}","{'title': 'Fachinformatiker Systemintegration/ Microsoft 365 Administrator (m/w/d)', 'job_url': 'https://www.arbeitnow.com/jobs/companies/fierro-hiring-solutions-andrea-fierro/fachinformatiker-systemintegration-microsoft-365-administrator-munich-134477'}","{'title': 'Microsoft 365 Security & Governance Specialist (m/w/d)', 'job_url': 'https://www.arbeitnow.com/jobs/companies/finovesta-gmbh/microsoft-365-security-governance-specialist-dusseldorf-208357'}","{'title': 'IT-Mitarbeiter (m/w/d) im Systemhaus mit Schwerpunkt Microsoft 365', 'job_url': 'https://www.arbeitnow.com/jobs/companies/integrate-it-netzwerke-gmbh/it-mitarbeiter-im-systemhaus-mit-schwerpunkt-microsoft-365-berlin-400333'}"
"{'title': '(Junior) Country Manager DACH (m/w/d)', 'job_url': 'https://www.arbeitnow.com/jobs/companies/lillydoo-gmbh/junior-country-manager-dach-frankfurt-am-main-364554'}","{'title': 'Marketing Assistant DACH Region', 'job_url': 'https://www.arbeitnow.com/jobs/companies/dahua-technology-gmbh/marketing-assistant-dach-region-dusseldorf-40237'}","{'title': 'Field Marketing Manager, DACH', 'job_url': 'https://www.arbeitnow.com/jobs/companies/mistralai/field-marketing-manager-dach-munich-327168'}","{'title': 'Brand Manager DACH (m/w/d)', 'job_url': 'https://www.arbeitnow.com/jobs/companies/cosmo-beauty-brand-house-gmbh/brand-manager-dach-berlin-496947'}","{'title': 'Influencer Marketing Manager DACH (m/w/d)', 'job_url': 'https://www.arbeitnow.com/jobs/companies/yfood-labs-gmbh/influencer-marketing-manager-dach-munich-231064'}","{'title': 'Marketingkoordinator DACH', 'job_url': 'https://www.arbeitnow.com/jobs/companies/vermeiren-deutschland-gmbh/marketingkoordinator-dach-willich-96615'}","{'title': 'Senior Partner Manager - DACH', 'job_url': 'https://www.arbeitnow.com/jobs/companies/tellent/senior-partner-manager-dach-cologne-358398'}","{'title': 'Account Executive, DACH', 'job_url': 'https://www.arbeitnow.com/jobs/companies/omilia-natural-language-solutions-ua-ltd/remote-account-executive-dach-germany-101523'}","{'title': 'Sales & Strategy Intern - CCO Office, DACH', 'job_url': 'https://www.arbeitnow.com/jobs/companies/parcel-perform/sales-strategy-intern-cco-office-dach-berlin-400138'}"
"{'title': 'Founder’s Associate (m/w/d) | Operations & AI', 'job_url': 'https://www.arbeitnow.com/jobs/companies/rwkmp/founders-associate-operations-ai-munster-436335'}","{'title': 'Founders Associate - AI & Product', 'job_url': 'https://www.arbeitnow.com/jobs/companies/melotech/founders-associate-ai-product-berlin-37879'}","{'title': 'Founders Associate Intern: AI Product Consultant (m/w/d)', 'job_url': 'https://www.arbeitnow.com/jobs/companies/qado-gmbh/founders-associate-intern-ai-product-consultant-munich-488371'}","{'title': 'Founder’s Associate', 'job_url': 'https://www.arbeitnow.com/jobs/companies/netbird/founders-associate-berlin-79509'}","{'title': 'Operations Associate', 'job_url': 'https://www.arbeitnow.com/jobs/companies/heidi-systems/operations-manager-berlin-394565'}","{'title': 'Founders Associate (all genders)', 'job_url': 'https://www.arbeitnow.com/jobs/companies/partscloud-gmbh/founders-associate-all-genders-stuttgart-349146'}","{'title': 'Founders Associate (Sales)', 'job_url': 'https://www.arbeitnow.com/jobs/companies/peec-ai/founders-associate-sales-berlin-287268'}","{'title': '“Founder’s Associate / Chief of Staff”', 'job_url': 'https://www.arbeitnow.com/jobs/companies/flybaby-gmbh/founders-associate-junior-chief-of-staff-berlin-465519'}","{'title': 'Founders Associate Intern', 'job_url': 'https://www.arbeitnow.com/jobs/companies/logistica-os/founders-associate-intern-munich-367785'}"
"{'title': 'Product Engineer Procurement', 'job_url': 'https://www.arbeitnow.com/jobs/companies/container-xchange/product-engineer-procurement-hamburg-182477'}","{'title': 'Procurement Specialist', 'job_url': 'https://www.arbeitnow.com/jobs/companies/stealthrocketrystartup/procurement-specialist-germany-288114'}","{'title': 'Associate Director International Procurement', 'job_url': 'https://www.arbeitnow.com/jobs/companies/hellofresh/associate-director-international-procurement-berlin-berlin-101350'}","{'title': 'Senior Strategic Procurement Engineer (m/f/d)', 'job_url': 'https://www.arbeitnow.com/jobs/companies/tytan-technologies-gmbh/senior-strategic-procurement-engineer-munich-310642'}","{'title': 'Procurement Manager', 'job_url': 'https://www.arbeitnow.com/jobs/companies/andercore/procurement-manager-berlin-193476'}","{'title': 'Indirect Spend Purchaser / Procurement (all genders)', 'job_url': 'https://www.arbeitnow.com/jobs/companies/sunday-natural/indirect-spend-purchaser-procurement-all-genders-berlin-127737'}","{'title': 'Senior Manager, Global Procurement (Materials)', 'job_url': 'https://www.arbeitnow.com/jobs/companies/quince/senior-manager-global-procurement-materials-490613'}","{'title': 'Working Student - Procurement (f/m/d)', 'job_url': 'https://www.arbeitnow.com/jobs/companies/instagrid/working-student-procurement-ludwigsburg-244211'}","{'title': 'Head of Procurement (all genders)', 'job_url': 'https://www.arbeitnow.com/jobs/companies/vaeridion/head-of-procurement-all-genders-munich-470767'}"
"{'title': 'Bauingenieur:in als Projektleiter:in Hochbau Schwerpunkt Tragwerksplanung', 'job_url': 'https://www.arbeitnow.com/jobs/companies/wk-consult/bauingenieurin-als-projektleiterin-hochbau-schwerpunkt-tragwerksplanung-hamburg-480884'}","{'title': 'Teamleiter Tragwerksplanung (M/W/D) - Neueröffnung Standort Hamburg', 'job_url': 'https://www.arbeitnow.com/jobs/companies/asc-personalberatung-direktvermittlung/teamleiter-tragwerksplanung-neueroffnung-standort-hamburg-34796'}","{'title': 'Projektmanager/-in Hochbau (m/w/d)', 'job_url': 'https://www.arbeitnow.com/jobs/companies/franke-thomsen-projekt-und-baumanagement-gmbh/projektmanager-in-hochbau-hamburg-247009'}","{'title': 'Kundenservice Mobilfunk Inbound - Freelancer - EU, außerhalb Deutschland - 100% Remote', 'job_url': 'https://www.arbeitnow.com/jobs/companies/hey-contact-heroes-gmbh/kundenservice-mobilfunk-inbound-freelancer-eu-ausserhalb-deutschland-100-remote-berlin-146674'}","{'title': 'Ingenieur Hochbau (m/w/d)', 'job_url': 'https://www.arbeitnow.com/jobs/companies/atlas-titan-ost-gmbh/ingenieur-hochbau-braunschweig-485839'}","{'title': 'Leitung Statik und Tragwerksplanung (m/w/d)', 'job_url': 'https://www.arbeitnow.com/jobs/companies/personalberatung-pillong/leitung-statik-und-tragwerksplanung-saarbrucken-336695'}","{'title': 'Projektleiter:in Wärme und Solar mit Schwerpunkt Regelungstechnik', 'job_url': 'https://www.arbeitnow.com/jobs/companies/re-green/projektleiterin-warme-und-solar-mit-schwerpunkt-regelungstechnik-frankfurt-am-main-154807'}","{'title': '(Senior) Consultant - Fokus Hochbau (w/m/d)', 'job_url': 'https://www.arbeitnow.com/jobs/companies/m2p-consulting-gmbh/senior-consultant-fokus-hochbau-frankfurt-am-main-190256'}","{'title': 'Senior Projektleiter (m/w/d) Hochbau', 'job_url': 'https://www.arbeitnow.com/jobs/companies/skalbach-gmbh/senior-projektleiter-hochbau-dusseldorf-418266'}"
"{'title': 'Senior Backend-Entwickler – Agents (100% Remote in Deutschland)', 'job_url': 'https://www.arbeitnow.com/jobs/companies/powerprozesse/senior-backend-entwickler-agents-100-remote-in-deutschland-worms-52175'}","{'title': 'Senior Software Engineer, Agents', 'job_url': 'https://www.arbeitnow.com/jobs/companies/eye-security/senior-software-engineer-agents-berlin-154430'}","{'title': 'Senior Fullstack Engineer (LLMs & AI Agents)', 'job_url': 'https://www.arbeitnow.com/jobs/companies/tappz-gmbh/senior-fullstack-engineer-llms-ai-agents-munich-248284'}","{'title': 'Product Manager, Agents', 'job_url': 'https://www.arbeitnow.com/jobs/companies/peec-ai/product-manager-agents-berlin-399444'}","{'title': 'Product Manager, Agents', 'job_url': 'https://www.arbeitnow.com/jobs/companies/peec-ai/product-manager-agents-berlin-54155'}","{'title': 'Senior Sales Engineer - AI Agents (DACH)', 'job_url': 'https://www.arbeitnow.com/jobs/companies/nice/senior-sales-engineer-ai-agents-dach-146479'}","{'title': 'Senior Sales Engineer - AI Agents (Poland, CEE)', 'job_url': 'https://www.arbeitnow.com/jobs/companies/nice/senior-sales-engineer-ai-agents-poland-cee-465888'}","{'title': 'Backend Engineer (AI Agents/Workflows)', 'job_url': 'https://www.arbeitnow.com/jobs/companies/andercore/backend-engineer-ai-agents-workflows-berlin-446500'}","{'title': '(Senior) Developer (m/w/d) - Fullstack oder Backend', 'job_url': 'https://www.arbeitnow.com/jobs/companies/mittwald-cm-service-gmbh-co-kg/senior-developer-fullstack-oder-backend-espelkamp-261521'}"
"{'title': 'TYPO3-Developer', 'job_url': 'https://www.arbeitnow.com/jobs/companies/familie-redlich/typo3-developer-berlin-106678'}",,,,,,,,
"{'title': 'Visiting Investment Analyst (Jan 2027)', 'job_url': 'https://www.arbeitnow.com/jobs/companies/aenu/visiting-investment-analyst-jan-2027-berlin-339951'}","{'title': 'Visiting Analyst (F/M/D) - Summer 2027', 'job_url': 'https://www.arbeitnow.com/jobs/companies/xdeck-gmbh/visiting-analyst-summer-2027-cologne-369124'}","{'title': 'Visiting Analyst', 'job_url': 'https://www.arbeitnow.com/jobs/companies/acton-capital/visiting-analyst-munich-88514'}","{'title': 'Data Analytics, Data Science & AI Weiterbildung mit IHK-Abschluss | 100 % Remote', 'job_url': 'https://www.arbeitnow.com/jobs/companies/datasmart-point-gmbh/data-analytics-data-science-ai-weiterbildung-mit-ihk-abschluss-100-remote-berlin-452130'}","{'title': 'Visiting Founders Associate (Sales)', 'job_url': 'https://www.arbeitnow.com/jobs/companies/peec-ai/visiting-founders-associate-sales-berlin-448776'}","{'title': 'Visiting Brand Designer', 'job_url': 'https://www.arbeitnow.com/jobs/companies/peec-ai/visiting-brand-designer-berlin-222994'}","{'title': 'Visiting GTM Fellow (Intern)', 'job_url': 'https://www.arbeitnow.com/jobs/companies/lyceum/visiting-gtm-fellow-intern-berlin-229439'}","{'title': 'Analyst/Associate Real Estate Acquisitions', 'job_url': 'https://www.arbeitnow.com/jobs/companies/home-co-management-gmbh/analyst-associate-real-estate-acquisitions-frankfurt-am-main-23372'}","{'title': 'Visiting Founders Associate (Engineering)', 'job_url': 'https://www.arbeitnow.com/jobs/companies/peec-ai/visiting-founders-associate-engineering-berlin-479717'}"
"{'title': 'Werkstudent:in Marketing (m/w/d)', 'job_url': 'https://www.arbeitnow.com/jobs/companies/soley-gmbh/werkstudentin-marketing-munich-213112'}","{'title': 'Werkstudentin Community Management (m/w/d)', 'job_url': 'https://www.arbeitnow.com/jobs/companies/players-for-good-ggmbh/werkstudentin-community-management-cologne-316465'}","{'title': 'WerkstudentIn Influencer Marketing (m/w/d)', 'job_url': 'https://www.arbeitnow.com/jobs/companies/ykone-gmbh/werkstudentin-influencer-marketing-munich-295752'}","{'title': 'Werkstudentin Marketing & Content', 'job_url': 'https://www.arbeitnow.com/jobs/companies/happy-immo-club/werkstudentin-marketing-content-berlin-304756'}","{'title': 'Marketing Praktikant:in / Werkstudent:in', 'job_url': 'https://www.arbeitnow.com/jobs/companies/moonscale/marketing-praktikantin-werkstudentin-munich-252760'}","{'title': 'Werkstudent*in (m/w/d) - Marketing', 'job_url': 'https://www.arbeitnow.com/jobs/companies/haiar-gmbh/werkstudentin-marketing-munster-42830'}","{'title': 'Werkstudentin / Freelancerin Social Media & Video Editing', 'job_url': 'https://www.arbeitnow.com/jobs/companies/sovi-socials/werkstudentin-freelancerin-social-media-video-editing-aachen-468528'}","{'title': 'Werkstudentin / Praktikantin Marketing & Growth (m/w/d)', 'job_url': 'https://www.arbeitnow.com/jobs/companies/plus-placement-gmbh/werkstudentin-praktikantin-marketing-growth-kassel-347124'}","{'title': 'Gesundheitsmanagement (m/w/d) - Praktikum / Werkstudent:in - Schwerpunkt Marketing', 'job_url': 'https://www.arbeitnow.com/jobs/companies/zimply-natural-gmbh/gesundheitsmanagement-praktikum-werkstudentin-schwerpunkt-marketing-munich-156651'}"
"{'title': 'Mitarbeiter Marketing und Kommunikation (m/w/d)', 'job_url': 'https://www.arbeitnow.com/jobs/companies/kramer-druck-gmbh/mitarbeiter-marketing-und-kommunikation-bernkastel-kues-238277'}","{'title': 'Werkstudent:in (m/w/d) Kommunikation & Marketing', 'job_url': 'https://www.arbeitnow.com/jobs/companies/bonventure/werkstudentin-kommunikation-marketing-munich-247617'}","{'title': 'Pflichtpraktikum Kommunikation & KI (m/w/d)', 'job_url': 'https://www.arbeitnow.com/jobs/companies/rlvnt-gmbh/pflichtpraktikum-kommunikation-ki-hanover-232011'}","{'title': 'Mitarbeiter (m/w/d) für Marketing, Kommunikation & Grafikdesign', 'job_url': 'https://www.arbeitnow.com/jobs/companies/prothesen-orthesenmanufaktur/mitarbeiter-fur-marketing-kommunikation-grafikdesign-leipzig-372016'}","{'title': 'Werkstudent*in (m/w/d) Politische Kommunikation & Verbandsarbeit', 'job_url': 'https://www.arbeitnow.com/jobs/companies/safedriver-group-gmbh/werkstudentin-politische-kommunikation-verbandsarbeit-berlin-457469'}","{'title': 'Praktikum: PR-Beratung, Kommunikation & Marketing | Willkommen im Maschinenraum der Macht', 'job_url': 'https://www.arbeitnow.com/jobs/companies/campaigns-technology/praktikum-pr-beratung-kommunikation-marketing-willkommen-im-maschinenraum-der-macht-mannheim-489275'}","{'title': 'Mitarbeiter*in Marketing und Kooperationen', 'job_url': 'https://www.arbeitnow.com/jobs/companies/taynie/mitarbeiterin-marketing-und-kooperationen-wesseling-40299'}","{'title': 'Volontär(in) Kommunikation und PR', 'job_url': 'https://www.arbeitnow.com/jobs/companies/picture-puzzle-medien-gmbh-co-kg/volontarin-kommunikation-und-pr-koln-471641'}","{'title': 'Werkstudent Marketing & Kommunikation (m/w/d)', 'job_url': 'https://www.arbeitnow.com/jobs/companies/wallner-classic-gmbh/werkstudent-marketing-kommunikation-anzing-427623'}"
"{'title': 'Head of Sales', 'job_url': 'https://www.arbeitnow.com/jobs/companies/indiaworks/head-of-sales-kirchzarten-53204'}","{'title': 'Head of Product - Platform Growth (f/m/d)', 'job_url': 'https://www.arbeitnow.com/jobs/companies/imago-stock-people-gmbh/head-of-product-platform-growth-berlin-347574'}","{'title': 'HEAD OF SALES (m/w/d)', 'job_url': 'https://www.arbeitnow.com/jobs/companies/the-global-talent-co/head-of-sales-berlin-56594'}","{'title': ""Founder's Associate - Internship or Working Student  (m/w/d)"", 'job_url': 'https://www.arbeitnow.com/jobs/companies/archive-gmbh/founders-associate-internship-or-working-student-munich-181655'}","{'title': 'Sales Director (German-speaking)', 'job_url': 'https://www.arbeitnow.com/jobs/companies/the-global-talent-co/sales-director-german-speaking-berlin-406680'}","{'title': 'Head of Sales (m/w/d)', 'job_url': 'https://www.arbeitnow.com/jobs/companies/omnora-gmbh/head-of-sales-frankfurt-am-main-483801'}","{'title': 'Account Executive Team Manager, SME & Growth', 'job_url': 'https://www.arbeitnow.com/jobs/companies/airwallex/account-executive-team-manager-sme-growth-berlin-482639'}","{'title': 'Client Director (German-Speaking)', 'job_url': 'https://www.arbeitnow.com/jobs/companies/the-global-talent-co/client-director-german-speaking-berlin-395103'}","{'title': 'Founders Associate Praktikum (all genders)', 'job_url': 'https://www.arbeitnow.com/jobs/companies/code-gaia/founders-associate-praktikum-all-genders-berlin-371403'}"
"{'title': 'Werkstudent:in Kundensupport & Social Media (M/W/D)', 'job_url': 'https://www.arbeitnow.com/jobs/companies/bodyfast-gmbh/werkstudentin-kundensupport-social-media-grafelfing-278870'}","{'title': 'Praktikum (m/w/d) Remote: Social Media, Content Marketing & Customer Service', 'job_url': 'https://www.arbeitnow.com/jobs/companies/decorami-gmbh/praktikum-remote-social-media-content-marketing-customer-service-berlin-107754'}","{'title': 'Werkstudentin / Freelancerin Social Media & Video Editing', 'job_url': 'https://www.arbeitnow.com/jobs/companies/sovi-socials/werkstudentin-freelancerin-social-media-video-editing-aachen-468528'}","{'title': 'Werkstudent*in für das tigermedia-Support-Team', 'job_url': 'https://www.arbeitnow.com/jobs/companies/tiger-media-deutschland-gmbh/werkstudentin-fur-das-tigermedia-support-team-hamburg-221616'}","{'title': 'Werkstudent:in Social Media & Kooperationen', 'job_url': 'https://www.arbeitnow.com/jobs/companies/weddyplace/werkstudentin-social-media-kooperationen-berlin-208293'}","{'title': 'Werkstudent:in - Social Media / Content Creation', 'job_url': 'https://www.arbeitnow.com/jobs/companies/vf-nutrition-gmbh/werkstudentin-social-media-content-creation-berlin-327840'}","{'title': 'Customer Support (Vollzeit/Werkstudent/Minijob) (m/w/d)', 'job_url': 'https://www.arbeitnow.com/jobs/companies/prepmymeal-gmbh/customer-support-vollzeit-werkstudent-minijob-frankfurt-am-main-409017'}","{'title': 'Werkstudent:in / Praktikant:in Social Media & Content Creation', 'job_url': 'https://www.arbeitnow.com/jobs/companies/knowyourchat/werkstudentin-praktikantin-social-media-content-creation-rodental-437012'}","{'title': 'Customer Support am Wochenende (Werkstudent/Minijob) (m/w/d)', 'job_url': 'https://www.arbeitnow.com/jobs/companies/prepmymeal-gmbh/customer-support-am-wochenende-werkstudent-minijob-frankfurt-am-main-125871'}"
"{'title': 'Automation & Industrial IT Engineer / Specialist (m/f/d)', 'job_url': 'https://www.arbeitnow.com/jobs/companies/pfasuiki-gmbh/automation-industrial-it-engineer-specialist-oberhaching-490074'}","{'title': 'Automation Engineer (gn) Industrial Robotics & Software Development', 'job_url': 'https://www.arbeitnow.com/jobs/companies/wandelbots-gmbh/automation-engineer-gn-industrial-robotics-software-development-dresden-89935'}","{'title': 'Data Analytics, Data Science & AI Weiterbildung mit IHK-Abschluss | 100 % Remote', 'job_url': 'https://www.arbeitnow.com/jobs/companies/datasmart-point-gmbh/data-analytics-data-science-ai-weiterbildung-mit-ihk-abschluss-100-remote-berlin-452130'}","{'title': 'Principal AI Engineer (m/f/x) - Industrial AI Engineering', 'job_url': 'https://www.arbeitnow.com/jobs/companies/appliedai/principal-ai-engineer-industrial-ai-engineering-munchen-81671-357156'}","{'title': 'AI Automation Specialist - Marketing & GTM (d/f/m)', 'job_url': 'https://www.arbeitnow.com/jobs/companies/taxfix/ai-automation-specialist-marketing-gtm-berlin-240946'}","{'title': 'Industrial Designer', 'job_url': 'https://www.arbeitnow.com/jobs/companies/sereact-gmbh/industrial-designer-stuttgart-16420'}","{'title': 'Automation Engineer - PLC / Plant Control (m/f/d)', 'job_url': 'https://www.arbeitnow.com/jobs/companies/metycle/automation-engineer-plc-plant-control-cologne-ger-380072'}","{'title': 'Automation Engineer – Magnet Industrialisation', 'job_url': 'https://www.arbeitnow.com/jobs/companies/proxima-fusion-gmbh/automation-engineer-magnet-industrialisation-munich-204654'}","{'title': 'Account Executive — Industrial Technology', 'job_url': 'https://www.arbeitnow.com/jobs/companies/onhires/account-executive-industrial-technology-germany-397433'}"
"{'title': 'Solution Engineer - AI Engineer - Global role - Hamburg based', 'job_url': 'https://www.arbeitnow.com/jobs/companies/evident-europe-gmbh/solution-engineer-ai-engineer-global-role-hamburg-based-306330'}","{'title': 'Applied AI Engineer (Germany-based)', 'job_url': 'https://www.arbeitnow.com/jobs/companies/bowatt/applied-ai-engineer-germany-based-397114'}","{'title': 'Principal Brand Designer (Spain or Portugal - based role)', 'job_url': 'https://www.arbeitnow.com/jobs/companies/olx/principal-brand-designer-spain-or-portugal-based-role-berlin-germany-57371'}","{'title': 'Expansion Manager - (German speaking, Hamburg based, m/f/x)', 'job_url': 'https://www.arbeitnow.com/jobs/companies/lightspeedhq/expansion-manager-german-speaking-hamburg-based-399183'}","{'title': 'Lead AI Engineer / Senior AI Engineer', 'job_url': 'https://www.arbeitnow.com/jobs/companies/aiimpact-gmbh/lead-ai-engineer-senior-ai-engineer-hamburg-208414'}","{'title': 'Applied AI Engineer', 'job_url': 'https://www.arbeitnow.com/jobs/companies/chapters-group-ag/applied-ai-engineer-cologne-54540'}","{'title': 'Data Analytics, Data Science & AI Weiterbildung mit IHK-Abschluss | 100 % Remote', 'job_url': 'https://www.arbeitnow.com/jobs/companies/datasmart-point-gmbh/data-analytics-data-science-ai-weiterbildung-mit-ihk-abschluss-100-remote-berlin-452130'}","{'title': 'Generative AI Engineer (all Genders) for Hamburg', 'job_url': 'https://www.arbeitnow.com/jobs/companies/digitl-gmbh/generative-ai-engineer-all-genders-for-hamburg-419335'}","{'title': 'Full Stack Engineer (Germany-based)', 'job_url': 'https://www.arbeitnow.com/jobs/companies/bowatt/full-stack-engineer-germany-based-426645'}"
"{'title': 'Werkstudent/in oder Minijob: Social Media & Marketing (m/w/d)', 'job_url': 'https://www.arbeitnow.com/jobs/companies/valov-bau-gmbh/werkstudent-in-oder-minijob-social-media-marketing-berlin-487870'}","{'title': 'Social Media / Marketing (Werkstudent:in / Minijob)', 'job_url': 'https://www.arbeitnow.com/jobs/companies/hiddentable-app/social-media-marketing-werkstudentin-minijob-hamburg-296721'}","{'title': 'Content Creator & Social Media Manager:in (Minijob)', 'job_url': 'https://www.arbeitnow.com/jobs/companies/racksolut-gmbh/content-creator-social-media-managerin-minijob-puchheim-338174'}","{'title': 'Social Media Marketing Manager & Host (Minijob / Teilzeit / Werkstudent / Freelance) (m/w/d)', 'job_url': 'https://www.arbeitnow.com/jobs/companies/studivents-ug-haftungsbeschrankt/social-media-marketing-manager-host-minijob-teilzeit-werkstudent-freelance-munich-381929'}","{'title': 'Werkstudentin / Freelancerin Social Media & Video Editing', 'job_url': 'https://www.arbeitnow.com/jobs/companies/sovi-socials/werkstudentin-freelancerin-social-media-video-editing-aachen-468528'}","{'title': 'Content Creator (m/w/d) Social Media (Events) Minijob', 'job_url': 'https://www.arbeitnow.com/jobs/companies/louco-event-media-gmbh/content-creator-social-media-events-minijob-offenbach-312527'}","{'title': 'Content Creator / Social Media Creator (Minijob) (m/w/d)', 'job_url': 'https://www.arbeitnow.com/jobs/companies/sichtbarstudio/content-creator-social-media-creator-minijob-leipzig-380115'}","{'title': 'Praktikum Social Media & Marketing', 'job_url': 'https://www.arbeitnow.com/jobs/companies/supa-sport-und-party-app/praktikum-social-media-marketing-cologne-494965'}","{'title': 'Social Media Manager*in', 'job_url': 'https://www.arbeitnow.com/jobs/companies/lyn-the-agency-gmbh/social-media-managerin-dusseldorf-23499'}"
"{'title': 'Creative Strategist (m/w/d)', 'job_url': 'https://www.arbeitnow.com/jobs/companies/hunderunde/creative-strategist-cologne-499988'}","{'title': 'Creative Strategist (m/w/d)', 'job_url': 'https://www.arbeitnow.com/jobs/companies/bodyfokus-gmbh/creative-strategist-koln-350871'}","{'title': 'Creative Strategist - Paid Social (m/f/d)', 'job_url': 'https://www.arbeitnow.com/jobs/companies/placetel/creative-strategist-paid-social-cologne-215991'}","{'title': 'Creative Strategist Social Advertising (META) (m/w/d)', 'job_url': 'https://www.arbeitnow.com/jobs/companies/aaads/creative-strategist-social-advertising-meta-cologne-448604'}","{'title': 'Creative Strategist (m/w/d)', 'job_url': 'https://www.arbeitnow.com/jobs/companies/creative-dreams/creative-strategist-dusseldorf-289738'}","{'title': '(Senior) Creative Strategist (m/w/d)', 'job_url': 'https://www.arbeitnow.com/jobs/companies/adbaker/senior-creative-strategist-cologne-226165'}","{'title': 'Creative Strategist (m/w/d)', 'job_url': 'https://www.arbeitnow.com/jobs/companies/realstudio-gmbh/creative-strategist-berlin-339004'}","{'title': 'Creative Strategist', 'job_url': 'https://www.arbeitnow.com/jobs/companies/yepoda/creative-strategist-berlin-118044'}","{'title': 'Senior Creative Strategist', 'job_url': 'https://www.arbeitnow.com/jobs/companies/quince/senior-creative-strategist-232315'}"
"{'title': 'BIM-Koordinator:in (m/w/d) (Remote)', 'job_url': 'https://www.arbeitnow.com/jobs/companies/pbz-gmbh/bim-koordinatorin-remote-essen-348540'}",,,,,,,,
"{'title': 'Product Manager, Agentic AI', 'job_url': 'https://www.arbeitnow.com/jobs/companies/cube/product-manager-agentic-ai-berlin-337098'}","{'title': 'Data Analytics, Data Science & AI Weiterbildung mit IHK-Abschluss | 100 % Remote', 'job_url': 'https://www.arbeitnow.com/jobs/companies/datasmart-point-gmbh/data-analytics-data-science-ai-weiterbildung-mit-ihk-abschluss-100-remote-berlin-452130'}","{'title': 'Product Owner - Agentic', 'job_url': 'https://www.arbeitnow.com/jobs/companies/hawk/product-owner-agentic-munich-349369'}","{'title': 'AI Application Engineer - LangGraph & Agentic AI', 'job_url': 'https://www.arbeitnow.com/jobs/companies/belmont-lavan-ltd/remote-ai-application-engineer-langgraph-agentic-ai-stuttgart-45568'}","{'title': 'Staff Product Manager: Agentic Discovery', 'job_url': 'https://www.arbeitnow.com/jobs/companies/constructor/staff-product-manager-agentic-discovery-munich-360944'}","{'title': 'Solution Architect - LangGraph & Agentic AI', 'job_url': 'https://www.arbeitnow.com/jobs/companies/belmont-lavan-ltd/remote-solution-architect-langgraph-agentic-ai-stuttgart-310070'}","{'title': 'Agentic AI Software Engineer', 'job_url': 'https://www.arbeitnow.com/jobs/companies/machine-learning-reply/agentic-ai-software-engineer-munich-11551'}","{'title': 'Senior Product Designer (f/m/x) - Agentic AI & Platform', 'job_url': 'https://www.arbeitnow.com/jobs/companies/ilert-gmbh/senior-product-designer-agentic-ai-platform-cologne-303839'}","{'title': 'Senior Software Engineer* Agentic AI', 'job_url': 'https://www.arbeitnow.com/jobs/companies/accso-accelerated-solutions-gmbh/senior-software-engineer-agentic-ai-munchen-50259'}"
"{'title': 'Delivery Manager Genflex', 'job_url': 'https://www.arbeitnow.com/jobs/companies/kraken/delivery-manager-genflex-berlin-407554'}","{'title': 'Engineering Manager (f/m/d/x)', 'job_url': 'https://www.arbeitnow.com/jobs/companies/emil-group-gmbh/engineering-manager-x-berlin-346535'}","{'title': 'Product Manager, Delivery Promise', 'job_url': 'https://www.arbeitnow.com/jobs/companies/wolt/product-manager-delivery-promise-berlin-305015'}","{'title': 'Product Manager, Delivery Promise', 'job_url': 'https://www.arbeitnow.com/jobs/companies/wolt-english/product-manager-delivery-promise-berlin-241244'}","{'title': 'Technical Program Manager, Go', 'job_url': 'https://www.arbeitnow.com/jobs/companies/superhuman/technical-program-manager-go-berlin-217695'}","{'title': 'Product Manager, Courier Delivery Experience', 'job_url': 'https://www.arbeitnow.com/jobs/companies/wolt/product-manager-courier-delivery-experience-berlin-196042'}","{'title': 'Product Manager, Courier Delivery Experience', 'job_url': 'https://www.arbeitnow.com/jobs/companies/wolt-english/product-manager-courier-delivery-experience-berlin-78346'}","{'title': 'Associate Product Owner / Business Analyst (f/m/d)', 'job_url': 'https://www.arbeitnow.com/jobs/companies/verwaltungssprung-gmbh/associate-product-owner-business-analyst-berlin-216798'}","{'title': 'Engineering Manager, Computing Platform', 'job_url': 'https://www.arbeitnow.com/jobs/companies/wolt/engineering-manager-computing-platform-berlin-497311'}"
"{'title': 'Brand Designer (all genders)', 'job_url': 'https://www.arbeitnow.com/jobs/companies/sunday-natural/brand-designer-all-genders-berlin-301230'}","{'title': 'Visiting Brand Designer', 'job_url': 'https://www.arbeitnow.com/jobs/companies/peec-ai/visiting-brand-designer-berlin-222994'}","{'title': 'Designer - Brand (m/w/d)', 'job_url': 'https://www.arbeitnow.com/jobs/companies/pechschwarz-gmbh/designer-brand-wuppertal-464758'}","{'title': 'Principal Brand Designer (Spain or Portugal - based role)', 'job_url': 'https://www.arbeitnow.com/jobs/companies/olx/principal-brand-designer-spain-or-portugal-based-role-berlin-germany-57371'}","{'title': 'Principal Product & Brand Designer (m/f/x)', 'job_url': 'https://www.arbeitnow.com/jobs/companies/cortea-ai/principal-product-brand-designer-berlin-149851'}","{'title': 'Senior Print Designer, Streetwear (all genders)', 'job_url': 'https://www.arbeitnow.com/jobs/companies/6pm-gmbh/senior-print-designer-streetwear-all-genders-frankfurt-am-main-8276'}","{'title': 'Brand & Communications Lead  (all genders) B2B SaaS for KMU', 'job_url': 'https://www.arbeitnow.com/jobs/companies/mika/brand-communications-lead-all-genders-b2b-saas-for-kmu-berlin-184575'}","{'title': 'Senior Motion Designer (x/f/m)', 'job_url': 'https://www.arbeitnow.com/jobs/companies/hellofresh/senior-motion-designer-berlin-berlin-424535'}","{'title': 'Brand Marketing Manager - Dutch Market (all genders) // Medior', 'job_url': 'https://www.arbeitnow.com/jobs/companies/yellowgrape-gmbh/brand-marketing-manager-dutch-market-all-genders-medior-berlin-216211'}"
"{'title': 'Supply Planner (all genders)', 'job_url': 'https://www.arbeitnow.com/jobs/companies/sunday-natural/supply-planner-all-genders-berlin-237870'}","{'title': 'Senior Data Engineer - Better Planner (d/f/m)', 'job_url': 'https://www.arbeitnow.com/jobs/companies/bettermile/senior-data-engineer-better-planner-berlin-357533'}","{'title': 'Senior Maintenance Manager (all genders)', 'job_url': 'https://www.arbeitnow.com/jobs/companies/hellofresh/senior-maintenance-manager-all-genders-barleben-saxony-anhalt-magdeburg-saxony-anhalt-117257'}","{'title': 'Senior Maintenance Manager (all genders)', 'job_url': 'https://www.arbeitnow.com/jobs/companies/hellofresh/senior-maintenance-manager-all-genders-barleben-saxony-anhalt-magdeburg-saxony-anhalt-37564'}","{'title': 'Menu Planner Working Student (all genders)', 'job_url': 'https://www.arbeitnow.com/jobs/companies/hellofresh/menu-planner-working-student-all-genders-berlin-berlin-133720'}","{'title': 'Supply Chain Planning Working Student (all genders)', 'job_url': 'https://www.arbeitnow.com/jobs/companies/hellofresh/supply-chain-planning-working-student-all-genders-berlin-berlin-250745'}","{'title': 'Head of Procurement (all genders)', 'job_url': 'https://www.arbeitnow.com/jobs/companies/vaeridion/head-of-procurement-all-genders-munich-470767'}","{'title': 'Supply Chain Controller (all genders)', 'job_url': 'https://www.arbeitnow.com/jobs/companies/glow25/remote-supply-chain-controller-all-genders-372525'}","{'title': 'Lead Supply Chain Manager (all genders)', 'job_url': 'https://www.arbeitnow.com/jobs/companies/gropyus/lead-supply-chain-manager-all-genders-richen-baden-wurttemberg-19597'}"
"{'title': 'Indirect Spend Purchaser / Procurement (all genders)', 'job_url': 'https://www.arbeitnow.com/jobs/companies/sunday-natural/indirect-spend-purchaser-procurement-all-genders-berlin-127737'}","{'title': 'Senior Category Manager Indirect Procurement CapEx (All genders)', 'job_url': 'https://www.arbeitnow.com/jobs/companies/4lu44n1n37w012k/senior-category-manager-indirect-procurement-capex-all-genders-berlin-berlin-382217'}","{'title': 'Indirect Procurement Senior Manager - Marketing (All genders)', 'job_url': 'https://www.arbeitnow.com/jobs/companies/hellofresh/indirect-procurement-senior-manager-marketing-all-genders-berlin-berlin-117990'}","{'title': 'Senior Indirect Procurement Category Manager - Marketing (All genders)', 'job_url': 'https://www.arbeitnow.com/jobs/companies/hellofresh/senior-indirect-procurement-category-manager-marketing-all-genders-berlin-berlin-100396'}","{'title': 'Senior Indirect Procurement Category Manager - Marketing (All Genders)', 'job_url': 'https://www.arbeitnow.com/jobs/companies/4lu44n1n37w012k/senior-indirect-procurement-category-manager-marketing-all-genders-berlin-berlin-384965'}","{'title': 'Senior Manager, Marketing Procurement (All Genders)', 'job_url': 'https://www.arbeitnow.com/jobs/companies/hellofresh/senior-manager-marketing-procurement-all-genders-berlin-berlin-67109'}","{'title': 'Senior Buyer', 'job_url': 'https://www.arbeitnow.com/jobs/companies/hypersonica/senior-buyer-munich-or-london-90250'}","{'title': 'Procurement Manager', 'job_url': 'https://www.arbeitnow.com/jobs/companies/andercore/procurement-manager-berlin-193476'}","{'title': 'Procurement Specialist', 'job_url': 'https://www.arbeitnow.com/jobs/companies/stealthrocketrystartup/procurement-specialist-germany-288114'}"
"{'title': 'Demand Planner (all genders)', 'job_url': 'https://www.arbeitnow.com/jobs/companies/sunday-natural/demand-planner-all-genders-berlin-397963'}","{'title': 'Senior Paid Search Manager (all genders)', 'job_url': 'https://www.arbeitnow.com/jobs/companies/mammaly/senior-paid-search-manager-all-genders-berlin-262119'}","{'title': 'Senior Product Marketing Manager (all genders)', 'job_url': 'https://www.arbeitnow.com/jobs/companies/fiskaly/senior-product-marketing-manager-all-genders-berlin-berlin-437163'}","{'title': 'KI & Management Lehrkraft/Coach (all genders)', 'job_url': 'https://www.arbeitnow.com/jobs/companies/stackfuel/ki-management-lehrkraft-coach-all-genders-berlin-43835'}","{'title': 'Senior Frontend Engineer (all genders)', 'job_url': 'https://www.arbeitnow.com/jobs/companies/distribusion-technologies/remote-senior-frontend-engineer-all-genders-berlin-421093'}","{'title': 'Werkstudent im Bereich Akademie (m/w/d) bis zu 20 Stunden pro Woche ab sofort', 'job_url': 'https://www.arbeitnow.com/jobs/companies/deutsche-gesellschaft-fur-nachhaltiges-bauen-dgnb-ev/werkstudent-im-bereich-akademie-bis-zu-20-stunden-pro-woche-ab-sofort-stuttgart-300261'}","{'title': 'Sales Development Representative (all genders)', 'job_url': 'https://www.arbeitnow.com/jobs/companies/integral-de/sales-development-representative-all-genders-berlin-226107'}","{'title': 'Lead Product Manager, Platform (all genders)', 'job_url': 'https://www.arbeitnow.com/jobs/companies/distribusion-technologies/lead-product-manager-platform-all-genders-berlin-263724'}","{'title': 'Senior Product Engineer, IMS (all genders)', 'job_url': 'https://www.arbeitnow.com/jobs/companies/distribusion-technologies/senior-product-engineer-ims-all-genders-berlin-389485'}"
"{'title': 'Senior CRM Automation & Data Manager (all genders)', 'job_url': 'https://www.arbeitnow.com/jobs/companies/sunday-natural/senior-crm-automation-data-manager-all-genders-berlin-167910'}","{'title': 'CRM & Automation Manager', 'job_url': 'https://www.arbeitnow.com/jobs/companies/nailscamp-gmbh/crm-automation-manager-berlin-276424'}","{'title': 'Senior CRM Manager Data & Automation (m/w/d)', 'job_url': 'https://www.arbeitnow.com/jobs/companies/lyto-brands-group-gmbh/senior-crm-manager-data-automation-dusseldorf-205885'}","{'title': 'CRM & Marketing Automation Manager (m/w/d)', 'job_url': 'https://www.arbeitnow.com/jobs/companies/expert-systems-ag/crm-marketing-automation-manager-berlin-273497'}","{'title': 'Senior CRM Strategy Manager, Reactivations (all genders)', 'job_url': 'https://www.arbeitnow.com/jobs/companies/hellofresh/senior-crm-strategy-manager-reactivations-all-genders-berlin-berlin-12467'}","{'title': 'CRM Manager (all genders)', 'job_url': 'https://www.arbeitnow.com/jobs/companies/helpling-gmbh-co-kg/crm-manager-all-genders-berlin-477700'}","{'title': 'Data Analytics, Data Science & AI Weiterbildung mit IHK-Abschluss | 100 % Remote', 'job_url': 'https://www.arbeitnow.com/jobs/companies/datasmart-point-gmbh/data-analytics-data-science-ai-weiterbildung-mit-ihk-abschluss-100-remote-berlin-452130'}","{'title': '(Senior) CRM Manager (m/w/d)', 'job_url': 'https://www.arbeitnow.com/jobs/companies/clark-germany-gmbh/senior-crm-manager-berlin-404139'}","{'title': 'Senior CRM Technology Manager (F/M/D)', 'job_url': 'https://www.arbeitnow.com/jobs/companies/freenow/senior-crm-technology-manager-berlin-133815'}"
"{'title': 'Bilanzbuchhalter:in (all genders)', 'job_url': 'https://www.arbeitnow.com/jobs/companies/sunday-natural/bilanzbuchhalterin-all-genders-berlin-160122'}",,,,,,,,
"{'title': 'Accountant (all genders)', 'job_url': 'https://www.arbeitnow.com/jobs/companies/sunday-natural/accountant-all-genders-berlin-250035'}","{'title': 'Accountant (all genders)', 'job_url': 'https://www.arbeitnow.com/jobs/companies/code-gaia/accountant-all-genders-berlin-264279'}","{'title': 'Management Accountant', 'job_url': 'https://www.arbeitnow.com/jobs/companies/black-forest-labs/management-accountant-freiburg-758'}","{'title': '(Senior) Accountant/Buchhalter*in (all genders) in Berlin', 'job_url': 'https://www.arbeitnow.com/jobs/companies/homaris-service-gmbh/senior-accountant-buchhalterin-all-genders-in-berlin-455774'}","{'title': 'Accounts Receivable Accountant', 'job_url': 'https://www.arbeitnow.com/jobs/companies/trawa/accounts-receivable-accountant-berlin-328112'}","{'title': 'Senior Bilanzbuchhalter / Senior Accountant (all genders)', 'job_url': 'https://www.arbeitnow.com/jobs/companies/tink-gmbh/senior-bilanzbuchhalter-senior-accountant-all-genders-berlin-317159'}","{'title': 'Accountant (m/f/d)', 'job_url': 'https://www.arbeitnow.com/jobs/companies/yepoda/accountant-berlin-358100'}","{'title': 'GL-Accountant / Bilanzbuchhalter:in (gn)', 'job_url': 'https://www.arbeitnow.com/jobs/companies/intermate-media-gmbh/gl-accountant-bilanzbuchhalterin-gn-berlin-56098'}","{'title': 'Senior Accountant (m/w/d)', 'job_url': 'https://www.arbeitnow.com/jobs/companies/sohohouseco/senior-accountant-berlin-berlin-86188'}"
"{'title': 'Influencer Marketing & Partnerships Lead (all genders) - Yoshi en', 'job_url': 'https://www.arbeitnow.com/jobs/companies/sunday-natural/influencer-marketing-partnerships-lead-all-genders-yoshi-en-berlin-484874'}","{'title': 'B2B Partnerships & Influencer Marketing Manager', 'job_url': 'https://www.arbeitnow.com/jobs/companies/yazio/b2b-partnerships-influencer-marketing-manager-berlin-41621'}","{'title': 'Werkstudent - Partnerships & Influencer Operations (all genders)', 'job_url': 'https://www.arbeitnow.com/jobs/companies/hellofresh/werkstudent-partnerships-influencer-operations-all-genders-berlin-berlin-160330'}","{'title': '(Senior) Influencer Marketing Manager (all genders)', 'job_url': 'https://www.arbeitnow.com/jobs/companies/cheex/senior-influencer-marketing-manager-berlin-265382'}","{'title': 'Field Marketing & Partnerships Manager', 'job_url': 'https://www.arbeitnow.com/jobs/companies/cosuno/field-marketing-partnerships-manager-berlin-338375'}","{'title': 'Praktikum Influencer Marketing & Partnerships (m/w/d)', 'job_url': 'https://www.arbeitnow.com/jobs/companies/shapemate/praktikum-influencer-marketing-partnerships-cologne-433272'}","{'title': 'Strategic Supply Partnerships Lead (REMOTE)', 'job_url': 'https://www.arbeitnow.com/jobs/companies/replug/strategic-supply-partnerships-lead-remote-berlin-149503'}","{'title': 'Account Lead Influencer Marketing & Brand Strategy (m/w/d)', 'job_url': 'https://www.arbeitnow.com/jobs/companies/ykone-gmbh/account-lead-influencer-marketing-brand-strategy-munich-492454'}","{'title': 'Influencer Marketing Praktikum bei Fashion Brand (all genders)', 'job_url': 'https://www.arbeitnow.com/jobs/companies/saint-sass/influencer-marketing-praktikum-bei-fashion-brand-all-genders-berlin-355180'}"
"{'title': 'Packaging Designer (all genders)', 'job_url': 'https://www.arbeitnow.com/jobs/companies/sunday-natural/packaging-designer-all-genders-berlin-455560'}","{'title': 'Working Student – Graphic Design E-Commerce (all genders)', 'job_url': 'https://www.arbeitnow.com/jobs/companies/niboline-gmbh/working-student-graphic-design-e-commerce-all-genders-berlin-280030'}","{'title': 'Product Manager (all genders)', 'job_url': 'https://www.arbeitnow.com/jobs/companies/partscloud-gmbh/product-manager-all-genders-berlin-62958'}","{'title': 'Creative Art Director (m/w/d) - Brand, Packaging & Kampagnen', 'job_url': 'https://www.arbeitnow.com/jobs/companies/zeinpharma-germany-gmbh/creative-art-director-brand-packaging-kampagnen-russelsheim-301276'}","{'title': 'Grafik-Designer (w/m/d)', 'job_url': 'https://www.arbeitnow.com/jobs/companies/bachmaier-gmbh/grafik-designer-bischofswiesen-458795'}","{'title': 'Junior Graphic Designer for Packaging & Listing Images (Detail-Obsessed | Amazon/Ecommerce Focus) (Long-term Freelance)', 'job_url': 'https://www.arbeitnow.com/jobs/companies/skyve/junior-graphic-designer-for-packaging-listing-images-detail-obsessed-amazon-ecommerce-focus-long-term-freelance-berlin-1416'}","{'title': 'Senior High-Voltage Airborne Electronics Engineer – Power Distribution & Protection (all genders)', 'job_url': 'https://www.arbeitnow.com/jobs/companies/vaeridion/senior-high-voltage-airborne-electronics-engineer-power-distribution-protection-all-genders-munich-430473'}","{'title': 'Art Director (m/w/d) Brand, AI & Packaging', 'job_url': 'https://www.arbeitnow.com/jobs/companies/qstar-gmbh/art-director-brand-ai-packaging-hamburg-93536'}","{'title': 'Trainee PR / Corporate Communications (all genders)', 'job_url': 'https://www.arbeitnow.com/jobs/companies/publik-agentur-fur-kommunikation-gmbh/trainee-pr-corporate-communications-all-genders-mannheim-278222'}"
"{'title': '(Senior) AI/ML Engineer (all genders)', 'job_url': 'https://www.arbeitnow.com/jobs/companies/sunday-natural/senior-ai-ml-engineer-all-genders-berlin-13734'}","{'title': 'Applied ML Engineer', 'job_url': 'https://www.arbeitnow.com/jobs/companies/jobgether/applied-ml-engineer-germany-9103'}","{'title': 'AI/ML Engineer (m/f/d) Autonomous Systems', 'job_url': 'https://www.arbeitnow.com/jobs/companies/motor-ai/ai-ml-engineer-autonomous-systems-berlin-374054'}","{'title': 'Senior Software Engineer - mobile (All Genders)', 'job_url': 'https://www.arbeitnow.com/jobs/companies/prematch/senior-software-engineer-mobile-all-genders-cologne-244885'}","{'title': 'Senior Software Engineer - AI/ML', 'job_url': 'https://www.arbeitnow.com/jobs/companies/mitratech/senior-software-engineer-ai-ml-46144'}","{'title': 'Founding Engineer (all genders)', 'job_url': 'https://www.arbeitnow.com/jobs/companies/cargovibe/founding-engineer-all-genders-munster-173758'}","{'title': 'Senior ML Ops Engineer', 'job_url': 'https://www.arbeitnow.com/jobs/companies/kayak/senior-ml-ops-engineer-berlin-289031'}","{'title': 'Senior Software Engineer (all genders)', 'job_url': 'https://www.arbeitnow.com/jobs/companies/gropyus/senior-software-engineer-all-genders-berlin-berlin-372287'}","{'title': 'Senior Frontend Engineer (all genders)', 'job_url': 'https://www.arbeitnow.com/jobs/companies/distribusion-technologies/remote-senior-frontend-engineer-all-genders-berlin-421093'}"
"{'title': 'CMO Partner Manager - Contract Manufacturing (all genders)', 'job_url': 'https://www.arbeitnow.com/jobs/companies/sunday-natural/cmo-partner-manager-contract-manufacturing-all-genders-berlin-98826'}","{'title': 'Manufacturing Engineer', 'job_url': 'https://www.arbeitnow.com/jobs/companies/proxima-fusion-gmbh/manufacturing-engineer-munich-258804'}","{'title': 'Working Student Manufacturing Engineer (all genders)', 'job_url': 'https://www.arbeitnow.com/jobs/companies/vaeridion/working-student-manufacturing-engineer-all-genders-gauting-45036'}","{'title': 'Talent Acquisition Partner (all genders)', 'job_url': 'https://www.arbeitnow.com/jobs/companies/lio/talent-acquisition-partner-all-genders-munich-93077'}","{'title': 'Group Manufacturing Director - Manufacturing Operations', 'job_url': 'https://www.arbeitnow.com/jobs/companies/keller-executive-search/group-manufacturing-director-manufacturing-operations-wetzlar-478978'}","{'title': '(Senior) Manufacturing Engineer – High-Voltage Battery (all genders)', 'job_url': 'https://www.arbeitnow.com/jobs/companies/vaeridion/senior-manufacturing-engineer-high-voltage-battery-all-genders-gauting-380558'}","{'title': 'Manufacturing Systems Specialist PAS-X (all genders)', 'job_url': 'https://www.arbeitnow.com/jobs/companies/accenture/manufacturing-systems-specialist-pas-x-all-genders-frankfurt-am-main-117882'}","{'title': 'Senior Recruiter, Manufacturing', 'job_url': 'https://www.arbeitnow.com/jobs/companies/proxima-fusion-gmbh/senior-recruiter-manufacturing-munich-83217'}","{'title': 'Senior People Partner (all genders)', 'job_url': 'https://www.arbeitnow.com/jobs/companies/distribusion-technologies/senior-people-partner-all-genders-berlin-184793'}"
"{'title': 'AI Software Engineer, Imitation Learning (f/m/d)', 'job_url': 'https://www.arbeitnow.com/jobs/companies/tactiliarobotics/ai-software-engineer-imitation-learning-munich-320680'}","{'title': 'Working Student, Control and Learning for Humanoid Robots (m/f/d)', 'job_url': 'https://www.arbeitnow.com/jobs/companies/agilerobotsse/working-student-control-and-learning-for-humanoid-robots-munich-bavaria-4152'}","{'title': '(Senior) AI / Reinforcement Learning Engineer (m/f/d)', 'job_url': 'https://www.arbeitnow.com/jobs/companies/agilerobotsse/senior-ai-reinforcement-learning-engineer-munich-bavaria-154078'}","{'title': '(Senior) Machine Learning Engineer, Robot Learning (m/f/d)', 'job_url': 'https://www.arbeitnow.com/jobs/companies/batch-robotics-gmbh/senior-machine-learning-engineer-robot-learning-munich-424832'}","{'title': 'Data Analytics, Data Science & AI Weiterbildung mit IHK-Abschluss | 100 % Remote', 'job_url': 'https://www.arbeitnow.com/jobs/companies/datasmart-point-gmbh/data-analytics-data-science-ai-weiterbildung-mit-ihk-abschluss-100-remote-berlin-452130'}","{'title': 'Senior Robotic Learning Engineer (m/f/d)', 'job_url': 'https://www.arbeitnow.com/jobs/companies/agilerobotsse/senior-robotic-learning-engineer-munich-bavaria-440298'}","{'title': 'Machine Learning Engineer', 'job_url': 'https://www.arbeitnow.com/jobs/companies/wayve/machine-learning-engineer-116306'}","{'title': 'AI Architect / Machine Learning Engineer (m,f,d)', 'job_url': 'https://www.arbeitnow.com/jobs/companies/medirion/ai-architect-machine-learning-engineer-mfd-duisburg-366101'}","{'title': 'Senior Machine Learning Engineer, AI Platform', 'job_url': 'https://www.arbeitnow.com/jobs/companies/smartly/senior-machine-learning-engineer-ai-platform-berliini-189513'}"
"{'title': 'AI Software Engineer, Reinforcement Learning (f/m/d)', 'job_url': 'https://www.arbeitnow.com/jobs/companies/tactiliarobotics/ai-software-engineer-reinforcement-learning-munich-98678'}","{'title': '(Senior) AI / Reinforcement Learning Engineer (m/f/d)', 'job_url': 'https://www.arbeitnow.com/jobs/companies/agilerobotsse/senior-ai-reinforcement-learning-engineer-munich-bavaria-154078'}","{'title': 'Working Student, Control and Learning for Humanoid Robots (m/f/d)', 'job_url': 'https://www.arbeitnow.com/jobs/companies/agilerobotsse/working-student-control-and-learning-for-humanoid-robots-munich-bavaria-4152'}","{'title': 'Machine Learning Engineer', 'job_url': 'https://www.arbeitnow.com/jobs/companies/phantasma-labs/machine-learning-engineer-berlin-435827'}","{'title': '(Senior) Machine Learning Engineer, Robot Learning (m/f/d)', 'job_url': 'https://www.arbeitnow.com/jobs/companies/batch-robotics-gmbh/senior-machine-learning-engineer-robot-learning-munich-424832'}","{'title': 'Data Analytics, Data Science & AI Weiterbildung mit IHK-Abschluss | 100 % Remote', 'job_url': 'https://www.arbeitnow.com/jobs/companies/datasmart-point-gmbh/data-analytics-data-science-ai-weiterbildung-mit-ihk-abschluss-100-remote-berlin-452130'}","{'title': 'Senior Robotic Learning Engineer (m/f/d)', 'job_url': 'https://www.arbeitnow.com/jobs/companies/agilerobotsse/senior-robotic-learning-engineer-munich-bavaria-440298'}","{'title': 'Machine Learning Engineer (m/f/d)', 'job_url': 'https://www.arbeitnow.com/jobs/companies/focused/machine-learning-engineer-darmstadt-385114'}","{'title': 'Senior Software Engineer (m/f/d)', 'job_url': 'https://www.arbeitnow.com/jobs/companies/agilerobotsse/senior-software-engineer-munich-bavaria-9068'}"
"{'title': 'Software Engineer - Vehicle OS', 'job_url': 'https://www.arbeitnow.com/jobs/companies/applied/software-engineer-vehicle-os-stuttgart-317374'}","{'title': 'Senior Site Reliability Engineer, Vehicle SW', 'job_url': 'https://www.arbeitnow.com/jobs/companies/wayve/senior-site-reliability-engineer-vehicle-sw-294776'}","{'title': 'Software Engineer, Connected Vehicle Platform', 'job_url': 'https://www.arbeitnow.com/jobs/companies/rivianvwtech/software-engineer-connected-vehicle-platform-berlin-161510'}","{'title': 'Senior Vehicle Test Operator', 'job_url': 'https://www.arbeitnow.com/jobs/companies/vay/senior-vehicle-test-operator-berlin-401179'}","{'title': 'Software Engineer Linux OS (m/w/d)', 'job_url': 'https://www.arbeitnow.com/jobs/companies/smight-gmbh/software-engineer-linux-os-karlsruhe-73846'}","{'title': 'Senior Structures Design Engineer, Launch Vehicle Structures (m/f/d)', 'job_url': 'https://www.arbeitnow.com/jobs/companies/isaraerospace/senior-structures-design-engineer-launch-vehicle-structures-parsdorf-bavaria-38095'}","{'title': 'Manager - OTA Vehicle Engineering', 'job_url': 'https://www.arbeitnow.com/jobs/companies/rivianvwtech/manager-ota-vehicle-engineering-berlin-232132'}","{'title': 'AIT Operations Engineer - Launch Vehicle (m/f/d)', 'job_url': 'https://www.arbeitnow.com/jobs/companies/isaraerospace/ait-operations-engineer-launch-vehicle-ottobrunn-bavaria-125764'}","{'title': 'Senior Control Systems Engineer – Vehicle Dynamics & Abstraction (m/f/d)', 'job_url': 'https://www.arbeitnow.com/jobs/companies/quantum-systems-gmbh/senior-control-systems-engineer-vehicle-dynamics-abstraction-munchen-70770'}"
"{'title': 'Finance M&A – Berufseinstieg / Intern (m/w/d)', 'job_url': 'https://www.arbeitnow.com/jobs/companies/vogel/finance-ma-berufseinstieg-intern-munchen-77837'}","{'title': 'Finance Intern', 'job_url': 'https://www.arbeitnow.com/jobs/companies/lyceum/finance-intern-berlin-225930'}","{'title': 'Praktikum / Praktikant - Corporate Finance / M&A', 'job_url': 'https://www.arbeitnow.com/jobs/companies/corporate-finance-mittelstandsberatung-gmbh-cf-mb/praktikum-praktikant-corporate-finance-ma-dusseldorf-113915'}","{'title': 'Founders Associate Intern Finance (w,m,x)', 'job_url': 'https://www.arbeitnow.com/jobs/companies/nelly-solutions/founders-associate-intern-finance-wmx-berlin-337341'}","{'title': 'Finance & Operations Intern', 'job_url': 'https://www.arbeitnow.com/jobs/companies/consultport/finance-operations-intern-berlin-369102'}","{'title': 'Finance & AI Automation Intern (Remote Full-time)', 'job_url': 'https://www.arbeitnow.com/jobs/companies/soda-data-nv/finance-ai-automation-intern-remote-full-time-germany-308319'}","{'title': 'Finance & AI Automation Intern (Remote Part-time)', 'job_url': 'https://www.arbeitnow.com/jobs/companies/soda-data-nv/finance-ai-automation-intern-remote-part-time-germany-30155'}","{'title': 'Finance and Accounting Intern', 'job_url': 'https://www.arbeitnow.com/jobs/companies/andercore/finance-and-accounting-intern-berlin-179712'}","{'title': 'Growth Intern (f/m/d) - Mandatory 6 Months Unpaid Internship', 'job_url': 'https://www.arbeitnow.com/jobs/companies/quid/growth-intern-mandatory-6-months-unpaid-internship-berlin-227219'}"
"{'title': 'Strategy & Operations – Berufseinstieg / Intern (m/w/d)', 'job_url': 'https://www.arbeitnow.com/jobs/companies/vogel/strategy-operations-berufseinstieg-intern-munchen-37355'}","{'title': 'Internship - Strategy & BizOps', 'job_url': 'https://www.arbeitnow.com/jobs/companies/telli/internship-strategy-bizops-berlin-76558'}","{'title': 'Strategy & Operations, Germany', 'job_url': 'https://www.arbeitnow.com/jobs/companies/openai/strategy-operations-germany-munich-432824'}","{'title': 'Strategy & Operations Intern (m/w/d)', 'job_url': 'https://www.arbeitnow.com/jobs/companies/myscribe-gmbh/strategy-operations-intern-mannheim-190692'}","{'title': 'Operations Manager Intern', 'job_url': 'https://www.arbeitnow.com/jobs/companies/axess-intelligence-gmbh/operations-manager-intern-cologne-71284'}","{'title': 'Finance & Operations Intern', 'job_url': 'https://www.arbeitnow.com/jobs/companies/consultport/finance-operations-intern-berlin-369102'}","{'title': 'Operations Intern - Renewable Supply', 'job_url': 'https://www.arbeitnow.com/jobs/companies/trawa/operations-intern-renewable-supply-berlin-139262'}","{'title': 'Strategy & Operations Manager - Partnerships', 'job_url': 'https://www.arbeitnow.com/jobs/companies/n8n/strategy-operations-manager-partnerships-berlin-102428'}","{'title': 'Strategy & Operations Manager - Robotics', 'job_url': 'https://www.arbeitnow.com/jobs/companies/roboservice-gmbh/strategy-operations-manager-robotics-berlin-386777'}"
"{'title': 'Growth & Acquisitions – Berufseinstieg / Intern (m/w/d)', 'job_url': 'https://www.arbeitnow.com/jobs/companies/vogel/growth-acquisitions-berufseinstieg-intern-munchen-334247'}","{'title': 'Real Estate Acquisitions - Off-cycle Internship', 'job_url': 'https://www.arbeitnow.com/jobs/companies/home-co-management-gmbh/real-estate-acquisitions-off-cycle-internship-frankfurt-am-main-314417'}","{'title': 'Growth Engineer (Intern)', 'job_url': 'https://www.arbeitnow.com/jobs/companies/emidat-gmbh/growth-engineer-intern-munich-478115'}","{'title': 'Growth Intern (f/m/d) - Mandatory 6 Months Unpaid Internship', 'job_url': 'https://www.arbeitnow.com/jobs/companies/quid/growth-intern-mandatory-6-months-unpaid-internship-berlin-227219'}","{'title': 'Growth Intern (m/w/d)', 'job_url': 'https://www.arbeitnow.com/jobs/companies/dsb-deutsche-sanierungsberatung-gmbh/growth-intern-berlin-117541'}","{'title': 'Analyst/Associate Real Estate Acquisitions', 'job_url': 'https://www.arbeitnow.com/jobs/companies/home-co-management-gmbh/analyst-associate-real-estate-acquisitions-frankfurt-am-main-23372'}","{'title': 'Growth Marketing Intern / Working Student (d/f/m)', 'job_url': 'https://www.arbeitnow.com/jobs/companies/onetutor/growth-marketing-intern-munich-426405'}","{'title': 'Praktikum Marketing & Growth (m/w/d)', 'job_url': 'https://www.arbeitnow.com/jobs/companies/kluuu/praktikum-marketing-growth-cologne-302410'}","{'title': 'Growth & Operations Intern (m/f/d)', 'job_url': 'https://www.arbeitnow.com/jobs/companies/phlair/growth-operations-intern-munchen-156715'}"
"{'title': 'Founders Associate – Berufseinstieg / Intern (m/w/d)', 'job_url': 'https://www.arbeitnow.com/jobs/companies/vogel/founders-associate-berufseinstieg-intern-munchen-495362'}","{'title': 'Founders Associate Intern', 'job_url': 'https://www.arbeitnow.com/jobs/companies/logistica-os/founders-associate-intern-munich-367785'}","{'title': 'Founders Associate (Intern)', 'job_url': 'https://www.arbeitnow.com/jobs/companies/zauber-technology-gmbh/founders-associate-intern-berlin-45681'}","{'title': 'Technical Founders Associate (Intern)', 'job_url': 'https://www.arbeitnow.com/jobs/companies/lyceum/technical-founders-associate-intern-berlin-271662'}","{'title': 'Founders Associate Internship (m/w/d)', 'job_url': 'https://www.arbeitnow.com/jobs/companies/limitd-by-wunderproducts-gmbh/founders-associate-internship-berlin-322050'}","{'title': 'Founders Associate Intern (m/f/d)', 'job_url': 'https://www.arbeitnow.com/jobs/companies/stackgini-gmbh/founders-associate-intern-berlin-26029'}","{'title': 'Founders Associate - Intern', 'job_url': 'https://www.arbeitnow.com/jobs/companies/fixfirst/founders-associate-intern-berlin-218230'}","{'title': 'Founders Associate Intern (m/w/d) - Startup', 'job_url': 'https://www.arbeitnow.com/jobs/companies/taxforce/founders-associate-intern-startup-berlin-26206'}","{'title': 'Founders Associate Intern: AI Product Consultant (m/w/d)', 'job_url': 'https://www.arbeitnow.com/jobs/companies/qado-gmbh/founders-associate-intern-ai-product-consultant-munich-488371'}"
"{'title': 'Cloud Infrastructure Lead (m/w/d)', 'job_url': 'https://www.arbeitnow.com/jobs/companies/vogel/cloud-infrastructure-lead-munchen-39684'}","{'title': 'Cloud Infrastructure Business Unit Lead (m/w/d)', 'job_url': 'https://www.arbeitnow.com/jobs/companies/evoila-frankfurt-gmbh/business-unit-lead-cloud-infrastructure-mainz-225349'}","{'title': 'Software Engineer - Cloud Infrastructure', 'job_url': 'https://www.arbeitnow.com/jobs/companies/applied/software-engineer-cloud-infrastructure-munchen-477309'}","{'title': 'Lead / Principal AI Infrastructure Architect', 'job_url': 'https://www.arbeitnow.com/jobs/companies/belmont-lavan-ltd/lead-principal-ai-infrastructure-architect-stuttgart-139849'}","{'title': 'IT Infrastructure Architect – Cloud Focus  (m/w/d)', 'job_url': 'https://www.arbeitnow.com/jobs/companies/shopware-ag/remote-it-infrastructure-architect-cloud-focus-berlin-96356'}","{'title': 'Lead Engineer (m/f/d) Data Infrastructure', 'job_url': 'https://www.arbeitnow.com/jobs/companies/motor-ai/lead-engineer-data-infrastructure-berlin-249418'}","{'title': 'Data Engineering Lead, Agentic Infrastructure', 'job_url': 'https://www.arbeitnow.com/jobs/companies/vivenu/remote-data-engineering-lead-agentic-infrastructure-320633'}","{'title': 'Senior Cloud Infrastructure Engineer / OpenStack Engineer (m/w/d)', 'job_url': 'https://www.arbeitnow.com/jobs/companies/nxt-hero-gmbh/senior-cloud-infrastructure-engineer-openstack-engineer-leipzig-70791'}","{'title': 'CLOUD ENGINEER (f/m/d)', 'job_url': 'https://www.arbeitnow.com/jobs/companies/omnisent/cloud-engineer-munich-138962'}"
"{'title': 'Manager Digitalisierungs- und Prozessberatung (m/w/d)', 'job_url': 'https://www.arbeitnow.com/jobs/companies/vogel/manager-digitalisierungs-und-prozessberatung-aalen-396807'}","{'title': 'Data Analytics, Data Science & AI Weiterbildung mit IHK-Abschluss | 100 % Remote', 'job_url': 'https://www.arbeitnow.com/jobs/companies/datasmart-point-gmbh/data-analytics-data-science-ai-weiterbildung-mit-ihk-abschluss-100-remote-berlin-452130'}","{'title': 'Kundenservice Mobilfunk Inbound - Freelancer - EU, außerhalb Deutschland - 100% Remote', 'job_url': 'https://www.arbeitnow.com/jobs/companies/hey-contact-heroes-gmbh/kundenservice-mobilfunk-inbound-freelancer-eu-ausserhalb-deutschland-100-remote-berlin-146674'}","{'title': 'Consultant- und Sales-Manager M365 (m/w/d)', 'job_url': 'https://www.arbeitnow.com/jobs/companies/gecko-mbh/consultant-und-sales-manager-m365-rostock-405897'}","{'title': 'Fachassistent (m/w/d) für Digitalisierung und IT - Prozesse', 'job_url': 'https://www.arbeitnow.com/jobs/companies/personalberatung-susan-lange/fachassistent-fur-digitalisierung-und-it-prozesse-rostock-228264'}","{'title': 'SEO und GEO Manager', 'job_url': 'https://www.arbeitnow.com/jobs/companies/lorenz-fuchs-gbr/seo-und-geo-manager-kiel-495376'}","{'title': 'Senior Project Manager - AI & Automation (m/w/d)', 'job_url': 'https://www.arbeitnow.com/jobs/companies/relyon-ag/senior-project-manager-ai-automation-tubingen-100203'}","{'title': 'Power Platform Developer (m/w/d) Automatisierung und KI', 'job_url': 'https://www.arbeitnow.com/jobs/companies/hubside-die-recruitingwerkstatt/power-platform-developer-automatisierung-und-ki-dachau-434025'}","{'title': 'FAIT Fachassistent Digitalisierung und IT-Prozesse (w/m/d)', 'job_url': 'https://www.arbeitnow.com/jobs/companies/zeilhofer-steuerberater-rechtsanwalt-egbr/fait-fachassistent-digitalisierung-und-it-prozesse-regensburg-354977'}"
"{'title': 'M&A Lead (m/w/d)', 'job_url': 'https://www.arbeitnow.com/jobs/companies/vogel/ma-lead-munchen-73039'}","{'title': 'Lead Product Engineer (a)', 'job_url': 'https://www.arbeitnow.com/jobs/companies/meondi/lead-product-engineer-a-stuttgart-354485'}","{'title': 'Marketing Lead', 'job_url': 'https://www.arbeitnow.com/jobs/companies/workerbase/marketing-lead-munich-308548'}","{'title': 'Lead Communications Architect', 'job_url': 'https://www.arbeitnow.com/jobs/companies/cesiumastro/lead-communications-architect-munich-germany-56043'}","{'title': 'Lead Solutions Architect', 'job_url': 'https://www.arbeitnow.com/jobs/companies/databricks/lead-solutions-architect-munich-297257'}","{'title': 'GTM & Partnerships Lead (m/w/d)', 'job_url': 'https://www.arbeitnow.com/jobs/companies/scaile-technologies-gmbh/gtm-partnerships-lead-munich-312688'}","{'title': 'Alpha Plant Systems Lead', 'job_url': 'https://www.arbeitnow.com/jobs/companies/proxima-fusion-gmbh/alpha-plant-systems-lead-munich-349194'}","{'title': 'Safety Engineering Lead (f/m/d)', 'job_url': 'https://www.arbeitnow.com/jobs/companies/futurail/safety-engineering-lead-munich-95073'}","{'title': 'Team Lead AI Engineering (f/m/d)', 'job_url': 'https://www.arbeitnow.com/jobs/companies/vestigas/team-lead-ai-engineering-munchen-hybrid-41987'}"
"{'title': 'Tech Lead / CTO (m/w/d)', 'job_url': 'https://www.arbeitnow.com/jobs/companies/vogel/tech-lead-cto-munchen-154156'}","{'title': 'Tech Lead (w/m/d) für GETAWAY', 'job_url': 'https://www.arbeitnow.com/jobs/companies/future-energy-ventures/tech-lead-fur-getaway-berlin-184762'}","{'title': 'Tech Lead (m/f/d)', 'job_url': 'https://www.arbeitnow.com/jobs/companies/superchat/tech-lead-berlin-berlin-420831'}","{'title': 'Tech Lead (m/w/d) Mobility Startup Berlin', 'job_url': 'https://www.arbeitnow.com/jobs/companies/getaway/tech-lead-mobility-startup-berlin-262820'}","{'title': 'Product Engineering Tech Lead', 'job_url': 'https://www.arbeitnow.com/jobs/companies/deepsetai/product-engineering-tech-lead-berlin-59245'}","{'title': 'Tech Lead (f/d/m)', 'job_url': 'https://www.arbeitnow.com/jobs/companies/ceezer/tech-lead-berlin-165494'}","{'title': 'Tech Lead (f/d/m)', 'job_url': 'https://www.arbeitnow.com/jobs/companies/ceezer/tech-lead-berlin-9778'}","{'title': 'Tech Lead (all Genders)', 'job_url': 'https://www.arbeitnow.com/jobs/companies/zabas-factory-portugal-unipessoalcom/tech-lead-all-genders-munich-232850'}","{'title': 'Tech Lead (Agent Frontend) (m/w/d)', 'job_url': 'https://www.arbeitnow.com/jobs/companies/recare-deutschland-gmbh/remote-tech-lead-agent-frontend-berlin-343544'}"
"{'title': 'HR Intern', 'job_url': 'https://www.arbeitnow.com/jobs/companies/3e/hr-intern-markdorf-410129'}","{'title': 'GTM Internship', 'job_url': 'https://www.arbeitnow.com/jobs/companies/peec-ai/gtm-internship-berlin-331254'}","{'title': 'Senior Global HR Business Partner (m/f/d)', 'job_url': 'https://www.arbeitnow.com/jobs/companies/sgb-smit-group/senior-global-hr-business-partner-regensburg-212494'}","{'title': 'Internship', 'job_url': 'https://www.arbeitnow.com/jobs/companies/nomos/internship-berlin-434979'}","{'title': 'Paid Erasmus+ HR & People Experience Internship', 'job_url': 'https://www.arbeitnow.com/jobs/companies/e-farm/paid-erasmus-hr-people-experience-internship-hamburg-462271'}","{'title': 'Internship - Strategy & BizOps', 'job_url': 'https://www.arbeitnow.com/jobs/companies/telli/internship-strategy-bizops-berlin-76558'}","{'title': ""Internship - Founders' Office"", 'job_url': 'https://www.arbeitnow.com/jobs/companies/telli/internship-founders-office-berlin-204572'}","{'title': 'Internship - Success Architect', 'job_url': 'https://www.arbeitnow.com/jobs/companies/telli/internship-success-architect-berlin-344942'}","{'title': 'Internship - Deployment Strategist', 'job_url': 'https://www.arbeitnow.com/jobs/companies/telli/internship-deployment-strategist-berlin-108929'}"
"{'title': 'Praktikant Graphic Design & Video (m/w/d)', 'job_url': 'https://www.arbeitnow.com/jobs/companies/linis-bites/praktikant-graphic-design-video-munich-151369'}","{'title': 'Werkstudent:in (M/W/D) Graphic Design', 'job_url': 'https://www.arbeitnow.com/jobs/companies/hello-people-gmbh/werkstudentin-graphic-design-hamburg-427420'}","{'title': 'Graphic Designer (m/f/d)', 'job_url': 'https://www.arbeitnow.com/jobs/companies/yfood-labs-gmbh/graphic-designer-munich-9918'}","{'title': 'Praktikum Creative Graphic Design in Fußballmarketingagentur', 'job_url': 'https://www.arbeitnow.com/jobs/companies/11/praktikum-creative-graphic-design-in-fussballmarketingagentur-hamburg-351864'}","{'title': 'Working Student – Graphic Design E-Commerce (all genders)', 'job_url': 'https://www.arbeitnow.com/jobs/companies/niboline-gmbh/working-student-graphic-design-e-commerce-all-genders-berlin-280030'}","{'title': 'Werkstudent (m/w/d) - Graphic & Social Media Design', 'job_url': 'https://www.arbeitnow.com/jobs/companies/gocomo-gmbh/werkstudent-graphic-social-media-design-berlin-123693'}","{'title': 'Werkstudent / Praktikant Grafik Design (m/w/d)', 'job_url': 'https://www.arbeitnow.com/jobs/companies/myhappymomentsde/werkstudent-praktikant-grafik-design-berlin-164901'}","{'title': 'Corporate Graphic Designer (m/w/d)', 'job_url': 'https://www.arbeitnow.com/jobs/companies/6pm-gmbh/corporate-graphic-designer-frankfurt-am-main-210578'}","{'title': 'Marketing Werkstudent / Praktikant (m/w/d)', 'job_url': 'https://www.arbeitnow.com/jobs/companies/truphysics-gmbh/marketing-werkstudent-praktikant-stuttgart-460518'}"
"{'title': 'Co-Founder & Geschäftsführer B2B (m/w/d)', 'job_url': 'https://www.arbeitnow.com/jobs/companies/improvr/co-founder-geschaftsfuhrer-b2b-munich-59217'}","{'title': 'B2B Startup Founder', 'job_url': 'https://www.arbeitnow.com/jobs/companies/startup-wise-guys/b2b-startup-founder-berlin-42025'}","{'title': 'Geschäftsführer (m/w/d)', 'job_url': 'https://www.arbeitnow.com/jobs/companies/kernenergie-gmbh/geschaftsfuhrer-grosswallstadt-281357'}","{'title': 'Entrepreneur in Residence für work2stay (m/w/d) | B2B SaaS · 100 % remote · bis zur Finanzierung ohne Gehalt · 25 % Beteiligung nach Funding-Milestone', 'job_url': 'https://www.arbeitnow.com/jobs/companies/flyacts-gmbh/entrepreneur-in-residence-fur-work2stay-b2b-saas-100-remote-bis-zur-finanzierung-ohne-gehalt-25-beteiligung-nach-funding-milestone-63060'}","{'title': 'CEO New Venture / Geschäftsführer (m/w/d), KI-Umsetzung für den Mittelstand', 'job_url': 'https://www.arbeitnow.com/jobs/companies/vontai/ceo-new-venture-geschaftsfuhrer-ki-umsetzung-fur-den-mittelstand-wildau-360204'}","{'title': 'Founding CEO für work2stay (m/w/d) | B2B SaaS · 100 % remote · bis zur Finanzierung ohne Gehalt · 25 % Beteiligung nach Funding-Milestone', 'job_url': 'https://www.arbeitnow.com/jobs/companies/flyacts-gmbh/founding-ceo-fur-work2stay-b2b-saas-100-remote-bis-zur-finanzierung-ohne-gehalt-25-beteiligung-nach-funding-milestone-jena-447145'}","{'title': 'COO - GeschäftsführerIn mit Operations & Scaling Verantwortung', 'job_url': 'https://www.arbeitnow.com/jobs/companies/green-shirts/coo-geschaftsfuhrerin-mit-operations-scaling-verantwortung-munich-114712'}","{'title': 'B2B Marketing Manager, DACH', 'job_url': 'https://www.arbeitnow.com/jobs/companies/openai/b2b-marketing-manager-dach-munich-159839'}","{'title': '(Senior) Marketing Manager B2B (m/w/d)', 'job_url': 'https://www.arbeitnow.com/jobs/companies/encosa-energy-gmbh/senior-marketing-manager-b2b-munich-380858'}"
"{'title': 'Consultant- und Sales-Manager M365 (m/w/d)', 'job_url': 'https://www.arbeitnow.com/jobs/companies/gecko-mbh/consultant-und-sales-manager-m365-rostock-405897'}","{'title': 'Data Analytics, Data Science & AI Weiterbildung mit IHK-Abschluss | 100 % Remote', 'job_url': 'https://www.arbeitnow.com/jobs/companies/datasmart-point-gmbh/data-analytics-data-science-ai-weiterbildung-mit-ihk-abschluss-100-remote-berlin-452130'}","{'title': 'Kundenservice Mobilfunk Inbound - Freelancer - EU, außerhalb Deutschland - 100% Remote', 'job_url': 'https://www.arbeitnow.com/jobs/companies/hey-contact-heroes-gmbh/kundenservice-mobilfunk-inbound-freelancer-eu-ausserhalb-deutschland-100-remote-berlin-146674'}","{'title': 'Modern Workplace Consultant M365 (m/w/d)', 'job_url': 'https://www.arbeitnow.com/jobs/companies/merkl-it-gmbh/modern-workplace-consultant-m365-munich-438775'}","{'title': 'IT M365 Spezialist (m/w/d)', 'job_url': 'https://www.arbeitnow.com/jobs/companies/hubside-die-recruitingwerkstatt/it-m365-spezialist-munich-438323'}","{'title': 'IT Consultant (m/w/d) für Microsoft 365 - Frankfurt a.M. (Hybrid)', 'job_url': 'https://www.arbeitnow.com/jobs/companies/evoila-frankfurt-gmbh/consultant-microsoft-365-frankfurt-am-hybrid-frankfurt-am-main-195489'}","{'title': 'Senior M365 Administrator / Solution Architect (m/w/d) - 1444', 'job_url': 'https://www.arbeitnow.com/jobs/companies/itconfigall-gmbh/senior-m365-administrator-solution-architect-1444-leipzig-95726'}","{'title': '(Senior) Consultant ECM/DMS (m/w/d)', 'job_url': 'https://www.arbeitnow.com/jobs/companies/amexus-informationstechnik-gmbh-co-kg/senior-consultant-ecm-dms-munster-491823'}","{'title': '(Senior) Cloud Engineer (m/w/d) M365 & Azure', 'job_url': 'https://www.arbeitnow.com/jobs/companies/sbit-ag/senior-cloud-engineer-m365-azure-frankfurt-am-main-240620'}"
"{'title': 'Senior CRM Manager (m/w/d)', 'job_url': 'https://www.arbeitnow.com/jobs/companies/viviendo-gmbh/senior-crm-manager-biberach-55464'}","{'title': 'Senior CRM Manager Data & Automation (m/w/d)', 'job_url': 'https://www.arbeitnow.com/jobs/companies/lyto-brands-group-gmbh/senior-crm-manager-data-automation-dusseldorf-205885'}","{'title': '(Junior) CRM Manager (m/w/d)', 'job_url': 'https://www.arbeitnow.com/jobs/companies/yfood-labs-gmbh/junior-crm-manager-munich-118360'}","{'title': 'Senior CRM / Lifecycle Manager (m/w/d)', 'job_url': 'https://www.arbeitnow.com/jobs/companies/next-lotto-gmbh/senior-crm-lifecycle-manager-konstanz-262328'}","{'title': 'CRM & Subscription Manager*in (m/w/d)', 'job_url': 'https://www.arbeitnow.com/jobs/companies/hunderunde/crm-subscription-managerin-cologne-405658'}","{'title': 'CRM-Account-Manager', 'job_url': 'https://www.arbeitnow.com/jobs/companies/onlinegen-gmbh/crm-account-manager-teningen-99113'}","{'title': 'E-Mail Marketing / CRM Manager (m/w/d)', 'job_url': 'https://www.arbeitnow.com/jobs/companies/ogaenics/e-mail-marketing-crm-manager-hamburg-336823'}","{'title': 'Werkstudent E-Mail Marketing / CRM Manager (m/w/d)', 'job_url': 'https://www.arbeitnow.com/jobs/companies/ft-fitness-technology-gmbh/werkstudent-e-mail-marketing-crm-manager-munich-199593'}","{'title': 'Senior CRM Consultant HubSpot (m/w/d)', 'job_url': 'https://www.arbeitnow.com/jobs/companies/adloca-gmbh/senior-crm-consultant-hubspot-munich-63773'}"
"{'title': 'Starlink-Installateur:in (mind. 100€ / Einsatz)', 'job_url': 'https://www.arbeitnow.com/jobs/companies/helferline-gmbh/starlink-installateurin-mind-100eur-einsatz-saarbrucken-363526'}",,,,,,,,
"{'title': 'Starlink-Installateur:in (mind. 100€ / Einsatz)', 'job_url': 'https://www.arbeitnow.com/jobs/companies/helferline-gmbh/starlink-installateurin-mind-100eur-einsatz-munich-97451'}",,,,,,,,
"{'title': 'Starlink-Installateur:in (mind. 100€ / Einsatz)', 'job_url': 'https://www.arbeitnow.com/jobs/companies/helferline-gmbh/starlink-installateurin-mind-100eur-einsatz-hamburg-420194'}",,,,,,,,
"{'title': 'Support Engineer Firewall & Netzwerk (m/w/d)', 'job_url': 'https://www.arbeitnow.com/jobs/companies/medialine-eurotrade-ag/support-engineer-firewall-netzwerk-heidelberg-352891'}","{'title': 'Systemadministrator (m/w/d) mit Schwerpunkt Netzwerk & Security', 'job_url': 'https://www.arbeitnow.com/jobs/companies/pci-experts-ek/systemadministrator-mit-schwerpunkt-netzwerk-security-sindelfingen-138182'}","{'title': 'Netzwerk-Administrator/in', 'job_url': 'https://www.arbeitnow.com/jobs/companies/plutex-gmbh/netzwerk-administrator-in-bremen-138789'}","{'title': 'Netzwerk- / IT-Administration', 'job_url': 'https://www.arbeitnow.com/jobs/companies/projektron-gmbh/netzwerk-it-administration-berlin-325039'}","{'title': 'Administrator für Netzwerke und Firewall-Systeme (m/w/d)', 'job_url': 'https://www.arbeitnow.com/jobs/companies/hubside-die-recruitingwerkstatt/administrator-fur-netzwerke-und-firewall-systeme-munich-431531'}","{'title': 'Kundenservice Mobilfunk Inbound - Freelancer - EU, außerhalb Deutschland - 100% Remote', 'job_url': 'https://www.arbeitnow.com/jobs/companies/hey-contact-heroes-gmbh/kundenservice-mobilfunk-inbound-freelancer-eu-ausserhalb-deutschland-100-remote-berlin-146674'}","{'title': 'Network Security Engineer (m/w/d)', 'job_url': 'https://www.arbeitnow.com/jobs/companies/ccure-geschaftsbereich-der-megamaris-gmbh/network-security-engineer-reutlingen-24095'}","{'title': 'Systems Engineer (w/m/d) Network & Security', 'job_url': 'https://www.arbeitnow.com/jobs/companies/avendis-gmbh/systems-engineer-network-security-mannheim-194127'}","{'title': '2nd Level Supporter / IT-Systemadministrator (m/w/d)', 'job_url': 'https://www.arbeitnow.com/jobs/companies/yournetwork-michael-marzahn/2nd-level-supporter-it-systemadministrator-hamburg-437999'}"
"{'title': 'Product Designer (m/f/x)', 'job_url': 'https://www.arbeitnow.com/jobs/companies/up42-gmbh/product-designer-berlin-173393'}","{'title': 'Principal Product & Brand Designer (m/f/x)', 'job_url': 'https://www.arbeitnow.com/jobs/companies/cortea-ai/principal-product-brand-designer-berlin-149851'}","{'title': 'UX/UI Designer | Intch', 'job_url': 'https://www.arbeitnow.com/jobs/companies/hirehire/remote-ux-ui-designer-intch-383599'}","{'title': 'Product Designer | SimpleStudy', 'job_url': 'https://www.arbeitnow.com/jobs/companies/hirehire/remote-product-designer-simplestudy-388362'}","{'title': 'Senior Product Manager (f/m/x)', 'job_url': 'https://www.arbeitnow.com/jobs/companies/alago/senior-product-manager-munich-365431'}","{'title': 'Senior Product Designer - Sell Online', 'job_url': 'https://www.arbeitnow.com/jobs/companies/sumup/senior-product-designer-sell-online-berlin-335796'}","{'title': 'Senior Product Designer (German-speaking) Remote', 'job_url': 'https://www.arbeitnow.com/jobs/companies/finom/senior-product-designer-german-speaking-remote-berlin-272268'}","{'title': 'Senior UX/UI Designer / Product Designer (m/w/d) E-Commerce in Hannover (Hybrid)', 'job_url': 'https://www.arbeitnow.com/jobs/companies/all4golf-golfversand-hannover-gmbh/senior-ux-ui-designer-product-designer-e-commerce-in-hannover-hybrid-hanover-235181'}","{'title': 'Senior Product Designer', 'job_url': 'https://www.arbeitnow.com/jobs/companies/taktile/senior-product-designer-berlin-232186'}"
"{'title': 'Senior SAP IS-U & FI/CO ABAP Application Developer (m/w/d)', 'job_url': 'https://www.arbeitnow.com/jobs/companies/natuvion-gmbh/remote-senior-sap-is-u-fi-co-abap-application-developer-berlin-496821'}","{'title': 'SAP ABAP Developer', 'job_url': 'https://www.arbeitnow.com/jobs/companies/pertemps-erp/sap-abap-developer-stuttgart-62337'}","{'title': 'SAP ABAP Developer', 'job_url': 'https://www.arbeitnow.com/jobs/companies/pertemps-erp/sap-abap-developer-stuttgart-36711'}","{'title': 'SAP ABAP Entwickler (m/w/d)', 'job_url': 'https://www.arbeitnow.com/jobs/companies/volentum-deutschland-gmbh/sap-abap-entwickler-nordlingen-254722'}","{'title': 'SAP Senior ABAP Entwickler', 'job_url': 'https://www.arbeitnow.com/jobs/companies/pertemps-erp/sap-senior-abap-entwickler-munich-110649'}","{'title': 'SAP ABAP-Entwickler:in', 'job_url': 'https://www.arbeitnow.com/jobs/companies/pertemps-erp/sap-abap-entwicklerin-mannheim-430123'}","{'title': 'SAP ABAP Entwickler', 'job_url': 'https://www.arbeitnow.com/jobs/companies/pertemps-erp/sap-abap-entwickler-munich-7122'}","{'title': 'Senior SAP ABAP Entwickler (m/w/d)', 'job_url': 'https://www.arbeitnow.com/jobs/companies/msa-fleet-consulting-msa-software-solutions-ug/senior-sap-abap-entwickler-bruckmuhl-459992'}","{'title': 'SAP ABAP Developer / Entwickler (m/w/d)', 'job_url': 'https://www.arbeitnow.com/jobs/companies/js-soft-ag/sap-abap-developer-entwickler-heidelberg-357838'}"
"{'title': 'Senior Account Executive Public Sector (m/w/d)', 'job_url': 'https://www.arbeitnow.com/jobs/companies/natuvion-gmbh/remote-senior-account-executive-public-sector-berlin-73324'}","{'title': 'Senior Sales Engineer, Public Sector - Germany', 'job_url': 'https://www.arbeitnow.com/jobs/companies/zscaler/senior-sales-engineer-public-sector-germany-66235'}","{'title': 'Account Executive, Public Sector', 'job_url': 'https://www.arbeitnow.com/jobs/companies/avepoint/account-executive-public-sector-munich-379863'}","{'title': 'Senior Account Executive, Public Sector Germany', 'job_url': 'https://www.arbeitnow.com/jobs/companies/dataiku/remote-senior-account-executive-public-sector-germany-490816'}","{'title': 'Enterprise Account Executive, Public Sector, DACH', 'job_url': 'https://www.arbeitnow.com/jobs/companies/anthropic/enterprise-account-executive-public-sector-dach-munich-121504'}","{'title': 'Enterprise Account Executive Public Sector - Länder, Kommunen & öffentliche Betriebe', 'job_url': 'https://www.arbeitnow.com/jobs/companies/deepl/enterprise-account-executive-public-sector-lander-kommunen-offentliche-betriebe-munich-38440'}","{'title': 'Account Executive (m/w/d) - Public Sector', 'job_url': 'https://www.arbeitnow.com/jobs/companies/ewerk-group/account-executive-public-sector-leipzig-472760'}","{'title': 'Consultant Public Sector (all genders)', 'job_url': 'https://www.arbeitnow.com/jobs/companies/init-ag/consultant-public-sector-all-genders-berlin-214935'}","{'title': 'Consultant Public Sector (all genders)', 'job_url': 'https://www.arbeitnow.com/jobs/companies/init-ag/consultant-public-sector-all-genders-koln-308530'}"
"{'title': 'Project Associate - Climate Analytics (PSA-3)', 'job_url': 'https://www.arbeitnow.com/jobs/companies/united-nations-university/project-associate-climate-analytics-psa-3-bonn-261158'}","{'title': 'Data Analytics, Data Science & AI Weiterbildung mit IHK-Abschluss | 100 % Remote', 'job_url': 'https://www.arbeitnow.com/jobs/companies/datasmart-point-gmbh/data-analytics-data-science-ai-weiterbildung-mit-ihk-abschluss-100-remote-berlin-452130'}","{'title': 'Co-Founder Energy/Climate Space', 'job_url': 'https://www.arbeitnow.com/jobs/companies/38capital/co-founder-energy-climate-space-munich-49892'}","{'title': 'Climate Asset Development Lead (f/d/m)', 'job_url': 'https://www.arbeitnow.com/jobs/companies/ceezer/climate-asset-development-lead-berlin-184967'}","{'title': 'Account Executive | Climate Tech startup', 'job_url': 'https://www.arbeitnow.com/jobs/companies/carbmee/account-executive-climate-tech-startup-munich-429445'}","{'title': 'Working Student Analytics Engineering (f/m/x)', 'job_url': 'https://www.arbeitnow.com/jobs/companies/thermondo/working-student-analytics-engineering-berlin-zentrale-133129'}","{'title': 'Partnerships and Fundraising Officer', 'job_url': 'https://www.arbeitnow.com/jobs/companies/inco-group/partnerships-and-fundraising-officer-berlin-132936'}","{'title': 'Lead - Global Partnerships and Fundraising', 'job_url': 'https://www.arbeitnow.com/jobs/companies/inco-group/lead-global-partnerships-and-fundraising-berlin-300751'}","{'title': 'Senior Analytics Engineer - Growth (m/f/d)', 'job_url': 'https://www.arbeitnow.com/jobs/companies/1komma50/senior-analytics-engineer-growth-berlin-179195'}"
"{'title': 'Marketing Director (m/w/d)', 'job_url': 'https://www.arbeitnow.com/jobs/companies/exolaunch/marketing-director-berlin-germany-365826'}","{'title': 'Senior Lead Product Strategy (x/f/m)', 'job_url': 'https://www.arbeitnow.com/jobs/companies/doctolib/senior-lead-product-strategy-berlin-berlin-330537'}","{'title': 'Campaign Marketing Specialist (12-15 Month Contract)', 'job_url': 'https://www.arbeitnow.com/jobs/companies/sonyinteractiveentertainmentglobal/campaign-marketing-specialist-12-15-month-contract-frankfurt-202597'}","{'title': 'Senior Marketing & Communications Manager (all genders)', 'job_url': 'https://www.arbeitnow.com/jobs/companies/impossible-founders/senior-marketing-communications-manager-all-genders-hamburg-478081'}","{'title': 'Strategy - Manager / Senior Manager', 'job_url': 'https://www.arbeitnow.com/jobs/companies/eight-advisory-sas/strategy-manager-senior-manager-cologne-9701'}","{'title': 'Head of GTM Systems & AI (m/f/d)', 'job_url': 'https://www.arbeitnow.com/jobs/companies/360learning/remote-head-of-gtm-systems-ai-294580'}","{'title': 'Working Student – Digital Creative Copy', 'job_url': 'https://www.arbeitnow.com/jobs/companies/wongdoody/working-student-digital-creative-copy-berlin-293194'}","{'title': 'Account Executive – Full-Cycle, New Business (m/f/d)', 'job_url': 'https://www.arbeitnow.com/jobs/companies/mute-labs-gmbh/account-executive-full-cycle-new-business-berlin-292964'}","{'title': 'Creative Director Concept & Communication', 'job_url': 'https://www.arbeitnow.com/jobs/companies/wongdoody/creative-director-concept-communication-berlin-de-dusseldorf-231651'}"
"{'title': 'Full Stack Developer', 'job_url': 'https://www.arbeitnow.com/jobs/companies/bookboost/full-stack-developer-germany-munich-62198'}","{'title': 'Full Stack Developer (React / Node.js) (m/f/d)', 'job_url': 'https://www.arbeitnow.com/jobs/companies/probis-software-gmbh/full-stack-developer-react-nodejs-berlin-78632'}","{'title': 'Full Stack Developer', 'job_url': 'https://www.arbeitnow.com/jobs/companies/vetaion-gmbh/full-stack-developer-garching-275638'}","{'title': 'Full Stack Developer', 'job_url': 'https://www.arbeitnow.com/jobs/companies/typeform/full-stack-developer-98052'}","{'title': 'Full Stack Developer (m/w/x)', 'job_url': 'https://www.arbeitnow.com/jobs/companies/k-tronik-gmbh/full-stack-developer-nuremberg-187318'}","{'title': 'Senior Full Stack Developer (m/f/d)', 'job_url': 'https://www.arbeitnow.com/jobs/companies/mirantus-health/senior-full-stack-developer-berlin-283860'}","{'title': 'Senior Full Stack Developer (m/w/d)', 'job_url': 'https://www.arbeitnow.com/jobs/companies/techbiz-global-gmbh/senior-full-stack-developer-berlin-424110'}","{'title': 'Senior Full-Stack Developer (Backend Focus)', 'job_url': 'https://www.arbeitnow.com/jobs/companies/scaile-technologies-gmbh/senior-full-stack-developer-backend-focus-munich-79328'}","{'title': 'Full-Stack Developer', 'job_url': 'https://www.arbeitnow.com/jobs/companies/funded/full-stack-developer-munich-61421'}"
"{'title': 'Data Engineer', 'job_url': 'https://www.arbeitnow.com/jobs/companies/bookboost/data-engineer-germany-munich-382843'}","{'title': 'Data Analytics, Data Science & AI Weiterbildung mit IHK-Abschluss | 100 % Remote', 'job_url': 'https://www.arbeitnow.com/jobs/companies/datasmart-point-gmbh/data-analytics-data-science-ai-weiterbildung-mit-ihk-abschluss-100-remote-berlin-452130'}","{'title': 'Senior Infrastructure & Network Engineer - Germany', 'job_url': 'https://www.arbeitnow.com/jobs/companies/sungrow-europe-welcome-traveler/senior-infrastructure-network-engineer-germany-germany-munich-31248'}","{'title': 'AI Engineer - Data', 'job_url': 'https://www.arbeitnow.com/jobs/companies/almedia/ai-engineer-data-berlin-457327'}","{'title': 'Data & Analytics Engineer (m/f/d)', 'job_url': 'https://www.arbeitnow.com/jobs/companies/statista/data-analytics-engineer-hamburg-or-berlin-317958'}","{'title': 'Data Engineer - Tracking Infrastructure (m/f/d)', 'job_url': 'https://www.arbeitnow.com/jobs/companies/statista/data-engineer-tracking-infrastructure-hamburg-or-berlin-476148'}","{'title': 'Analytics Engineer (m/w/d)', 'job_url': 'https://www.arbeitnow.com/jobs/companies/statista/analytics-engineer-hamburg-or-berlin-238990'}","{'title': 'Sales Working Student (Vietnamese & German Speaking)', 'job_url': 'https://www.arbeitnow.com/jobs/companies/lalamove/sales-working-student-vietnamese-german-speaking-berlin-61522'}","{'title': 'Principal Analytics Engineer (f/m/d)', 'job_url': 'https://www.arbeitnow.com/jobs/companies/trusted-shops-se-de/principal-analytics-engineer-berlin-225855'}"
"{'title': 'Senior Fullstack Developer:in (Java + Spring Boot / Angular)', 'job_url': 'https://www.arbeitnow.com/jobs/companies/wintama-it-solutions-gmbh/senior-fullstack-developerin-java-spring-boot-angular-grunwald-476130'}","{'title': 'Senior Fullstack Entwickler Java / Angular (m/w/d)', 'job_url': 'https://www.arbeitnow.com/jobs/companies/rockstardevelopers-gmbh/senior-fullstack-entwickler-java-angular-stuttgart-184739'}","{'title': 'Senior Fullstack Entwickler - Java, Spring, Angular*', 'job_url': 'https://www.arbeitnow.com/jobs/companies/accso-accelerated-solutions-gmbh/senior-fullstack-entwickler-java-spring-angular-darmstadt-305816'}","{'title': 'Senior Java/Angular Fullstack Developer (m/w/d)', 'job_url': 'https://www.arbeitnow.com/jobs/companies/fastrocket-gmbh/senior-java-angular-fullstack-developer-regen-200015'}","{'title': 'Senior Software Entwickler Java Fullstack*', 'job_url': 'https://www.arbeitnow.com/jobs/companies/haeger-consulting-gmbh/senior-software-entwickler-java-fullstack-bonn-384461'}","{'title': 'Senior Fullstack Engineer (m/w/d)', 'job_url': 'https://www.arbeitnow.com/jobs/companies/qavion-sales-recruiting-gmbh/senior-fullstack-engineer-grunwald-104698'}","{'title': 'Senior Backend Engineer Java / Spring Boot - remote', 'job_url': 'https://www.arbeitnow.com/jobs/companies/wealthapi-gmbh/senior-backend-engineer-java-spring-boot-remote-berlin-349112'}","{'title': 'Fullstack Entwickler NestJS / Angular (m/w/d)', 'job_url': 'https://www.arbeitnow.com/jobs/companies/rockstardevelopers-gmbh/fullstack-entwickler-nestjs-angular-stuttgart-498575'}","{'title': '(Senior) Java Fullstack Developer (m/w/d)', 'job_url': 'https://www.arbeitnow.com/jobs/companies/fourenergy-gmbh/senior-java-fullstack-developer-berlin-194001'}"
"{'title': 'Personaldisponent (m//w/d)', 'job_url': 'https://www.arbeitnow.com/jobs/companies/annette-hoppmann-consulting/personaldisponent-m-w-d-dresden-55278'}","{'title': 'Personaldisponent / Vertriebsdisponent / Personaldienstleistungskauffraumann (w/m/d)', 'job_url': 'https://www.arbeitnow.com/jobs/companies/eusearch-gmbh/personaldisponent-vertriebsdisponent-personaldienstleistungskauffraumann-lippstadt-92733'}","{'title': 'Personaldisponent (m/w/d) I Med. Bereich I P-Berg', 'job_url': 'https://www.arbeitnow.com/jobs/companies/bpg-berliner-personaldienstleistungsgesellschaft-med-bereich/personaldisponent-i-med-bereich-i-p-berg-berlin-176088'}","{'title': 'Personaldisponent Rail (m/w/d)', 'job_url': 'https://www.arbeitnow.com/jobs/companies/currenta-gruppe/personaldisponent-rail-dormagen-255316'}",,,,,
"{'title': 'Sales Manager Personaldienstleistung (m/w/d)', 'job_url': 'https://www.arbeitnow.com/jobs/companies/annette-hoppmann-consulting/sales-manager-personaldienstleistung-nuremberg-119620'}","{'title': 'Personaldisponent / Vertriebsdisponent / Personaldienstleistungskauffraumann (w/m/d)', 'job_url': 'https://www.arbeitnow.com/jobs/companies/eusearch-gmbh/personaldisponent-vertriebsdisponent-personaldienstleistungskauffraumann-lippstadt-92733'}","{'title': 'Vertriebsmitarbeiter (m/w/d) Neukunden / ungedeckelte Provision', 'job_url': 'https://www.arbeitnow.com/jobs/companies/bia-service-gmbh/vertriebsmitarbeiter-neukunden-ungedeckelte-provision-worth-am-main-473392'}","{'title': 'Personaldisponent (m/w/d) I Med. Bereich I P-Berg', 'job_url': 'https://www.arbeitnow.com/jobs/companies/bpg-berliner-personaldienstleistungsgesellschaft-med-bereich/personaldisponent-i-med-bereich-i-p-berg-berlin-176088'}","{'title': 'HR-Manager Recruiting & Disposition (m/w/d)', 'job_url': 'https://www.arbeitnow.com/jobs/companies/ehg-elb-handwerk-gmbh/hr-manager-recruiting-disposition-hamburg-382471'}","{'title': 'Business Development Manager in der Personalvermittlung (m/w/d)', 'job_url': 'https://www.arbeitnow.com/jobs/companies/eaces-gmbh/business-development-manager-in-der-personalvermittlung-munich-293782'}","{'title': 'Sr. Recruiter / HR Manager (Top 1%) | A-Player-Recruiting, Employer Branding & People Ops | 60-70k € (m/w/d)', 'job_url': 'https://www.arbeitnow.com/jobs/companies/fine-dine-verlags-gmbh/sr-recruiter-hr-manager-top-1-a-player-recruiting-employer-branding-people-ops-60-70k-eur-ulm-192904'}","{'title': 'Personalberater (m/w/d) - Bereich Cyber Security', 'job_url': 'https://www.arbeitnow.com/jobs/companies/ccure-geschaftsbereich-der-megamaris-gmbh/personalberater-mainz-265947'}","{'title': 'Vertriebsmitarbeiter (m/w/d)', 'job_url': 'https://www.arbeitnow.com/jobs/companies/hammerjobs/vertriebsmitarbeiter-mannheim-354102'}"
"{'title': 'Werkstudent I Markenbotschafter (m/w/d) im Sportfachhandel in München', 'job_url': 'https://www.arbeitnow.com/jobs/companies/pac-gmbh/werkstudentin-markenbotschafterin-schweinfurt-236772'}","{'title': 'Werkstudent: in im Einkauf / Materialbeschaffung (m/w/d)', 'job_url': 'https://www.arbeitnow.com/jobs/companies/technica-engineering-gmbh/werkstudent-in-im-einkauf-materialbeschaffung-munchen-487213'}","{'title': 'Kundenservice Mobilfunk Inbound - Freelancer - EU, außerhalb Deutschland - 100% Remote', 'job_url': 'https://www.arbeitnow.com/jobs/companies/hey-contact-heroes-gmbh/kundenservice-mobilfunk-inbound-freelancer-eu-ausserhalb-deutschland-100-remote-berlin-146674'}","{'title': 'Data Analytics, Data Science & AI Weiterbildung mit IHK-Abschluss | 100 % Remote', 'job_url': 'https://www.arbeitnow.com/jobs/companies/datasmart-point-gmbh/data-analytics-data-science-ai-weiterbildung-mit-ihk-abschluss-100-remote-berlin-452130'}","{'title': 'Werkstudent/in Customer Support im Fitness-Nutrition-Unternehmen', 'job_url': 'https://www.arbeitnow.com/jobs/companies/brandl-nutrition-gmbh/werkstudent-in-customer-support-im-fitness-nutrition-unternehmen-munich-30614'}","{'title': 'Working Student', 'job_url': 'https://www.arbeitnow.com/jobs/companies/novaspace/working-student-munich-germany-3649'}","{'title': 'Working Student, Customer Success', 'job_url': 'https://www.arbeitnow.com/jobs/companies/planetlabs/working-student-customer-success-berlin-303238'}","{'title': 'Werkstudent*in im Online Marketing (m/w/d)', 'job_url': 'https://www.arbeitnow.com/jobs/companies/solit-marketing-gmbh/werkstudentin-im-online-marketing-cologne-362153'}","{'title': 'Working Student External Communications', 'job_url': 'https://www.arbeitnow.com/jobs/companies/celonis/working-student-external-communications-munich-265752'}"
"{'title': 'Pflichtpraktikum Projektmanagement & Vertrieb / Customer Operations (m/w/d)', 'job_url': 'https://www.arbeitnow.com/jobs/companies/let-it-click-gmbh/pflichtpraktikum-projektmanagement-vertrieb-customer-operations-osnabruck-462519'}","{'title': 'Pflichtpraktikum Projektmanagement & Vertrieb (flexibler Start möglich!)', 'job_url': 'https://www.arbeitnow.com/jobs/companies/frechekoepfe-gmbh/pflichtpraktikum-projektmanagement-vertrieb-flexibler-start-moglich-karlsruhe-99928'}","{'title': 'Praktikum Vertrieb & Marketing (m/w/d) Pflichtpraktikum (6 Monate)', 'job_url': 'https://www.arbeitnow.com/jobs/companies/ode-international-gmbh/praktikum-vertrieb-marketing-pflichtpraktikum-6-monate-berlin-385663'}","{'title': 'Pflichtpraktikum SaaS Operations, Outreach & CRM Support (Remote) (m/w/d)', 'job_url': 'https://www.arbeitnow.com/jobs/companies/vermaye-gmbh/pflichtpraktikum-saas-operations-outreach-crm-support-remote-konstanz-266098'}","{'title': 'Data Analytics, Data Science & AI Weiterbildung mit IHK-Abschluss | 100 % Remote', 'job_url': 'https://www.arbeitnow.com/jobs/companies/datasmart-point-gmbh/data-analytics-data-science-ai-weiterbildung-mit-ihk-abschluss-100-remote-berlin-452130'}","{'title': 'Pflichtpraktikum im technischen Vertrieb - Energieberatung (m/w/d)', 'job_url': 'https://www.arbeitnow.com/jobs/companies/effizienzpioniere-gmbh/pflichtpraktikum-im-vertrieb-stuttgart-334991'}","{'title': 'Kundenservice Mobilfunk Inbound - Freelancer - EU, außerhalb Deutschland - 100% Remote', 'job_url': 'https://www.arbeitnow.com/jobs/companies/hey-contact-heroes-gmbh/kundenservice-mobilfunk-inbound-freelancer-eu-ausserhalb-deutschland-100-remote-berlin-146674'}","{'title': 'Pflichtpraktikum Founders Associate (m/w/d)', 'job_url': 'https://www.arbeitnow.com/jobs/companies/zenaris/pflichtpraktikum-founders-associate-darmstadt-457588'}","{'title': 'Customer & Development Operations', 'job_url': 'https://www.arbeitnow.com/jobs/companies/furo/customer-development-operations-munich-258981'}"
"{'title': 'Software Configuration Engineer Navy Communication System (m/w/x)', 'job_url': 'https://www.arbeitnow.com/jobs/companies/k-tronik-gmbh/software-configuration-engineer-navy-communication-system-munich-443563'}","{'title': 'Software System Engineer', 'job_url': 'https://www.arbeitnow.com/jobs/companies/the-exploration-company/software-system-engineer-munich-46402'}","{'title': 'Senior Software Engineer in Test (f/m/d/x)', 'job_url': 'https://www.arbeitnow.com/jobs/companies/emil-group-gmbh/senior-software-engineer-in-test-x-berlin-447251'}","{'title': 'Senior Staff Communication Systems Engineer', 'job_url': 'https://www.arbeitnow.com/jobs/companies/cesiumastro/senior-staff-communication-systems-engineer-munich-germany-225297'}","{'title': 'System Architect', 'job_url': 'https://www.arbeitnow.com/jobs/companies/european-dynamics/remote-system-architect-germany-432397'}","{'title': 'Test Manager Communication Management (m/w/d)', 'job_url': 'https://www.arbeitnow.com/jobs/companies/citema-systems-gmbh/test-manager-communication-management-berlin-81075'}","{'title': 'System Engineer', 'job_url': 'https://www.arbeitnow.com/jobs/companies/the-exploration-company/system-engineer-munich-239270'}","{'title': 'Avionics System Engineer', 'job_url': 'https://www.arbeitnow.com/jobs/companies/the-exploration-company/avionics-system-engineer-munich-496384'}","{'title': 'Principal Software Engineer (m/f/d)', 'job_url': 'https://www.arbeitnow.com/jobs/companies/focused/principal-software-engineer-darmstadt-188422'}"
"{'title': 'Front End Developer (m/w/d)', 'job_url': 'https://www.arbeitnow.com/jobs/companies/pac-gmbh/front-end-developer-schweinfurt-447000'}","{'title': 'Full-Stack Developer Next.js (m/w/d)', 'job_url': 'https://www.arbeitnow.com/jobs/companies/linear-service-gmbh/full-stack-developer-nextjs-berlin-8967'}","{'title': 'Webflow-Developer (m/w/d) im Medienhafen Düsseldorf', 'job_url': 'https://www.arbeitnow.com/jobs/companies/marketer-ux-gmbh/webflow-developer-im-medienhafen-dusseldorf-145303'}","{'title': 'Software-Entwickler (m/w/d) - Java Fullstack Developer', 'job_url': 'https://www.arbeitnow.com/jobs/companies/cwa-gmbh/software-entwickler-java-fullstack-developer-lilienthal-408359'}","{'title': 'Senior Full Stack Engineer (m/w/d)', 'job_url': 'https://www.arbeitnow.com/jobs/companies/aerion/senior-full-stack-engineer-munich-172812'}","{'title': 'Senior Fullstack Engineer (m/f/d)', 'job_url': 'https://www.arbeitnow.com/jobs/companies/moonscale/senior-fullstack-engineer-munich-213391'}","{'title': 'Application Support Specialist – Market Data & Trading Systems (m/f/d)', 'job_url': 'https://www.arbeitnow.com/jobs/companies/solactive-ag/application-support-specialist-market-data-trading-systems-berlin-99961'}","{'title': 'Full Stack Product Engineer (m/w/d) – Bling Schule', 'job_url': 'https://www.arbeitnow.com/jobs/companies/bling/full-stack-product-engineer-bling-schule-berlin-393109'}","{'title': 'Backend Developer Berlin (m/f/d)', 'job_url': 'https://www.arbeitnow.com/jobs/companies/doopic-gmbh/backend-developer-berlin-174764'}"
"{'title': 'Praktikum im Projektmanagement (w/m/d) AB ANFANG OKTOBER', 'job_url': 'https://www.arbeitnow.com/jobs/companies/stay-stiftung-fur-multiplikative-entwicklung/praktikum-im-projektmanagement-ab-anfang-oktober-stuttgart-117969'}","{'title': 'Praktikant (M/W/D) Im Projektmanagement Ab September/Oktober', 'job_url': 'https://www.arbeitnow.com/jobs/companies/bassetti-deutschland-gmbh/praktikant-im-projektmanagement-ab-september-oktober-munich-307965'}","{'title': 'Praktikant im Personalrecruiting (m/w/d) ab Oktober', 'job_url': 'https://www.arbeitnow.com/jobs/companies/hagedorn-unternehmensgruppe/praktikant-im-personalrecruiting-gutersloh-311834'}","{'title': 'Data Analytics, Data Science & AI Weiterbildung mit IHK-Abschluss | 100 % Remote', 'job_url': 'https://www.arbeitnow.com/jobs/companies/datasmart-point-gmbh/data-analytics-data-science-ai-weiterbildung-mit-ihk-abschluss-100-remote-berlin-452130'}","{'title': 'Praktikum im Projektmanagement Erneuerbare Energien (m/w/d)', 'job_url': 'https://www.arbeitnow.com/jobs/companies/effizienzpioniere-gmbh/praktikum-im-projektmanagement-erneuerbare-energien-stuttgart-143857'}","{'title': 'Werkstudent - Agiles Projektmanagement im Bereich E-Invoicing (m/w/d)', 'job_url': 'https://www.arbeitnow.com/jobs/companies/cbs-corporate-business-solutions-gmbh/werkstudent-agiles-projektmanagement-im-bereich-e-invoicing-dortmund-107384'}","{'title': 'Praktikum: Marketing & Communications (m/w/d)', 'job_url': 'https://www.arbeitnow.com/jobs/companies/preventicus-gmbh/praktikum-marketing-communications-jena-112555'}","{'title': 'Kundenservice Mobilfunk Inbound - Freelancer - EU, außerhalb Deutschland - 100% Remote', 'job_url': 'https://www.arbeitnow.com/jobs/companies/hey-contact-heroes-gmbh/kundenservice-mobilfunk-inbound-freelancer-eu-ausserhalb-deutschland-100-remote-berlin-146674'}","{'title': 'Growth Marketing Intern / Working Student (d/f/m)', 'job_url': 'https://www.arbeitnow.com/jobs/companies/onetutor/growth-marketing-intern-munich-426405'}"
"{'title': 'Customer Operations Manager: Prozesse, Intercom, KI (m/w/d)', 'job_url': 'https://www.arbeitnow.com/jobs/companies/kasmayr-gmbh/customer-operations-manager-prozesse-intercom-ki-walldorf-221575'}","{'title': 'Kundenservice Mobilfunk Inbound - Freelancer - EU, außerhalb Deutschland - 100% Remote', 'job_url': 'https://www.arbeitnow.com/jobs/companies/hey-contact-heroes-gmbh/kundenservice-mobilfunk-inbound-freelancer-eu-ausserhalb-deutschland-100-remote-berlin-146674'}","{'title': 'Customer Success Specialist im Berliner SaaS Startup', 'job_url': 'https://www.arbeitnow.com/jobs/companies/yoffix/customer-support-specialist-im-berliner-saas-startup-449521'}","{'title': 'Customer Support & Operations Lead (m/w/d), Mobility Startup Berlin', 'job_url': 'https://www.arbeitnow.com/jobs/companies/getaway/customer-support-operations-lead-mobility-startup-berlin-309892'}","{'title': 'Customer Success Manager (w/m/d) für Accounting-KI Startup', 'job_url': 'https://www.arbeitnow.com/jobs/companies/jessyworks/customer-success-manager-fur-accounting-ki-startup-munich-375333'}","{'title': 'Junior Customer Success Manager (m/w/d)', 'job_url': 'https://www.arbeitnow.com/jobs/companies/pronux-gmbh/junior-customer-success-manager-rosenheim-415554'}","{'title': 'Customer Success Manager (all levels)', 'job_url': 'https://www.arbeitnow.com/jobs/companies/summ-ai/customer-success-manager-all-levels-munich-212112'}","{'title': 'Senior Customer Success Manager (m/w/d)', 'job_url': 'https://www.arbeitnow.com/jobs/companies/pronux-gmbh/senior-customer-success-manager-rosenheim-233830'}","{'title': 'Customer Success Manager*in (m/w/d)', 'job_url': 'https://www.arbeitnow.com/jobs/companies/haiar-gmbh/customer-success-managerin-munster-102983'}"
"{'title': 'Kfz-Prüfingenieur für Regionalleitung Stuttgart & BW | (w/m/d)', 'job_url': 'https://www.arbeitnow.com/jobs/companies/holdeineplakette/kfz-prufingenieur-fur-regionalleitung-stuttgart-bw-193321'}","{'title': 'Kundenberater im Kooperationsvertrieb mit der BW-Bank (m/w/d) für Bausparen und Baufinanzierung auf selbständiger Basis (gem. §§ 84, 92 HGB)', 'job_url': 'https://www.arbeitnow.com/jobs/companies/lbs-sud/kundenberater-im-kooperationsvertrieb-mit-der-bw-bank-fur-bausparen-und-baufinanzierung-auf-selbstandiger-basis-gem-84-92-hgb-stuttgar-334057'}","{'title': 'Production Engineer (m/w/d) Sondermaschinenbau in Stuttgart (1339)', 'job_url': 'https://www.arbeitnow.com/jobs/companies/bruggen-engineering-gmbh/production-engineer-sondermaschinenbau-in-stuttgart-1339-403890'}","{'title': 'Service Techniker (m/w/d) im Außendienst (Gebiet Stuttgart)', 'job_url': 'https://www.arbeitnow.com/jobs/companies/me-group-germany-gmbh/service-techniker-im-aussendienst-gebiet-stuttgart-462280'}","{'title': 'Full Stack Developer (m/w/d) in Stuttgart', 'job_url': 'https://www.arbeitnow.com/jobs/companies/fenstercom/full-stack-developer-in-stuttgart-308401'}","{'title': 'Field Account Executive - Stuttgart (w,m,d)', 'job_url': 'https://www.arbeitnow.com/jobs/companies/lightspeedhq/field-account-executive-stuttgart-wmd-248842'}","{'title': 'HSE Manager (w/m/d) im Raum Stuttgart gesucht!', 'job_url': 'https://www.arbeitnow.com/jobs/companies/agex-it-gmbh/hse-manager-im-raum-stuttgart-gesucht-86999'}","{'title': 'Senior Bauleiter (m/w/d) Rohbau - Stuttgart', 'job_url': 'https://www.arbeitnow.com/jobs/companies/skalbach-gmbh/senior-bauleiter-rohbau-stuttgart-34453'}","{'title': 'Senior Bauleiter (m/w/d) Ingenieurbau – Stuttgart / Karlsruhe', 'job_url': 'https://www.arbeitnow.com/jobs/companies/skalbach-gmbh/senior-bauleiter-ingenieurbau-stuttgart-karlsruhe-377365'}"
"{'title': '(Teamleiter) Kfz-Prüfingenieur*in | Frankfurt am Main', 'job_url': 'https://www.arbeitnow.com/jobs/companies/holdeineplakette/teamleiter-kfz-prufingenieurin-frankfurt-am-main-225022'}","{'title': 'Planungsingenieur Elektrotechnik / Projektierer (m/w/d) elektrische Gebäudetechnik in Frankfurt am Main (1668)', 'job_url': 'https://www.arbeitnow.com/jobs/companies/bruggen-engineering-gmbh/planungsingenieur-elektrotechnik-projektierer-elektrische-gebaudetechnik-in-frankfurt-am-main-1668-326563'}","{'title': 'Standortleitung (m/w/d) Frankfurt am Main / Branch Manager (m/f/d) Frankfurt am Main', 'job_url': 'https://www.arbeitnow.com/jobs/companies/customs-support-group/standortleitung-frankfurt-am-main-branch-manager-frankfurt-am-main-338988'}","{'title': 'Online Marketing & Sales (w/m/d) - Praktikum / Duales Studium - Frankfurt am Main', 'job_url': 'https://www.arbeitnow.com/jobs/companies/lilacard/online-marketing-sales-praktikum-duales-studium-frankfurt-am-main-292160'}","{'title': 'Neu 1st Level Onsite IT-SUPPORT (m/w/d) in Frankfurt am Main', 'job_url': 'https://www.arbeitnow.com/jobs/companies/ganss-personal-gmbh/neu-1st-level-onsite-it-support-in-frankfurt-am-main-407035'}","{'title': 'Google Ads Account Manager | E-Commerce (m/w/d) | Frankfurt am Main', 'job_url': 'https://www.arbeitnow.com/jobs/companies/hitaj-digital-gmbh/google-ads-account-manager-e-commerce-frankfurt-am-main-355728'}","{'title': 'Google-Ads Account Manager | Fokus E-Commerce (m/w/d) | Frankfurt am Main', 'job_url': 'https://www.arbeitnow.com/jobs/companies/hitaj-digital-gmbh/google-ads-account-manager-fokus-e-commerce-frankfurt-am-main-50307'}","{'title': 'M&A Intern (m/w/d) Frankfurt am Main - Q1 und Q2 2027', 'job_url': 'https://www.arbeitnow.com/jobs/companies/saxenhammer/ma-intern-frankfurt-am-main-195514'}","{'title': 'Junior SEA/Google Ads-Account Manager | E-Commerce (m/w/d) | Frankfurt am Main', 'job_url': 'https://www.arbeitnow.com/jobs/companies/hitaj-digital-gmbh/junior-sea-google-ads-account-manager-e-commerce-frankfurt-am-main-254362'}"
"{'title': 'Praktikant (w/m/d) HR Digitalisierung & Personio', 'job_url': 'https://www.arbeitnow.com/jobs/companies/kloepfel-group/praktikant-hr-digitalisierung-personio-dusseldorf-214590'}","{'title': 'Praktikant (w/m/d) HR Digitalisierung & Personio', 'job_url': 'https://www.arbeitnow.com/jobs/companies/kloepfel-consulting-gmbh/praktikant-hr-digitalisierung-personio-dusseldorf-244799'}","{'title': 'Consultant HR Digitalisierung (m/w/d)', 'job_url': 'https://www.arbeitnow.com/jobs/companies/dignativex/consultant-hr-digitalisierung-kriftel-222505'}","{'title': 'Praktikant (m/w/d) HR / Recruiting', 'job_url': 'https://www.arbeitnow.com/jobs/companies/feldenergy-gmbh/praktikant-hr-recruiting-munich-8788'}","{'title': 'Praktikum HR -  Digitalisierung & Personio-Einführung (m/w/d) im Bereich Erneuerbare Energien', 'job_url': 'https://www.arbeitnow.com/jobs/companies/vispiron-gmbh/praktikum-hr-digitalisierung-personio-einfuhrung-im-bereich-erneuerbare-energien-munich-198665'}","{'title': 'Senior Expert (m|w|d) People Operations & HR Digitalisierung in Augsburg', 'job_url': 'https://www.arbeitnow.com/jobs/companies/sonntag-partner/senior-expert-mwd-people-operations-hr-digitalisierung-in-augsburg-368959'}","{'title': 'HR-Manager:in / HR Generalist:in (m/w/d) Teilzeit (25 Std./Woche) | remote möglich | Werneck', 'job_url': 'https://www.arbeitnow.com/jobs/companies/metallbau-pfeuffer-gmbh/hr-managerin-hr-generalistin-teilzeit-25-std-woche-remote-moglich-werneck-straubing-27422'}","{'title': 'Paid Erasmus+ HR & People Experience Internship', 'job_url': 'https://www.arbeitnow.com/jobs/companies/e-farm/paid-erasmus-hr-people-experience-internship-hamburg-462271'}","{'title': 'Head of HR (m/w/d)', 'job_url': 'https://www.arbeitnow.com/jobs/companies/buena/hr-manager-berlin-412828'}"
"{'title': 'Founding Engineer', 'job_url': 'https://www.arbeitnow.com/jobs/companies/1zu100-gmbh/founding-engineer-munchen-26386'}","{'title': 'Founding Legal Engineer', 'job_url': 'https://www.arbeitnow.com/jobs/companies/grubel/founding-legal-engineer-munich-150483'}","{'title': 'Founding Engineer', 'job_url': 'https://www.arbeitnow.com/jobs/companies/sanovio/founding-engineer-munich-380048'}","{'title': 'Founding Engineer', 'job_url': 'https://www.arbeitnow.com/jobs/companies/almedia/founding-engineer-berlin-225966'}","{'title': 'Founding Backend Engineer(Go)', 'job_url': 'https://www.arbeitnow.com/jobs/companies/cygrid-gmbh/founding-backend-engineergo-berlin-133902'}","{'title': 'Founding Engineer', 'job_url': 'https://www.arbeitnow.com/jobs/companies/sanovio/founding-engineer-munchen-309504'}","{'title': 'Founding Backend Engineer(Go)', 'job_url': 'https://www.arbeitnow.com/jobs/companies/techbiz-global-gmbh/founding-backend-engineergo-berlin-36030'}","{'title': 'Founding Engineer (w/m/d)', 'job_url': 'https://www.arbeitnow.com/jobs/companies/skalar/founding-engineer-munich-20399'}","{'title': 'Founding Engineer (w/m/d)', 'job_url': 'https://www.arbeitnow.com/jobs/companies/skalar/founding-engineer-munich-36571'}"
"{'title': 'Working Student - Returns Management (m/f/d)', 'job_url': 'https://www.arbeitnow.com/jobs/companies/quantum-systems-gmbh/working-student-returns-management-gilching-198278'}","{'title': 'Office Management Working Student', 'job_url': 'https://www.arbeitnow.com/jobs/companies/quantco/office-management-working-student-munich-or-karlsruhe-55850'}","{'title': 'Working Student - Logistics (f/m/d)', 'job_url': 'https://www.arbeitnow.com/jobs/companies/instagrid/working-student-logistics-ludwigsburg-350101'}","{'title': 'Working Student Technical Asset Management', 'job_url': 'https://www.arbeitnow.com/jobs/companies/home-co-management-gmbh/working-student-technical-asset-management-berlin-170672'}","{'title': 'HR Management Intern / Working Student (m/w/d)', 'job_url': 'https://www.arbeitnow.com/jobs/companies/trusteq-gmbh/hr-management-intern-working-student-munchen-464190'}","{'title': 'Working Student - IT Asset & Stock Management (x/f/m)', 'job_url': 'https://www.arbeitnow.com/jobs/companies/doctolib/working-student-it-asset-stock-management-berlin-berlin-439978'}","{'title': 'Working Student', 'job_url': 'https://www.arbeitnow.com/jobs/companies/novaspace/working-student-munich-germany-3649'}","{'title': 'Working Student - Brand Communications', 'job_url': 'https://www.arbeitnow.com/jobs/companies/clovirtualfashion/working-student-brand-communications-munich-284962'}","{'title': 'Working Student Software Engineering (m/f/d)', 'job_url': 'https://www.arbeitnow.com/jobs/companies/ginmon-gmbh/working-student-software-engineering-frankfurt-am-main-498877'}"
"{'title': 'Testautomatisierer (m/w/d)', 'job_url': 'https://www.arbeitnow.com/jobs/companies/cpu-consulting-software-gmbh/testautomatisierer-karlsruhe-71273'}","{'title': 'Software-Testautomatisierer/in (m/w/d)', 'job_url': 'https://www.arbeitnow.com/jobs/companies/simplytest-gmbh/software-testautomatisierer-in-nuremberg-439225'}","{'title': 'Software Testautomatisierer (m/w/d) mit Karriereambitionen', 'job_url': 'https://www.arbeitnow.com/jobs/companies/auralis-group/software-testautomatisierer-mit-karriereambitionen-markt-indersdorf-241909'}","{'title': 'Senior Testmanager/Testautomatisierer (w/d/m)', 'job_url': 'https://www.arbeitnow.com/jobs/companies/hyplus-technology-gmbh/senior-testmanager-testautomatisierer-ratingen-385820'}",,,,,
"{'title': 'Testmanager (m/w/d)', 'job_url': 'https://www.arbeitnow.com/jobs/companies/cpu-consulting-software-gmbh/testmanager-karlsruhe-425547'}","{'title': 'Testmanager SAP SuccessFactors (m/w/d)', 'job_url': 'https://www.arbeitnow.com/jobs/companies/qualysoft/testmanager-sap-successfactors-munchen-329531'}","{'title': 'Senior Testmanager/Testautomatisierer (w/d/m)', 'job_url': 'https://www.arbeitnow.com/jobs/companies/hyplus-technology-gmbh/senior-testmanager-testautomatisierer-ratingen-385820'}","{'title': 'SAP Testmanager / Testkoordinator (m/w/d) - Qualitätssicherung & Teststrategie', 'job_url': 'https://www.arbeitnow.com/jobs/companies/detlev-louis-motorrad-vertriebs-gmbh/sap-testmanager-testkoordinator-qualitatssicherung-teststrategie-hamburg-309718'}","{'title': 'Testmanager*in im Software Testing für Webprojekte', 'job_url': 'https://www.arbeitnow.com/jobs/companies/netcare-gmbh/testmanagerin-im-software-testing-fur-webprojekte-leinfelden-echterdingen-201707'}","{'title': 'Testmanager (m/w/d) für Medizintechnik in Darmstadt (1589)', 'job_url': 'https://www.arbeitnow.com/jobs/companies/bruggen-engineering-gmbh/testmanager-fur-medizintechnik-in-darmstadt-1589-276531'}",,,
"{'title': 'Recruiter (m/w/d) - Headhunter (w/m/d) - nur für unser Unternehmen - Remote', 'job_url': 'https://www.arbeitnow.com/jobs/companies/hafidi-bueroservice/recruiter-headhunter-nur-fur-unser-unternehmen-remote-konz-264137'}","{'title': 'Senior Tech Recruiter (m/w/d)', 'job_url': 'https://www.arbeitnow.com/jobs/companies/recruitment-circle-gmbh/senior-tech-recruiter-berlin-211153'}","{'title': 'Recruiter (m/w/d) - Remote', 'job_url': 'https://www.arbeitnow.com/jobs/companies/dost-officedienstleistung/recruiter-remote-wurzburg-279018'}","{'title': 'Talent Scout / Recruiter (m/w/d) | 100 % Remote', 'job_url': 'https://www.arbeitnow.com/jobs/companies/claudia-buhl/talent-scout-recruiter-100-remote-schrobenhausen-490892'}","{'title': 'Recruiter (m/w/d)', 'job_url': 'https://www.arbeitnow.com/jobs/companies/siera/recruiter-nuremberg-118253'}","{'title': 'Founding Recruiter (m/w/d)', 'job_url': 'https://www.arbeitnow.com/jobs/companies/navius-hr-recruiting/founding-recruiter-leipzig-230131'}","{'title': 'Recruiter (m/w/d)', 'job_url': 'https://www.arbeitnow.com/jobs/companies/sl-connect-gmbh/recruiter-grossenhain-146410'}","{'title': 'Tech-Recruiter (m/w/d) München', 'job_url': 'https://www.arbeitnow.com/jobs/companies/mint-solutions/tech-recruiter-munchen-munich-221021'}","{'title': 'Tele-Recruiter (m/w/d)', 'job_url': 'https://www.arbeitnow.com/jobs/companies/sevarox-gmbh/tele-recruiter-ober-morlen-273554'}"
"{'title': 'Support Engineer Firewall & Netzwerk (m/w/d)', 'job_url': 'https://www.arbeitnow.com/jobs/companies/medialine-eurotrade-ag/support-engineer-firewall-netzwerk-sobernheim-454141'}","{'title': 'Systemadministrator (m/w/d) mit Schwerpunkt Netzwerk & Security', 'job_url': 'https://www.arbeitnow.com/jobs/companies/pci-experts-ek/systemadministrator-mit-schwerpunkt-netzwerk-security-sindelfingen-138182'}","{'title': 'Netzwerk-Administrator/in', 'job_url': 'https://www.arbeitnow.com/jobs/companies/plutex-gmbh/netzwerk-administrator-in-bremen-138789'}","{'title': 'Netzwerk- / IT-Administration', 'job_url': 'https://www.arbeitnow.com/jobs/companies/projektron-gmbh/netzwerk-it-administration-berlin-325039'}","{'title': 'Administrator für Netzwerke und Firewall-Systeme (m/w/d)', 'job_url': 'https://www.arbeitnow.com/jobs/companies/hubside-die-recruitingwerkstatt/administrator-fur-netzwerke-und-firewall-systeme-munich-431531'}","{'title': 'Kundenservice Mobilfunk Inbound - Freelancer - EU, außerhalb Deutschland - 100% Remote', 'job_url': 'https://www.arbeitnow.com/jobs/companies/hey-contact-heroes-gmbh/kundenservice-mobilfunk-inbound-freelancer-eu-ausserhalb-deutschland-100-remote-berlin-146674'}","{'title': 'Network Security Engineer (m/w/d)', 'job_url': 'https://www.arbeitnow.com/jobs/companies/ccure-geschaftsbereich-der-megamaris-gmbh/network-security-engineer-reutlingen-24095'}","{'title': 'Systems Engineer (w/m/d) Network & Security', 'job_url': 'https://www.arbeitnow.com/jobs/companies/avendis-gmbh/systems-engineer-network-security-mannheim-194127'}","{'title': '2nd Level Supporter / IT-Systemadministrator (m/w/d)', 'job_url': 'https://www.arbeitnow.com/jobs/companies/yournetwork-michael-marzahn/2nd-level-supporter-it-systemadministrator-hamburg-437999'}"
"{'title': 'Teamlead Graphic Services (all genders)', 'job_url': 'https://www.arbeitnow.com/jobs/companies/liganova-gmbh/teamlead-graphic-services-all-genders-stuttgart-172517'}","{'title': 'Werkstudent:in (M/W/D) Graphic Design', 'job_url': 'https://www.arbeitnow.com/jobs/companies/hello-people-gmbh/werkstudentin-graphic-design-hamburg-427420'}","{'title': 'Teamlead Professional Services (m/w/d) REMOTE', 'job_url': 'https://www.arbeitnow.com/jobs/companies/pont-connects-ek/teamlead-professional-services-remote-dusseldorf-297088'}","{'title': 'Praktikum Creative Graphic Design in Fußballmarketingagentur', 'job_url': 'https://www.arbeitnow.com/jobs/companies/11/praktikum-creative-graphic-design-in-fussballmarketingagentur-hamburg-351864'}","{'title': 'Only for Erasmus/Turing Internship: AI/IT, Graphic Designer and/or Computer Science&Technologies on MA-Level', 'job_url': 'https://www.arbeitnow.com/jobs/companies/art-science-node-berlin-asn/only-for-erasmus-turing-internship-ai-it-graphic-designer-and-or-computer-sciencetechnologies-on-ma-level-berlin-89364'}","{'title': 'Working Student – Graphic Design E-Commerce (all genders)', 'job_url': 'https://www.arbeitnow.com/jobs/companies/niboline-gmbh/working-student-graphic-design-e-commerce-all-genders-berlin-280030'}","{'title': 'Graphic Designer (m/f/d)', 'job_url': 'https://www.arbeitnow.com/jobs/companies/yfood-labs-gmbh/graphic-designer-munich-9918'}","{'title': 'Junior Graphic Designer (all genders)', 'job_url': 'https://www.arbeitnow.com/jobs/companies/sunday-natural/junior-graphic-designer-all-genders-berlin-409225'}","{'title': 'Senior Print Designer, Streetwear (all genders)', 'job_url': 'https://www.arbeitnow.com/jobs/companies/6pm-gmbh/senior-print-designer-streetwear-all-genders-frankfurt-am-main-8276'}"
"{'title': 'Working Student Integrations', 'job_url': 'https://www.arbeitnow.com/jobs/companies/dataleap/working-student-integrations-munich-363179'}","{'title': 'Working Student', 'job_url': 'https://www.arbeitnow.com/jobs/companies/novaspace/working-student-munich-germany-3649'}","{'title': 'Working Student - Brand Communications', 'job_url': 'https://www.arbeitnow.com/jobs/companies/clovirtualfashion/working-student-brand-communications-munich-284962'}","{'title': 'Aerospace Engineer - Working Student Luft', 'job_url': 'https://www.arbeitnow.com/jobs/companies/bifrost-defence/aerospace-engineer-working-student-luft-munich-256937'}","{'title': 'Student QA Engineer (Working Student)', 'job_url': 'https://www.arbeitnow.com/jobs/companies/keyfactorinc/student-qa-engineer-working-student-aachen-367694'}","{'title': 'Support Engineer (Working Student) - m/f/d', 'job_url': 'https://www.arbeitnow.com/jobs/companies/langdock/support-engineer-working-student-berlin-360440'}","{'title': 'Working Student', 'job_url': 'https://www.arbeitnow.com/jobs/companies/flix/working-student-berlin-494488'}","{'title': 'Working Student (m/f/d) – Hardware Testing & Validation', 'job_url': 'https://www.arbeitnow.com/jobs/companies/robco/working-student-hardware-testing-validation-munich-268805'}","{'title': 'Working Student (m/f/d)\u200bIndexing Platform', 'job_url': 'https://www.arbeitnow.com/jobs/companies/solactive/working-student-indexing-platform-berlin-396498'}"
"{'title': 'Analytics Engineer (w/m/d)', 'job_url': 'https://www.arbeitnow.com/jobs/companies/stackfuel/analytics-engineer-berlin-221830'}","{'title': 'Data Analytics, Data Science & AI Weiterbildung mit IHK-Abschluss | 100 % Remote', 'job_url': 'https://www.arbeitnow.com/jobs/companies/datasmart-point-gmbh/data-analytics-data-science-ai-weiterbildung-mit-ihk-abschluss-100-remote-berlin-452130'}","{'title': 'Senior Analytics Engineer, Consumer', 'job_url': 'https://www.arbeitnow.com/jobs/companies/wolt-english/senior-analytics-engineer-consumer-berlin-462072'}","{'title': 'Senior Analytics Engineer, Consumer', 'job_url': 'https://www.arbeitnow.com/jobs/companies/wolt/senior-analytics-engineer-consumer-berlin-101121'}","{'title': 'Analytics Engineer - Marketing & Growth', 'job_url': 'https://www.arbeitnow.com/jobs/companies/pergolux/analytics-engineer-marketing-growth-berlin-222553'}","{'title': 'Analytics Engineer (m/w/d)', 'job_url': 'https://www.arbeitnow.com/jobs/companies/statista/analytics-engineer-hamburg-or-berlin-238990'}","{'title': 'Analytics Engineer, Data Platform', 'job_url': 'https://www.arbeitnow.com/jobs/companies/emma-the-sleep-company/analytics-engineer-data-platform-frankfurt-156939'}","{'title': 'Senior Analytics Engineer - Run & Grow', 'job_url': 'https://www.arbeitnow.com/jobs/companies/sumup/senior-analytics-engineer-run-grow-berlin-116362'}","{'title': 'Principal Analytics Engineer (f/m/d)', 'job_url': 'https://www.arbeitnow.com/jobs/companies/trusted-shops-se-de/principal-analytics-engineer-berlin-225855'}"
"{'title': 'Strategic Enterprise Account Executive (m/w/d) - Germany', 'job_url': 'https://www.arbeitnow.com/jobs/companies/stackfuel/strategic-enterprise-account-executive-germany-berlin-420151'}","{'title': 'Strategic Account Executive - Germany', 'job_url': 'https://www.arbeitnow.com/jobs/companies/saviynt/remote-strategic-account-executive-germany-209723'}","{'title': 'Enterprise Account Executive - Germany', 'job_url': 'https://www.arbeitnow.com/jobs/companies/ashby/enterprise-account-executive-germany-401492'}","{'title': 'Strategic Account Executive', 'job_url': 'https://www.arbeitnow.com/jobs/companies/jfrog/remote-strategic-account-executive-196007'}","{'title': 'Regional Sales Leader (Enterprise) | Germany', 'job_url': 'https://www.arbeitnow.com/jobs/companies/deepl/regional-sales-leader-enterprise-germany-munich-454459'}","{'title': 'Strategic Partnerships Manager, Germany', 'job_url': 'https://www.arbeitnow.com/jobs/companies/openai/strategic-partnerships-manager-germany-munich-345723'}","{'title': 'Strategic Account Executive Enterprise - DACH', 'job_url': 'https://www.arbeitnow.com/jobs/companies/malt/strategic-account-executive-enterprise-dach-munich-204977'}","{'title': 'Strategic Account Executive Enterprise - DACH', 'job_url': 'https://www.arbeitnow.com/jobs/companies/malt/strategic-account-executive-enterprise-dach-munich-156534'}","{'title': 'Account Executive - Germany', 'job_url': 'https://www.arbeitnow.com/jobs/companies/neuralconcept/account-executive-germany-munich-327767'}"
"{'title': 'Team Lead Tutor /Lehrkraft (all genders)', 'job_url': 'https://www.arbeitnow.com/jobs/companies/stackfuel/team-lead-tutor-lehrkraft-all-genders-berlin-273795'}","{'title': 'Freiberufliche Lehrkraft (w/m/d) für BI Analytics', 'job_url': 'https://www.arbeitnow.com/jobs/companies/karrieretutor-de/remote-freiberufliche-lehrkraft-fur-bi-analytics-412922'}","{'title': 'Freiberufliche Lehrkraft (w/m/d) für Data Analytics', 'job_url': 'https://www.arbeitnow.com/jobs/companies/karrieretutor-de/remote-freiberufliche-lehrkraft-fur-data-analytics-355766'}","{'title': 'Team Lead - Site Reliability Engineering (all genders)', 'job_url': 'https://www.arbeitnow.com/jobs/companies/factfinder/team-lead-site-reliability-engineering-all-genders-berlin-411731'}","{'title': 'Data Analytics, Data Science & AI Weiterbildung mit IHK-Abschluss | 100 % Remote', 'job_url': 'https://www.arbeitnow.com/jobs/companies/datasmart-point-gmbh/data-analytics-data-science-ai-weiterbildung-mit-ihk-abschluss-100-remote-berlin-452130'}","{'title': 'Kundenservice Mobilfunk Inbound - Freelancer - EU, außerhalb Deutschland - 100% Remote', 'job_url': 'https://www.arbeitnow.com/jobs/companies/hey-contact-heroes-gmbh/kundenservice-mobilfunk-inbound-freelancer-eu-ausserhalb-deutschland-100-remote-berlin-146674'}","{'title': 'Team Lead Airborne Electronics (all genders)', 'job_url': 'https://www.arbeitnow.com/jobs/companies/vaeridion/team-lead-airborne-electronics-all-genders-munich-33324'}","{'title': 'Team Lead - Site Reliability Engineering (all genders)', 'job_url': 'https://www.arbeitnow.com/jobs/companies/factfinder/team-lead-site-reliability-engineering-all-genders-berlin-478205'}","{'title': 'Team Lead  Sales Development', 'job_url': 'https://www.arbeitnow.com/jobs/companies/techbiz-global/team-lead-sales-development-berlin-438882'}"
"{'title': 'Data Portfolio Lead - Learning Content (m/w/d)', 'job_url': 'https://www.arbeitnow.com/jobs/companies/stackfuel/data-portfolio-lead-learning-content-berlin-64996'}","{'title': 'Data Analytics, Data Science & AI Weiterbildung mit IHK-Abschluss | 100 % Remote', 'job_url': 'https://www.arbeitnow.com/jobs/companies/datasmart-point-gmbh/data-analytics-data-science-ai-weiterbildung-mit-ihk-abschluss-100-remote-berlin-452130'}","{'title': 'Senior Learning Developer', 'job_url': 'https://www.arbeitnow.com/jobs/companies/ontarget-communications/senior-learning-developer-berlin-19964'}","{'title': 'Machine Learning Engineer', 'job_url': 'https://www.arbeitnow.com/jobs/companies/sensmore/machine-learning-engineer-berlin-331781'}","{'title': 'Data Science & Machine Learning for Life-Science (m/w/d)', 'job_url': 'https://www.arbeitnow.com/jobs/companies/limebit-gmbh/data-science-machine-learning-for-life-science-berlin-259599'}","{'title': 'Machine Learning Engineer', 'job_url': 'https://www.arbeitnow.com/jobs/companies/wayve/machine-learning-engineer-116306'}","{'title': 'Entwicklungsingenieur (m/w/d) Data Science & Machine Learning', 'job_url': 'https://www.arbeitnow.com/jobs/companies/encontec-gmbh/entwicklungsingenieur-data-science-machine-learning-oberkochen-494962'}","{'title': 'Senior Machine Learning Engineer I', 'job_url': 'https://www.arbeitnow.com/jobs/companies/sumup/senior-machine-learning-engineer-i-berlin-409615'}","{'title': 'Senior Machine Learning Engineer I', 'job_url': 'https://www.arbeitnow.com/jobs/companies/sumup/senior-machine-learning-engineer-i-berlin-296351'}"
"{'title': 'Tutor/Lehrkraft Business Intelligence (all genders)', 'job_url': 'https://www.arbeitnow.com/jobs/companies/stackfuel/tutor-lehrkraft-business-intelligence-all-genders-berlin-420609'}","{'title': 'Business Intelligence Spezialist (gn)', 'job_url': 'https://www.arbeitnow.com/jobs/companies/bitac-gmbh/business-intelligence-spezialist-gn-wegberg-228912'}","{'title': 'Senior Business Intelligence Lead (all genders)', 'job_url': 'https://www.arbeitnow.com/jobs/companies/reev/senior-business-intelligence-lead-all-genders-munchen-386242'}","{'title': 'Senior Marketing Business Intelligence Analyst (all genders)', 'job_url': 'https://www.arbeitnow.com/jobs/companies/hellofresh/senior-marketing-business-intelligence-analyst-all-genders-berlin-berlin-242867'}","{'title': 'Werkstudent (Mensch) Business Intelligence & Business Development', 'job_url': 'https://www.arbeitnow.com/jobs/companies/wppmedia/werkstudent-mensch-business-intelligence-business-development-hamburg-213765'}","{'title': 'Data & Business Intelligence Specialist (m/w/d)', 'job_url': 'https://www.arbeitnow.com/jobs/companies/flexit-consulting-gmbh/data-business-intelligence-specialist-hattingen-387241'}","{'title': 'Werkstudent Business Intelligence & Data Analytics (m/w/d)', 'job_url': 'https://www.arbeitnow.com/jobs/companies/waldemar-link-gmbh-co-kg/werkstudent-business-intelligence-data-analytics-norderstedt-20447'}","{'title': 'Growth Intelligence & AI Analyst', 'job_url': 'https://www.arbeitnow.com/jobs/companies/lovebetter-gesellschaft-fur-mannliche-sexualitat-mbh/growth-intelligence-ai-analyst-berlin-219401'}","{'title': 'Manager/ Architect SAP Business Intelligence (m/w/d) im Application Management Support', 'job_url': 'https://www.arbeitnow.com/jobs/companies/cbs-corporate-business-solutions-gmbh/manager-architect-sap-business-intelligence-im-application-management-support-raunheim-24465'}"
"{'title': 'Mid Market Account Executive (m/w/d) - Germany', 'job_url': 'https://www.arbeitnow.com/jobs/companies/stackfuel/mid-market-account-executive-germany-munich-461840'}","{'title': 'Mid Market Account Executive Germany', 'job_url': 'https://www.arbeitnow.com/jobs/companies/rubrik/mid-market-account-executive-germany-munich-393150'}","{'title': 'Account Executive - Mid Market', 'job_url': 'https://www.arbeitnow.com/jobs/companies/peec-ai/account-executive-mid-market-berlin-169990'}","{'title': 'Account Executive - Mid-Market (German-speaking)', 'job_url': 'https://www.arbeitnow.com/jobs/companies/secfix/account-executive-mid-market-german-speaking-munich-278079'}","{'title': 'Account Executive - Mid-Market & Enterprise', 'job_url': 'https://www.arbeitnow.com/jobs/companies/sleak-gmbh/account-executive-mid-market-enterprise-munich-336494'}","{'title': 'Mid-Market Account Executive', 'job_url': 'https://www.arbeitnow.com/jobs/companies/deliverect/mid-market-account-executive-berlin-23625'}","{'title': 'Business Development Representative - Mid-Market (German-speaking)', 'job_url': 'https://www.arbeitnow.com/jobs/companies/secfix/business-development-representative-mid-market-german-speaking-munich-440626'}","{'title': 'Account Executive, Mid Market - Munich', 'job_url': 'https://www.arbeitnow.com/jobs/companies/harvey/account-executive-mid-market-munich-467206'}","{'title': 'Account Executive, Mid Market - Berlin', 'job_url': 'https://www.arbeitnow.com/jobs/companies/harvey/account-executive-mid-market-berlin-munich-8759'}"
"{'title': 'Enterprise Account Executive (m/w/d) - Germany', 'job_url': 'https://www.arbeitnow.com/jobs/companies/stackfuel/enterprise-account-executive-germany-berlin-433063'}","{'title': 'Enterprise Account Executive - Germany', 'job_url': 'https://www.arbeitnow.com/jobs/companies/ashby/enterprise-account-executive-germany-401492'}","{'title': 'Regional Sales Leader (Enterprise) | Germany', 'job_url': 'https://www.arbeitnow.com/jobs/companies/deepl/regional-sales-leader-enterprise-germany-munich-454459'}","{'title': 'Enterprise Account Executive- Germany', 'job_url': 'https://www.arbeitnow.com/jobs/companies/harness-open-positions-job-opportunities/enterprise-account-executive-germany-berlin-schleswig-holstein-475663'}","{'title': 'Account Executive (Enterprise) (Fluent In German) (Located in Germany)', 'job_url': 'https://www.arbeitnow.com/jobs/companies/knowbe4/account-executive-enterprise-fluent-in-german-located-in-germany-berlin-303389'}","{'title': 'Territory Account Manager, Enterprise Sales - Germany', 'job_url': 'https://www.arbeitnow.com/jobs/companies/netgear/territory-account-manager-enterprise-sales-germany-munchen-78125'}","{'title': 'Account Executive - Germany', 'job_url': 'https://www.arbeitnow.com/jobs/companies/neuralconcept/account-executive-germany-munich-327767'}","{'title': 'Account Executive, Enterprise', 'job_url': 'https://www.arbeitnow.com/jobs/companies/flexport/account-executive-enterprise-264244'}","{'title': 'Account Executive, Named - Germany', 'job_url': 'https://www.arbeitnow.com/jobs/companies/rubrik/remote-account-executive-named-germany-86588'}"
"{'title': 'Data Analytics / Data Science Tutor/Lehrkraft (all genders)', 'job_url': 'https://www.arbeitnow.com/jobs/companies/stackfuel/data-analytics-data-science-tutor-lehrkraft-all-genders-berlin-220614'}","{'title': 'Data Analytics, Data Science & AI Weiterbildung mit IHK-Abschluss | 100 % Remote', 'job_url': 'https://www.arbeitnow.com/jobs/companies/datasmart-point-gmbh/data-analytics-data-science-ai-weiterbildung-mit-ihk-abschluss-100-remote-berlin-452130'}","{'title': 'Working Student - Data Science (Research & Predictive Analytics)', 'job_url': 'https://www.arbeitnow.com/jobs/companies/justwatch/working-student-data-science-research-predictive-analytics-berlin-108305'}","{'title': 'Weiterbildung: Data Science & Business Analytics (IHK) (m/w/d) - Remote', 'job_url': 'https://www.arbeitnow.com/jobs/companies/datasmart-point-gmbh/weiterbildung-data-science-business-analytics-ihk-remote-berlin-35085'}","{'title': 'Engineering Manager (Data Science)', 'job_url': 'https://www.arbeitnow.com/jobs/companies/peec-ai/engineering-manager-data-science-berlin-356287'}","{'title': 'Research Scientist, Foundational Data Science', 'job_url': 'https://www.arbeitnow.com/jobs/companies/prior-labs/research-scientist-foundational-data-science-berlin-230440'}","{'title': 'Data Analytics, Data Science & AI Weiterbildung mit IHK-Abschluss | 100 % Remote', 'job_url': 'https://www.arbeitnow.com/jobs/companies/datasmart-point-gmbh/karrierestart-in-data-ai-ihk-data-analyst-100-online-berlin-138911'}","{'title': 'Senior Data Scientist, Workforce Management Analytics', 'job_url': 'https://www.arbeitnow.com/jobs/companies/wolt-english/senior-data-scientist-workforce-management-analytics-berlin-224838'}","{'title': 'Data Science & Machine Learning for Life-Science (m/w/d)', 'job_url': 'https://www.arbeitnow.com/jobs/companies/limebit-gmbh/data-science-machine-learning-for-life-science-berlin-259599'}"
"{'title': 'Lagermitarbeiter (m/w/d)', 'job_url': 'https://www.arbeitnow.com/jobs/companies/pergolux/lagermitarbeiter-fulda-66956'}","{'title': 'Lagerist / Lagermitarbeiter (m/f/d)', 'job_url': 'https://www.arbeitnow.com/jobs/companies/sereact-gmbh/lagerist-lagermitarbeiter-stuttgart-404710'}","{'title': 'Lagermitarbeiter / Picker / Kommissionierer (m/w/d)', 'job_url': 'https://www.arbeitnow.com/jobs/companies/rohlik/lagermitarbeiter-picker-kommissionierer-schonefeld-489019'}","{'title': 'Lagermitarbeiter / Picker / Kommissionierer (m/w/d)', 'job_url': 'https://www.arbeitnow.com/jobs/companies/rohlik/lagermitarbeiter-picker-kommissionierer-garching-bei-munchen-159963'}","{'title': 'Lagermitarbeiter /  Picker / Kommissionierer (m/w/d)', 'job_url': 'https://www.arbeitnow.com/jobs/companies/rohlik/lagermitarbeiter-picker-kommissionierer-bischofsheim-151094'}",,,,
"{'title': 'Implementation Enginner', 'job_url': 'https://www.arbeitnow.com/jobs/companies/engflow/implementation-enginner-germany-8089'}","{'title': 'Implementation Manager DACH', 'job_url': 'https://www.arbeitnow.com/jobs/companies/mollie/implementation-manager-dach-munich-274547'}","{'title': 'Senior Implementation Consultant (m/f/d)', 'job_url': 'https://www.arbeitnow.com/jobs/companies/soficonv/senior-implementation-consultant-munchen-bavaria-120913'}","{'title': 'Implementation & Success Consultant (all genders)', 'job_url': 'https://www.arbeitnow.com/jobs/companies/prospeum-gmbh/implementation-success-consultant-all-genders-hallbergmoos-122342'}","{'title': 'Lead Implementation & Delivery (f/m/d)', 'job_url': 'https://www.arbeitnow.com/jobs/companies/riiico/lead-implementation-delivery-dusseldorf-116812'}","{'title': 'Software Implementation Engineer (m/f/d)', 'job_url': 'https://www.arbeitnow.com/jobs/companies/quantum-systems-gmbh/software-implementation-engineer-rostock-151714'}","{'title': 'Software Implementation Engineer (m/f/d)', 'job_url': 'https://www.arbeitnow.com/jobs/companies/quantum-systems-gmbh/software-implementation-engineer-rostock-461128'}","{'title': 'Technical Project Manager - ERP Implementation (all genders)', 'job_url': 'https://www.arbeitnow.com/jobs/companies/vaeridion/technical-project-manager-erp-implementation-all-genders-munich-254629'}","{'title': 'Support & Implementation Engineer (m/w/d)', 'job_url': 'https://www.arbeitnow.com/jobs/companies/fynn-gmbh/support-implementation-engineer-cologne-89593'}"
"{'title': 'Senior Edge Infrastructure Engineer', 'job_url': 'https://www.arbeitnow.com/jobs/companies/almetra/senior-edge-infrastructure-engineer-berlin-291020'}","{'title': 'Engineering Manager - Edge AI', 'job_url': 'https://www.arbeitnow.com/jobs/companies/sumup/engineering-manager-edge-ai-berlin-452506'}","{'title': 'Engineering Manager - Edge AI', 'job_url': 'https://www.arbeitnow.com/jobs/companies/sumup/engineering-manager-edge-ai-berlin-94228'}","{'title': 'Software Engineer - IoT/Cloud/Edge Backend (m/f/d) for the renewable energy industry', 'job_url': 'https://www.arbeitnow.com/jobs/companies/heat-energie-software-gmbh/software-engineer-iot-cloud-edge-backend-for-the-renewable-energy-industry-berlin-71176'}","{'title': 'Senior Embedded Linux Engineer (all genders) - Yocto · Python · IoT Edge', 'job_url': 'https://www.arbeitnow.com/jobs/companies/wemolo/senior-embedded-linux-engineer-all-genders-yocto-python-iot-edge-munchen-308178'}","{'title': 'Senior GTM Engineer', 'job_url': 'https://www.arbeitnow.com/jobs/companies/gtm-base/senior-gtm-engineer-berlin-78655'}","{'title': 'Senior/Staff Machine Learning Engineer', 'job_url': 'https://www.arbeitnow.com/jobs/companies/vestiairecollective/senior-staff-machine-learning-engineer-berlin-489442'}","{'title': 'Senior DevOps Engineer (m/f/d) - healthcare AI', 'job_url': 'https://www.arbeitnow.com/jobs/companies/voize/senior-devops-engineer-healthcare-ai-berlin-201596'}","{'title': 'Senior Software Engineer Platform', 'job_url': 'https://www.arbeitnow.com/jobs/companies/qdranttech/senior-software-engineer-platform-berlin-482787'}"
"{'title': 'Assistant to the CRO - Germany, Munich', 'job_url': 'https://www.arbeitnow.com/jobs/companies/neuralconcept/assistant-to-the-cro-germany-munich-364145'}","{'title': 'Special Assistant to the CEO (gn)', 'job_url': 'https://www.arbeitnow.com/jobs/companies/ideematec-deutschland-gmbh/special-assistant-to-the-ceo-gn-ismaning-228839'}","{'title': ""Founder's Associate to the CTO"", 'job_url': 'https://www.arbeitnow.com/jobs/companies/sereact-gmbh/founders-associate-to-the-cto-stuttgart-170145'}","{'title': 'Chief of Staff to the Co-CEO - m/f/d', 'job_url': 'https://www.arbeitnow.com/jobs/companies/langdock/chief-of-staff-to-the-co-ceo-berlin-180445'}","{'title': 'Software Engineer, Platform - Munich, Germany', 'job_url': 'https://www.arbeitnow.com/jobs/companies/speechify/software-engineer-platform-munich-germany-306330'}","{'title': 'Executive Assistant to COO (m/w/d)', 'job_url': 'https://www.arbeitnow.com/jobs/companies/hello-lemon-gmbh/executive-assistant-to-coo-neuwied-119368'}","{'title': 'Account Executive - Munich', 'job_url': 'https://www.arbeitnow.com/jobs/companies/tebi/account-executive-munich-681'}","{'title': 'Marketing Assistant DACH Region', 'job_url': 'https://www.arbeitnow.com/jobs/companies/dahua-technology-gmbh/marketing-assistant-dach-region-dusseldorf-40237'}","{'title': '(Senior) Go to Market Scaling Manager - Germany (m/f/d)', 'job_url': 'https://www.arbeitnow.com/jobs/companies/1komma50/senior-go-to-market-scaling-manager-germany-berlin-307706'}"
"{'title': 'Solutions Engineering Manager - DACH & Nordics', 'job_url': 'https://www.arbeitnow.com/jobs/companies/neuralconcept/solutions-engineering-manager-dach-nordics-munich-178545'}","{'title': 'Founding GTM & Sales Manager - DACH & Nordics (gn) @ AI Digital Defense Venture, Germany', 'job_url': 'https://www.arbeitnow.com/jobs/companies/atlanticvc/remote-founding-gtm-sales-manager-dach-nordics-gn-at-ai-digital-defense-venture-germany-berlin-242780'}","{'title': 'Founding G2M & Sales Manager - DACH & Nordics (gn) @ AI Digital Defense Venture, Germany', 'job_url': 'https://www.arbeitnow.com/jobs/companies/atlanticvc/remote-founding-g2m-sales-manager-dach-nordics-gn-at-ai-digital-defense-venture-germany-berlin-71448'}","{'title': 'Founding Account Executive – Nordics', 'job_url': 'https://www.arbeitnow.com/jobs/companies/tacto/founding-account-executive-nordics-munich-475390'}","{'title': 'Senior Solutions Engineer - DACH', 'job_url': 'https://www.arbeitnow.com/jobs/companies/saviynt/senior-solutions-engineer-dach-munich-161208'}","{'title': 'Solutions Engineer - DACH (d/f/m)', 'job_url': 'https://www.arbeitnow.com/jobs/companies/luminovo-gmbh-jobs/solutions-engineer-dach-munich-14103'}","{'title': 'Senior Solutions Engineer (DACH)', 'job_url': 'https://www.arbeitnow.com/jobs/companies/sentinellabs/senior-solutions-engineer-dach-124654'}","{'title': 'Staff Solutions Engineer (DACH)', 'job_url': 'https://www.arbeitnow.com/jobs/companies/sentinellabs/staff-solutions-engineer-dach-188857'}","{'title': 'Solutions Architect, Lead', 'job_url': 'https://www.arbeitnow.com/jobs/companies/notabene/remote-solutions-architect-lead-467493'}"
"{'title': 'Account Executive - Germany', 'job_url': 'https://www.arbeitnow.com/jobs/companies/neuralconcept/account-executive-germany-munich-327767'}","{'title': 'Account Executive, Named - Germany', 'job_url': 'https://www.arbeitnow.com/jobs/companies/rubrik/remote-account-executive-named-germany-86588'}","{'title': 'Territory Account Executive - Germany', 'job_url': 'https://www.arbeitnow.com/jobs/companies/rubrik/remote-territory-account-executive-germany-365056'}","{'title': 'Territory Account Executive, Commercial (Germany)', 'job_url': 'https://www.arbeitnow.com/jobs/companies/purestorage/territory-account-executive-commercial-germany-munich-454051'}","{'title': 'Strategic Account Executive - Germany', 'job_url': 'https://www.arbeitnow.com/jobs/companies/saviynt/remote-strategic-account-executive-germany-209723'}","{'title': 'Enterprise Account Executive (m/w/d) - Germany', 'job_url': 'https://www.arbeitnow.com/jobs/companies/stackfuel/enterprise-account-executive-germany-berlin-433063'}","{'title': 'Account Executive - Germany 🇩🇪', 'job_url': 'https://www.arbeitnow.com/jobs/companies/doctrine/account-executive-germany-dusseldorf-76947'}","{'title': 'Mid Market Account Executive (m/w/d) - Germany', 'job_url': 'https://www.arbeitnow.com/jobs/companies/stackfuel/mid-market-account-executive-germany-munich-461840'}","{'title': 'Strategic Enterprise Account Executive (m/w/d) - Germany', 'job_url': 'https://www.arbeitnow.com/jobs/companies/stackfuel/strategic-enterprise-account-executive-germany-berlin-420151'}"
"{'title': 'Solutions Engineer - Germany', 'job_url': 'https://www.arbeitnow.com/jobs/companies/neuralconcept/solutions-engineer-germany-munich-199006'}","{'title': 'Senior Business Value Engineer | Germany | Remote', 'job_url': 'https://www.arbeitnow.com/jobs/companies/grafanalabs/senior-business-value-engineer-germany-remote-438574'}","{'title': 'Full Stack Engineer (100% Remote Germany)', 'job_url': 'https://www.arbeitnow.com/jobs/companies/innocraft/full-stack-engineer-100-remote-germany-frankfurt-143976'}","{'title': 'Dellivery Director Germany & Switzerland', 'job_url': 'https://www.arbeitnow.com/jobs/companies/valiantys/dellivery-director-germany-switzerland-berlin-23773'}","{'title': 'Full Stack Engineer (Germany-based)', 'job_url': 'https://www.arbeitnow.com/jobs/companies/bowatt/full-stack-engineer-germany-based-426645'}","{'title': 'Solution Engineer - Germany', 'job_url': 'https://www.arbeitnow.com/jobs/companies/filigran/solution-engineer-germany-22665'}","{'title': 'Applied AI Engineer (Germany-based)', 'job_url': 'https://www.arbeitnow.com/jobs/companies/bowatt/applied-ai-engineer-germany-based-397114'}","{'title': 'Senior Infrastructure DevOps Engineer (100% Remote Germany)', 'job_url': 'https://www.arbeitnow.com/jobs/companies/innocraft/senior-infrastructure-devops-engineer-100-remote-germany-frankfurt-381413'}","{'title': 'Senior Sales Engineer - Germany', 'job_url': 'https://www.arbeitnow.com/jobs/companies/zscaler/senior-sales-engineer-germany-156998'}"
"{'title': 'Forward Deployed Engineer - Germany', 'job_url': 'https://www.arbeitnow.com/jobs/companies/neuralconcept/forward-deployed-engineer-germany-munich-408950'}","{'title': 'Forward Deployed Engineer', 'job_url': 'https://www.arbeitnow.com/jobs/companies/taktile/forward-deployed-engineer-berlin-287440'}","{'title': 'Forward Deployed Engineer (Aviation)', 'job_url': 'https://www.arbeitnow.com/jobs/companies/soji-ai-ug/forward-deployed-engineer-aviation-hamburg-49661'}","{'title': 'Forward Deployed Engineer (all genders)', 'job_url': 'https://www.arbeitnow.com/jobs/companies/eraneos/remote-forward-deployed-engineer-all-genders-108309'}","{'title': 'Forward Deployed Creative [Germany]', 'job_url': 'https://www.arbeitnow.com/jobs/companies/lumaai/forward-deployed-creative-germany-munich-378543'}","{'title': 'Lead Forward Deployed Engineer', 'job_url': 'https://www.arbeitnow.com/jobs/companies/taktile/lead-forward-deployed-engineer-berlin-56217'}","{'title': 'Forward Deployed Engineer', 'job_url': 'https://www.arbeitnow.com/jobs/companies/cloudfactory/forward-deployed-engineer-berlin-99601'}","{'title': 'Senior Forward Deployed Engineer', 'job_url': 'https://www.arbeitnow.com/jobs/companies/taktile/senior-forward-deployed-engineer-berlin-468439'}","{'title': 'Forward Deployed Engineer', 'job_url': 'https://www.arbeitnow.com/jobs/companies/anthropic/forward-deployed-engineer-munich-370247'}"
"{'title': 'Marketing Lead (m/f/d)', 'job_url': 'https://www.arbeitnow.com/jobs/companies/ygo/marketing-lead-berlin-324660'}","{'title': 'Internship Go-to-Market Engineering, AI & Automation (m/f/d)', 'job_url': 'https://www.arbeitnow.com/jobs/companies/autarcenergy/internship-go-to-market-engineering-ai-automation-berlin-271758'}","{'title': 'Social Media Manager (m/f/d)', 'job_url': 'https://www.arbeitnow.com/jobs/companies/deepslate/social-media-manager-berlin-228354'}","{'title': 'Teamlead Sales (w/m/d)', 'job_url': 'https://www.arbeitnow.com/jobs/companies/skalar/teamlead-sales-munich-453693'}","{'title': 'Senior Customer Success Manager (f/m/x)', 'job_url': 'https://www.arbeitnow.com/jobs/companies/sparetech/senior-customer-success-manager-430541'}","{'title': 'Account Executive (w/m/d)', 'job_url': 'https://www.arbeitnow.com/jobs/companies/skalar/account-executive-munich-360021'}","{'title': 'Account Executive - Enterprise', 'job_url': 'https://www.arbeitnow.com/jobs/companies/telli/account-executive-enterprise-berlin-469640'}","{'title': 'Senior Account Executive - Enterprise', 'job_url': 'https://www.arbeitnow.com/jobs/companies/telli/senior-account-executive-enterprise-berlin-477258'}","{'title': 'Commercial Analyst, DACH', 'job_url': 'https://www.arbeitnow.com/jobs/companies/heidi/commercial-analyst-dach-berlin-423207'}"
"{'title': 'AI Product Engineer', 'job_url': 'https://www.arbeitnow.com/jobs/companies/ygo/remote-ai-product-engineer-291436'}","{'title': 'Data Analytics, Data Science & AI Weiterbildung mit IHK-Abschluss | 100 % Remote', 'job_url': 'https://www.arbeitnow.com/jobs/companies/datasmart-point-gmbh/data-analytics-data-science-ai-weiterbildung-mit-ihk-abschluss-100-remote-berlin-452130'}","{'title': 'Software Engineer - AI', 'job_url': 'https://www.arbeitnow.com/jobs/companies/kuro-technology/software-engineer-ai-berlin-324268'}","{'title': 'Product Engineer - AI Finance', 'job_url': 'https://www.arbeitnow.com/jobs/companies/bjak/product-engineer-ai-finance-germany-21012'}","{'title': 'Product Engineer - AI Investing', 'job_url': 'https://www.arbeitnow.com/jobs/companies/bjak/product-engineer-ai-investing-germany-247922'}","{'title': 'Product Engineer - AI Neobank', 'job_url': 'https://www.arbeitnow.com/jobs/companies/bjak/product-engineer-ai-neobank-germany-56401'}","{'title': 'Product Engineer - AI Stockbroking', 'job_url': 'https://www.arbeitnow.com/jobs/companies/bjak/product-engineer-ai-stockbroking-germany-457780'}","{'title': 'Applied AI Engineer', 'job_url': 'https://www.arbeitnow.com/jobs/companies/bjak/applied-ai-engineer-germany-161054'}","{'title': 'Product Engineer - AI Finance', 'job_url': 'https://www.arbeitnow.com/jobs/companies/bjak/product-engineer-ai-finance-germany-219540'}"
"{'title': 'Founding Head of Sales', 'job_url': 'https://www.arbeitnow.com/jobs/companies/ygo/founding-head-of-sales-berlin-149546'}","{'title': 'Founding AE - DACH', 'job_url': 'https://www.arbeitnow.com/jobs/companies/nebuly/founding-ae-dach-germany-433694'}","{'title': 'Founding Product Designer', 'job_url': 'https://www.arbeitnow.com/jobs/companies/almedia/founding-product-designer-berlin-422712'}","{'title': 'Founding Engineer', 'job_url': 'https://www.arbeitnow.com/jobs/companies/almedia/founding-engineer-berlin-225966'}","{'title': 'Founding Textile Engineer (Equity + EXIST Funding)', 'job_url': 'https://www.arbeitnow.com/jobs/companies/nextexai/founding-textile-engineer-equity-exist-funding-berlin-345909'}","{'title': 'Founding Sales Development Representative (SDR DACH)', 'job_url': 'https://www.arbeitnow.com/jobs/companies/vivid/founding-sales-development-representative-sdr-dach-berlin-25398'}","{'title': 'Founding Account Executive – Nordics', 'job_url': 'https://www.arbeitnow.com/jobs/companies/tacto/founding-account-executive-nordics-munich-475390'}","{'title': 'Founding Account Executive – Benelux', 'job_url': 'https://www.arbeitnow.com/jobs/companies/tacto/founding-account-executive-benelux-munich-135842'}","{'title': 'Founding SMB Account Executive', 'job_url': 'https://www.arbeitnow.com/jobs/companies/dandy/founding-smb-account-executive-berlin-320117'}"
"{'title': 'Finance & Accounting Specialist (m/w/d) - Teilzeit', 'job_url': 'https://www.arbeitnow.com/jobs/companies/ygo/finance-accounting-specialist-teilzeit-berlin-19856'}","{'title': 'FINANCE MANAGER*IN (m/w/d)', 'job_url': 'https://www.arbeitnow.com/jobs/companies/spizza-pizza-operations-gmbh/finance-managerin-berlin-221599'}","{'title': 'Finance & Operations Intern', 'job_url': 'https://www.arbeitnow.com/jobs/companies/consultport/finance-operations-intern-berlin-369102'}","{'title': 'Finance ERP Specialist (m/w/d)', 'job_url': 'https://www.arbeitnow.com/jobs/companies/angeheuert-gmbh-personalberatung/finance-erp-specialist-hannover-354043'}","{'title': 'Finance Process & Systems Lead', 'job_url': 'https://www.arbeitnow.com/jobs/companies/trawa/finance-process-systems-lead-berlin-224688'}","{'title': 'Senior Finance Manager (m/w/d)', 'job_url': 'https://www.arbeitnow.com/jobs/companies/partspace-gmbh/senior-finance-manager-munich-455197'}","{'title': 'Director of Finance (all genders)', 'job_url': 'https://www.arbeitnow.com/jobs/companies/distribusion-technologies/remote-director-of-finance-all-genders-berlin-200065'}","{'title': 'Assistant Manager Finance (m/w/d)', 'job_url': 'https://www.arbeitnow.com/jobs/companies/japan-management/assistant-manager-finance-neuss-23606'}","{'title': 'Manager Finance Transformation (all genders)', 'job_url': 'https://www.arbeitnow.com/jobs/companies/nfon/manager-finance-transformation-all-genders-munich-98546'}"
"{'title': '(Senior) Consultant Transportprozesse (m/w/d)', 'job_url': 'https://www.arbeitnow.com/jobs/companies/flexus-ag/senior-consultant-transportprozesse-wurzburg-218605'}","{'title': 'Senior AI Architect & Consultant (m/w/d)', 'job_url': 'https://www.arbeitnow.com/jobs/companies/mayflower-gmbh/senior-ai-architect-consultant-wurzburg-57514'}","{'title': '(Senior) Tech Consultant', 'job_url': 'https://www.arbeitnow.com/jobs/companies/aclue-gmbh/senior-tech-consultant-hamburg-289717'}","{'title': 'Senior AI Architect & Consultant (m/w/d)', 'job_url': 'https://www.arbeitnow.com/jobs/companies/mayflower-gmbh/senior-ai-architect-consultant-munich-466364'}","{'title': 'Sales Consultant (m/w/d)', 'job_url': 'https://www.arbeitnow.com/jobs/companies/creativestyle-gmbh/sales-consultant-munich-446732'}","{'title': 'Senior IT-Projektmanager / Technical Consultant (m/w/d)', 'job_url': 'https://www.arbeitnow.com/jobs/companies/it-studio-rech-gmbh/senior-it-projektmanager-technical-consultant-wurzburg-62128'}","{'title': 'IT-Consultant (m/w/d)', 'job_url': 'https://www.arbeitnow.com/jobs/companies/leafworks-gmbh/it-consultant-berlin-16656'}","{'title': '(Senior) Consultant digitale Transformation und ERP (m/w/d)', 'job_url': 'https://www.arbeitnow.com/jobs/companies/inbeso-consulting-gmbh/senior-consultant-digitale-transformation-und-erp-wurzburg-43795'}","{'title': 'Consultant / Senior Consultant (m/w/d)', 'job_url': 'https://www.arbeitnow.com/jobs/companies/comselect-salesforce-crm-beratung/consultant-senior-consultant-mannheim-487585'}"
"{'title': 'ABAP Entwickler - Warehouse Management und Mobile Apps (m/w/d)', 'job_url': 'https://www.arbeitnow.com/jobs/companies/flexus-ag/abap-entwickler-warehouse-management-und-mobile-apps-wurzburg-138753'}","{'title': 'SAP Senior ABAP Entwickler', 'job_url': 'https://www.arbeitnow.com/jobs/companies/pertemps-erp/sap-senior-abap-entwickler-munich-110649'}","{'title': 'SAP ABAP Entwickler (m/w/d)', 'job_url': 'https://www.arbeitnow.com/jobs/companies/pertemps-erp/sap-abap-entwickler-dresden-314811'}","{'title': 'SAP ABAP Entwickler (m/w/d)', 'job_url': 'https://www.arbeitnow.com/jobs/companies/volentum-deutschland-gmbh/sap-abap-entwickler-nordlingen-254722'}","{'title': 'SAP Entwickler ABAP und SAPUI5 (a-z*)', 'job_url': 'https://www.arbeitnow.com/jobs/companies/untersee-unternehmensberatung-gmbh/sap-entwickler-abap-und-sapui5-a-z-konstanz-309609'}","{'title': 'SAP ABAP Entwickler', 'job_url': 'https://www.arbeitnow.com/jobs/companies/pertemps-erp/sap-abap-entwickler-munich-7122'}","{'title': 'SAP ABAP Inhouse Entwickler (m/w/d)', 'job_url': 'https://www.arbeitnow.com/jobs/companies/sapplier-gmbh/sap-abap-inhouse-entwickler-trier-79165'}","{'title': '(Senior) ABAP Entwickler (m/w/d)', 'job_url': 'https://www.arbeitnow.com/jobs/companies/cbs-corporate-business-solutions-gmbh/senior-abap-entwickler-heidelberg-241672'}","{'title': 'Team Lead Product Manager, Mobile Apps (m/f/d)', 'job_url': 'https://www.arbeitnow.com/jobs/companies/autoscout24/team-lead-product-manager-mobile-apps-138513'}"
"{'title': 'Praktikant:in - CFO Office (m/w/d)', 'job_url': 'https://www.arbeitnow.com/jobs/companies/1komma50/praktikantin-cfo-office-hamburg-460057'}","{'title': 'Programme Manager (d/f/m) - Office of the CFO', 'job_url': 'https://www.arbeitnow.com/jobs/companies/taxfix/programme-manager-office-of-the-cfo-berlin-397898'}","{'title': 'Financial Analyst (m/w/d) – CFO Office', 'job_url': 'https://www.arbeitnow.com/jobs/companies/prokuras-beteiligungs-gmbh/senior-financial-analyst-cfo-office-hamburg-412880'}","{'title': 'Kundenservice Mobilfunk Inbound - Freelancer - EU, außerhalb Deutschland - 100% Remote', 'job_url': 'https://www.arbeitnow.com/jobs/companies/hey-contact-heroes-gmbh/kundenservice-mobilfunk-inbound-freelancer-eu-ausserhalb-deutschland-100-remote-berlin-146674'}","{'title': '[CFO Finance] Praktikant Tax (m/w/d)', 'job_url': 'https://www.arbeitnow.com/jobs/companies/lg-electronics-deutschland-gmbh/cfo-finance-praktikant-tax-eschborn-340948'}","{'title': 'Bankkaufmann (m/w/d) für Front Office | Middle Office | Back Office', 'job_url': 'https://www.arbeitnow.com/jobs/companies/opus-one-recruitment-gmbh/bankkaufmann-fur-front-office-middle-office-back-office-munich-454365'}","{'title': 'Geschäftsführer CFO & COO (m/w/d) eines Private-Equity-finanzierten Produktionsunternehmens mit Beteiligungsmöglichkeit', 'job_url': 'https://www.arbeitnow.com/jobs/companies/marca-dienstleistung/geschaftsfuhrer-cfo-coo-eines-private-equity-finanzierten-produktionsunternehmens-mit-beteiligungsmoglichkeit-stuttgart-302719'}","{'title': 'Werkstudentin / Praktikantin Marketing & Growth (m/w/d)', 'job_url': 'https://www.arbeitnow.com/jobs/companies/plus-placement-gmbh/werkstudentin-praktikantin-marketing-growth-kassel-347124'}","{'title': 'Family Office Manager (m/w/d) Finance & Administration', 'job_url': 'https://www.arbeitnow.com/jobs/companies/new-flag-gmbh/family-office-manager-finance-administration-munich-50081'}"
"{'title': 'Niederlassungsleiter*in (Branch Manager*in) am Standort Osnabrück', 'job_url': 'https://www.arbeitnow.com/jobs/companies/annette-wittram-awi-personalvermittlung-und-bewerbercoaching/niederlassungsleiterin-branch-managerin-am-standort-osnabruck-41713'}","{'title': 'Kundenservice Mobilfunk Inbound - Freelancer - EU, außerhalb Deutschland - 100% Remote', 'job_url': 'https://www.arbeitnow.com/jobs/companies/hey-contact-heroes-gmbh/kundenservice-mobilfunk-inbound-freelancer-eu-ausserhalb-deutschland-100-remote-berlin-146674'}","{'title': 'Einsatzleiter  (m/w/d) am Standort Frankfurt a. Main', 'job_url': 'https://www.arbeitnow.com/jobs/companies/nurnberger-wach-und-schliessgesellschaft-mbh/einsatzleiter-am-standort-frankfurt-a-main-offenbach-a-main-423218'}","{'title': 'Inhouse It Consultant / Systeminformatiker (m/w/d) - Am Standort Weingarten', 'job_url': 'https://www.arbeitnow.com/jobs/companies/kohnle-partner/inhouse-it-consultant-systeminformatiker-am-standort-weingarten-277028'}","{'title': 'Vertriebsunterstützer Gewerbekundenberatung (m/w/d)  am Standort Karlsruhe', 'job_url': 'https://www.arbeitnow.com/jobs/companies/sparkasse-karlsruhe/vertriebsunterstutzer-gewerbekundenberatung-am-standort-karlsruhe-328773'}","{'title': 'Praktikant (m/w/d) Human Resources am Standort Leipzig', 'job_url': 'https://www.arbeitnow.com/jobs/companies/allabouthrlaw-gmbh/praktikant-human-resources-am-standort-leipzig-113247'}","{'title': 'Marketing Manager B2B Polen (m/w/d) am Standort Berlin', 'job_url': 'https://www.arbeitnow.com/jobs/companies/norsan-gmbh/marketing-manager-b2b-polen-am-standort-berlin-490628'}","{'title': 'TGA-Planer HLSK (m/w/d) am Standort Berlin', 'job_url': 'https://www.arbeitnow.com/jobs/companies/calefacto-gmbh/tga-planer-hlsk-am-standort-berlin-76669'}","{'title': 'Projektleiter Energiecontracting (m/w/d) am Standort Karlsruhe oder Berlin', 'job_url': 'https://www.arbeitnow.com/jobs/companies/calefacto-gmbh/projektleiter-energiecontracting-am-standort-karlsruhe-oder-berlin-243421'}"
"{'title': 'Service Desk Mitarbeiter (m/w/d)', 'job_url': 'https://www.arbeitnow.com/jobs/companies/medialine-eurotrade-ag/service-desk-mitarbeiter-sobernheim-273956'}","{'title': 'Customer Support Agent', 'job_url': 'https://www.arbeitnow.com/jobs/companies/the-happy-customers/customer-support-agent-berlin-333545'}","{'title': 'Customer Support Agent (M/W/D)', 'job_url': 'https://www.arbeitnow.com/jobs/companies/ralph/customer-support-agent-berlin-2789'}","{'title': 'Kundenbetreuung (Customer Support/Success) (m/w/d)', 'job_url': 'https://www.arbeitnow.com/jobs/companies/tutorspace-gmbh/customer-success-manager-ludwigshafen-30356'}","{'title': 'Director of Customer Support', 'job_url': 'https://www.arbeitnow.com/jobs/companies/cloudbedsthirdpartyboard/director-of-customer-support-341296'}","{'title': 'Customer Service Agent Scandinavia', 'job_url': 'https://www.arbeitnow.com/jobs/companies/pergolux/customer-service-agent-scandinavia-berlin-485590'}","{'title': 'Customer Support Manager (m/w/d)', 'job_url': 'https://www.arbeitnow.com/jobs/companies/vub-gmbh/customer-support-manager-cologne-251415'}","{'title': 'Customer Service Agent Frankreich (m/w/d)', 'job_url': 'https://www.arbeitnow.com/jobs/companies/machineseeker-group-gmbh/customer-service-agent-frankreich-essen-223233'}","{'title': 'Sachbearbeiter Customer Service und Kundenbetreuung (m/w/d)', 'job_url': 'https://www.arbeitnow.com/jobs/companies/my-humancapital-gmbh/sachbearbeiter-customer-service-und-kundenbetreuung-munich-31111'}"
"{'title': 'Kundensupport (all genders) Homeoffice', 'job_url': 'https://www.arbeitnow.com/jobs/companies/fadem-gmbh/kundensupport-all-genders-homeoffice-schluchtern-104959'}","{'title': 'Service-Support Techniker (m/w/d)', 'job_url': 'https://www.arbeitnow.com/jobs/companies/slee-medical-gmbh/service-support-techniker-nieder-olm-22270'}","{'title': 'IT-Support Engineer 2nd Level (all genders) für Unified Communications', 'job_url': 'https://www.arbeitnow.com/jobs/companies/starface-gmbh/it-support-engineer-2nd-level-all-genders-fur-unified-communications-karlsruhe-47581'}","{'title': 'Customer Support & Operations Lead (m/w/d), Mobility Startup Berlin', 'job_url': 'https://www.arbeitnow.com/jobs/companies/getaway/customer-support-operations-lead-mobility-startup-berlin-309892'}","{'title': 'Customer Care & Claims Agent Niederlande (m/w/d)', 'job_url': 'https://www.arbeitnow.com/jobs/companies/alteos-gmbh/customer-care-claims-agent-niederlande-berlin-382112'}","{'title': 'Service Berater (m/w/d) für BMW, MINI & Hyundai', 'job_url': 'https://www.arbeitnow.com/jobs/companies/wiemer-automobile-gmbh/service-berater-fur-bmw-mini-hyundai-cologne-122926'}","{'title': 'Customer Service Specialist (d/w/m)', 'job_url': 'https://www.arbeitnow.com/jobs/companies/spotmyenergy-gmbh/customer-service-specialist-cologne-92614'}","{'title': 'Kundenbetreuung (Customer Support/Success) (m/w/d)', 'job_url': 'https://www.arbeitnow.com/jobs/companies/tutorspace-gmbh/customer-success-manager-ludwigshafen-30356'}","{'title': 'Customer Success Manager im B2C (m/w/d)', 'job_url': 'https://www.arbeitnow.com/jobs/companies/sirius-music-communications-gmbh/customer-success-manager-im-b2c-berlin-460013'}"
"{'title': 'Werkstudent*in Influencer Marketing DACH (m/w/d)', 'job_url': 'https://www.arbeitnow.com/jobs/companies/everdrop-gmbh/werkstudentin-influencer-marketing-dach-munchen-71733'}","{'title': 'Influencer Marketing Manager DACH (m/w/d)', 'job_url': 'https://www.arbeitnow.com/jobs/companies/yfood-labs-gmbh/influencer-marketing-manager-dach-munich-231064'}","{'title': 'WerkstudentIn Influencer Marketing (m/w/d)', 'job_url': 'https://www.arbeitnow.com/jobs/companies/ykone-gmbh/werkstudentin-influencer-marketing-munich-295752'}","{'title': 'Influencer Marketing - Werkstudent (M/W/D)', 'job_url': 'https://www.arbeitnow.com/jobs/companies/social-cloud/influencer-marketing-werkstudent-hamburg-391318'}","{'title': 'Influencer Marketing Manager DACH (m/f/d)', 'job_url': 'https://www.arbeitnow.com/jobs/companies/the-better-cat/influencer-marketing-manager-dach-hamburg-495275'}","{'title': 'PraktikantIn Influencer Marketing (m/w/d)', 'job_url': 'https://www.arbeitnow.com/jobs/companies/ykone-gmbh/praktikantin-influencer-marketing-munich-315212'}","{'title': 'Werkstudent (m/w/d) Influencer Marketing für unsere Marke Achterhof', 'job_url': 'https://www.arbeitnow.com/jobs/companies/addvance-consumer-health-group-gmbh/werkstudent-influencer-marketing-fur-unsere-marke-achterhof-munich-165097'}","{'title': 'Projektmanager Influencer Marketing (m/w/d)', 'job_url': 'https://www.arbeitnow.com/jobs/companies/likegroup-gmbh/projektmanager-influencer-marketing-frankfurt-am-main-20495'}","{'title': 'Influencer Marketing Manager - Paid & Affiliate (Werkstudent)', 'job_url': 'https://www.arbeitnow.com/jobs/companies/zuerstgesund-gmbh/influencer-marketing-manager-paid-affiliate-werkstudent-bernhardswald-405456'}"
"{'title': 'Senior Software Engineer (m/w/d) | Fullstack für KI-Produkte', 'job_url': 'https://www.arbeitnow.com/jobs/companies/avenit-ag/remote-senior-software-engineer-fullstack-fur-ki-produkte-462829'}","{'title': 'Senior Fullstack Engineer (m/f/d)', 'job_url': 'https://www.arbeitnow.com/jobs/companies/moonscale/senior-fullstack-engineer-munich-213391'}","{'title': 'Fullstack Software Engineer (m/w/d)', 'job_url': 'https://www.arbeitnow.com/jobs/companies/rhein-nadel-automation-gmbh/fullstack-software-engineer-munchen-226983'}","{'title': '(Senior) AI Product Engineer (m/w/d)', 'job_url': 'https://www.arbeitnow.com/jobs/companies/legalhero/remote-senior-ai-product-engineer-berlin-286735'}","{'title': 'Fullstack Webentwickler (m/w/d)', 'job_url': 'https://www.arbeitnow.com/jobs/companies/gs-it-group-gmbh/fullstack-webentwickler-osnabruck-54459'}","{'title': 'Senior Fullstack Developer (m/w/d)', 'job_url': 'https://www.arbeitnow.com/jobs/companies/qualityminds-gmbh/senior-fullstack-developer-nuremberg-350056'}","{'title': 'Fullstack Entwickler:in', 'job_url': 'https://www.arbeitnow.com/jobs/companies/blp-software-gmbh/fullstack-entwicklerin-schorndorf-183618'}","{'title': 'AI Solutions Engineer (m/w/d)', 'job_url': 'https://www.arbeitnow.com/jobs/companies/tmh/ai-solutions-engineer-munchen-358086'}","{'title': 'Senior Software Engineer – IT Banking & Payment Operations', 'job_url': 'https://www.arbeitnow.com/jobs/companies/auxmoney-gmbh/remote-senior-software-engineer-it-banking-payment-operations-171811'}"
"{'title': 'Informatiker (m/w/d) System - & Netzwerkadministration', 'job_url': 'https://www.arbeitnow.com/jobs/companies/schilling-domke-gmbh-co-kg/informatiker-system-netzwerkadministration-forchheim-395249'}","{'title': 'System- und Netzwerkadministrator (m/w/d)', 'job_url': 'https://www.arbeitnow.com/jobs/companies/dt-netsolution/system-und-netzwerkadministrator-stuttgart-191327'}","{'title': 'System- und Netzwerkadministrator (m/w/d)', 'job_url': 'https://www.arbeitnow.com/jobs/companies/secosys-it/system-und-netzwerkadministrator-erfurt-336021'}","{'title': 'IT System Engineer (m/w/d)', 'job_url': 'https://www.arbeitnow.com/jobs/companies/indie-solutions-gmbh/it-system-engineer-berlin-123651'}","{'title': 'IT System Administrator (m/w/d)', 'job_url': 'https://www.arbeitnow.com/jobs/companies/looma-gmbh/it-system-administrator-magdeburg-153609'}","{'title': 'System Engineer(m/w/d) Windows', 'job_url': 'https://www.arbeitnow.com/jobs/companies/lantana-gesellschaft-fur-angewandte-daten-und-netzwerktechnik-mbh/system-engineer-windows-ahrensburg-357144'}","{'title': '(Senior) System Engineer (m/w/d)', 'job_url': 'https://www.arbeitnow.com/jobs/companies/merkl-it-gmbh/senior-system-engineer-munich-85648'}","{'title': 'Senior System Engineer - Infrastruktur (w/m/d)', 'job_url': 'https://www.arbeitnow.com/jobs/companies/cdh-computing-gmbh/senior-system-engineer-infrastruktur-greven-440421'}","{'title': 'IT System Engineer / Systemadministrator (m/w/d)', 'job_url': 'https://www.arbeitnow.com/jobs/companies/indie-solutions-gmbh/it-system-engineer-systemadministrator-berlin-205138'}"
"{'title': 'Werkstudent/in Software Development & Applied AI (m/w/d)', 'job_url': 'https://www.arbeitnow.com/jobs/companies/dataclue-gmbh/werkstudent-in-software-development-applied-ai-grunwald-337223'}","{'title': 'Applied AI Engineer', 'job_url': 'https://www.arbeitnow.com/jobs/companies/moss/applied-ai-engineer-berlin-395031'}","{'title': 'Manager, Applied AI Engineering (Codex)', 'job_url': 'https://www.arbeitnow.com/jobs/companies/openai/manager-applied-ai-engineering-codex-munich-313351'}","{'title': 'Applied AI Engineer, Codex', 'job_url': 'https://www.arbeitnow.com/jobs/companies/openai/applied-ai-engineer-codex-munich-356526'}","{'title': 'Applied AI Engineer', 'job_url': 'https://www.arbeitnow.com/jobs/companies/nexxaai/applied-ai-engineer-munich-germany-hybrid-131230'}","{'title': 'Applied AI Engineer - Remote', 'job_url': 'https://www.arbeitnow.com/jobs/companies/dexter-health/applied-ai-engineer-remote-cologne-460022'}","{'title': 'Applied AI Developer - Remote', 'job_url': 'https://www.arbeitnow.com/jobs/companies/dexter-health/applied-ai-developer-remote-cologne-318093'}","{'title': 'Data Analytics, Data Science & AI Weiterbildung mit IHK-Abschluss | 100 % Remote', 'job_url': 'https://www.arbeitnow.com/jobs/companies/datasmart-point-gmbh/data-analytics-data-science-ai-weiterbildung-mit-ihk-abschluss-100-remote-berlin-452130'}","{'title': 'Manager, Applied AI Architects', 'job_url': 'https://www.arbeitnow.com/jobs/companies/openai/manager-applied-ai-architects-munich-21819'}"
"{'title': 'Senior Backend Engineer, Python/Django (f/d/m)', 'job_url': 'https://www.arbeitnow.com/jobs/companies/ines-analytics/senior-backend-engineer-python-django-path-to-cto-berlin-239927'}","{'title': 'Senior Backend Engineer (Python & TypeScript, Microservices & Data Pipelines)', 'job_url': 'https://www.arbeitnow.com/jobs/companies/equimatch-gmbh/senior-backend-engineer-python-typescript-microservices-data-pipelines-berlin-484090'}","{'title': 'Senior Full-Stack Engineer (Python/Django + Vue.js)', 'job_url': 'https://www.arbeitnow.com/jobs/companies/hivebuy/senior-full-stack-engineer-python-django-vuejs-berlin-423545'}","{'title': 'Senior Backend Engineer - Python & Typescript', 'job_url': 'https://www.arbeitnow.com/jobs/companies/muxon/senior-backend-engineer-python-typescript-berlin-250726'}","{'title': 'Senior Backend Engineer (m/f/d)', 'job_url': 'https://www.arbeitnow.com/jobs/companies/berliner-verlag-gmbh/senior-backend-engineer-berlin-353982'}","{'title': 'Senior Backend Engineer (Python) - Remote', 'job_url': 'https://www.arbeitnow.com/jobs/companies/breathment/senior-backend-engineer-python-remote-munich-2605'}","{'title': 'Senior Backend Engineer (Berlin)', 'job_url': 'https://www.arbeitnow.com/jobs/companies/generalmind/senior-backend-engineer-berlin-230943'}","{'title': 'Senior Backend Engineer', 'job_url': 'https://www.arbeitnow.com/jobs/companies/bitsbirds-gmbh/senior-backend-engineer-berlin-187689'}","{'title': 'Senior Backend Engineer (m/f/x)', 'job_url': 'https://www.arbeitnow.com/jobs/companies/verbi-software-gmbh/senior-backend-engineer-berlin-189193'}"
"{'title': 'Frontend Developer (f/m/d) - Angular 20', 'job_url': 'https://www.arbeitnow.com/jobs/companies/rhebo-gmbh/senior-frontend-developer-angular-13-leipzig-475527'}","{'title': 'Senior Frontend Developer (m/f/d) Angular / TypeScript', 'job_url': 'https://www.arbeitnow.com/jobs/companies/etalytics-gmbh/senior-frontend-developer-angular-typescript-darmstadt-249291'}","{'title': 'Senior Frontend Angular Developer (all genders)', 'job_url': 'https://www.arbeitnow.com/jobs/companies/init-ag/senior-frontend-angular-developer-all-genders-berlin-48670'}","{'title': 'Software Developer (m/w/d) - Schwerpunkt Angular', 'job_url': 'https://www.arbeitnow.com/jobs/companies/isento-gmbh/software-developer-schwerpunkt-angular-nuremberg-189647'}","{'title': 'Frontend-Entwickler Angular (m/w/d)', 'job_url': 'https://www.arbeitnow.com/jobs/companies/scaliro-gmbh/frontend-entwickler-angular-rosenheim-491955'}","{'title': 'Frontend Developer (m/w/x)', 'job_url': 'https://www.arbeitnow.com/jobs/companies/k-tronik-gmbh/frontend-developer-nuremberg-278828'}","{'title': 'Senior Frontend Developer (m/w/d)', 'job_url': 'https://www.arbeitnow.com/jobs/companies/doksafe-gmbh/senior-frontend-developer-leipzig-315088'}","{'title': 'Senior Java/Angular Fullstack Developer (m/w/d)', 'job_url': 'https://www.arbeitnow.com/jobs/companies/fastrocket-gmbh/senior-java-angular-fullstack-developer-regen-200015'}","{'title': 'Frontend Developer (m/f/d)', 'job_url': 'https://www.arbeitnow.com/jobs/companies/rahantech-gmbh/frontend-developer-hamburg-189233'}"
"{'title': 'Praktikum Social Media, Content & Community bei Try It (m/w/d)', 'job_url': 'https://www.arbeitnow.com/jobs/companies/ariside-ug-haftungsbeschrankt/praktikum-social-media-content-community-magdeburg-27715'}","{'title': 'Internship Social Media & Community Management bei Meet5 (m/w/d)', 'job_url': 'https://www.arbeitnow.com/jobs/companies/meet5-gmbh/internship-social-media-community-management-bei-meet5-frankfurt-am-main-116401'}","{'title': 'Content & Community Marketing Intern: Mandatory Internship, Berlin', 'job_url': 'https://www.arbeitnow.com/jobs/companies/baesh-social-ug/content-community-marketing-intern-mandatory-internship-berlin-183999'}","{'title': 'Praktikum Social Media Content', 'job_url': 'https://www.arbeitnow.com/jobs/companies/onest/praktikum-social-media-content-konstanz-415949'}","{'title': 'Werkstudent Social Media und Content', 'job_url': 'https://www.arbeitnow.com/jobs/companies/redrink-gmbh/werkstudent-social-media-und-content-munich-483889'}","{'title': 'Werkstudent / Praktikant Social Media & Content Creation (m/w/d)', 'job_url': 'https://www.arbeitnow.com/jobs/companies/klapp-cosmetics-gmbh/werkstudent-praktikant-social-media-content-creation-hessisch-lichtenau-344078'}","{'title': 'Praktikum (m/w/d) Remote: Social Media, Content Marketing & Customer Service', 'job_url': 'https://www.arbeitnow.com/jobs/companies/decorami-gmbh/praktikum-remote-social-media-content-marketing-customer-service-berlin-107754'}","{'title': 'Social Media Creator (all genders) / Organic Content & Community', 'job_url': 'https://www.arbeitnow.com/jobs/companies/barfers/social-media-creator-all-genders-organic-content-community-berlin-366431'}","{'title': 'Working Student | Social Media & Content (m/w/d)', 'job_url': 'https://www.arbeitnow.com/jobs/companies/azureagency-gmbh/working-student-social-media-content-cologne-234391'}"
"{'title': 'Internship Process & Operations - Energy (m/f/d)', 'job_url': 'https://www.arbeitnow.com/jobs/companies/1komma50/internship-process-operations-energy-berlin-246803'}","{'title': 'Operations Manager Intern', 'job_url': 'https://www.arbeitnow.com/jobs/companies/axess-intelligence-gmbh/operations-manager-intern-cologne-71284'}","{'title': 'Internship AI & Automation - Energy (m/f/d)', 'job_url': 'https://www.arbeitnow.com/jobs/companies/1komma5grad/internship-ai-automation-energy-berlin-450137'}","{'title': 'Finance & Operations Intern', 'job_url': 'https://www.arbeitnow.com/jobs/companies/consultport/finance-operations-intern-berlin-369102'}","{'title': 'Content & Community Marketing Intern: Mandatory Internship, Berlin', 'job_url': 'https://www.arbeitnow.com/jobs/companies/baesh-social-ug/content-community-marketing-intern-mandatory-internship-berlin-183999'}","{'title': 'Growth & Operations Intern (m/f/d)', 'job_url': 'https://www.arbeitnow.com/jobs/companies/phlair/growth-operations-intern-munchen-156715'}","{'title': 'Supply Chain & Operations Intern', 'job_url': 'https://www.arbeitnow.com/jobs/companies/andercore/supply-chain-operations-intern-berlin-229253'}","{'title': 'Content Marketing & Organic Growth Intern (m/f/d)', 'job_url': 'https://www.arbeitnow.com/jobs/companies/cloud-studios/marketing-content-intern-mandatory-internship-pflichtpraktikum-berlin-443828'}","{'title': 'Internship - Strategy & BizOps', 'job_url': 'https://www.arbeitnow.com/jobs/companies/telli/internship-strategy-bizops-berlin-76558'}"
"{'title': 'Regulatory Specialist (m/w/d)', 'job_url': 'https://www.arbeitnow.com/jobs/companies/severn-consultancy-gmbh/senior-consultant-regulatory-analyst-frankfurt-am-main-428862'}","{'title': 'Specialist Regulatory Reporting / Taxation', 'job_url': 'https://www.arbeitnow.com/jobs/companies/bank-of-communications-frankfurt-branch/specialist-regulatory-reporting-taxation-frankfurt-am-main-393915'}","{'title': 'Director Capital Markets (m/w/d)', 'job_url': 'https://www.arbeitnow.com/jobs/companies/gunnar-kuhne-executive-search-gmbh/director-capital-markets-frankfurt-am-main-493615'}","{'title': 'Purview Expert (m/w/d)', 'job_url': 'https://www.arbeitnow.com/jobs/companies/nviso/purview-expert-frankfurt-am-main-481471'}","{'title': 'Manufacturing Systems Specialist PAS-X (all genders)', 'job_url': 'https://www.arbeitnow.com/jobs/companies/accenture/manufacturing-systems-specialist-pas-x-all-genders-frankfurt-am-main-117882'}","{'title': 'Microsoft 365 Office Support Specialist (m/f/d)- Frankfurt a.M./Hybrid', 'job_url': 'https://www.arbeitnow.com/jobs/companies/evoila-frankfurt-gmbh/microsoft-365-office-support-specialist-frankfurt-am-hybrid-frankfurt-am-main-170001'}","{'title': 'Microsoft Purview Senior Consultant (m/w/d)', 'job_url': 'https://www.arbeitnow.com/jobs/companies/nviso/microsoft-purview-senior-consultant-frankfurt-am-main-183899'}","{'title': 'Lead Software Engineer (m/f/d)', 'job_url': 'https://www.arbeitnow.com/jobs/companies/novanta-europe-gmbh/lead-software-engineer-berlin-250844'}","{'title': 'Senior Relationship Manager (m/f/d)', 'job_url': 'https://www.arbeitnow.com/jobs/companies/icbc-frankfurt-branch/senior-relationship-manager-frankfurt-am-main-214980'}"
"{'title': 'IT System Administrator (f/m/d)', 'job_url': 'https://www.arbeitnow.com/jobs/companies/magazino-gmbh/it-system-administrator-munich-218775'}","{'title': 'Data Analytics, Data Science & AI Weiterbildung mit IHK-Abschluss | 100 % Remote', 'job_url': 'https://www.arbeitnow.com/jobs/companies/datasmart-point-gmbh/data-analytics-data-science-ai-weiterbildung-mit-ihk-abschluss-100-remote-berlin-452130'}","{'title': 'Student Employee (m/f/d) – IT Administration', 'job_url': 'https://www.arbeitnow.com/jobs/companies/scalefree-international-gmbh/student-employee-it-administration-hanover-52061'}","{'title': '(Senior) System Administrator (m/w/d)', 'job_url': 'https://www.arbeitnow.com/jobs/companies/ergosign-gmbh/senior-system-administrator-saarbrucken-453335'}","{'title': 'IT Administrator – operativer Betrieb & DevOps (all Genders)', 'job_url': 'https://www.arbeitnow.com/jobs/companies/global-side-gmbh/it-administrator-operativer-betrieb-devops-all-genders-munchen-14174'}","{'title': 'Design Engineer (f/m/x)', 'job_url': 'https://www.arbeitnow.com/jobs/companies/alago/design-engineer-munich-92666'}","{'title': 'PHP Web Developer (m/f/d)', 'job_url': 'https://www.arbeitnow.com/jobs/companies/bd-operations-gmbh/php-web-developer-munich-204376'}","{'title': 'Senior Fullstack Engineer (m/f/d)', 'job_url': 'https://www.arbeitnow.com/jobs/companies/moonscale/senior-fullstack-engineer-munich-213391'}","{'title': 'Salesforce Product Owner', 'job_url': 'https://www.arbeitnow.com/jobs/companies/andercore/salesforce-product-owner-berlin-295447'}"
"{'title': 'IT System Administrator (w/m/d)', 'job_url': 'https://www.arbeitnow.com/jobs/companies/magazino-gmbh/it-system-administrator-munich-41629'}","{'title': 'Data Analytics, Data Science & AI Weiterbildung mit IHK-Abschluss | 100 % Remote', 'job_url': 'https://www.arbeitnow.com/jobs/companies/datasmart-point-gmbh/data-analytics-data-science-ai-weiterbildung-mit-ihk-abschluss-100-remote-berlin-452130'}","{'title': 'Student Employee (m/f/d) – IT Administration', 'job_url': 'https://www.arbeitnow.com/jobs/companies/scalefree-international-gmbh/student-employee-it-administration-hanover-52061'}","{'title': '(Senior) System Administrator (m/w/d)', 'job_url': 'https://www.arbeitnow.com/jobs/companies/ergosign-gmbh/senior-system-administrator-saarbrucken-453335'}","{'title': 'IT Administrator – operativer Betrieb & DevOps (all Genders)', 'job_url': 'https://www.arbeitnow.com/jobs/companies/global-side-gmbh/it-administrator-operativer-betrieb-devops-all-genders-munchen-14174'}","{'title': 'Salesforce Product Owner', 'job_url': 'https://www.arbeitnow.com/jobs/companies/andercore/salesforce-product-owner-berlin-295447'}","{'title': 'IT-Administrator (m/w/d) Schwerpunkt Infrastruktur & DevOps', 'job_url': 'https://www.arbeitnow.com/jobs/companies/mint-solutions/it-administrator-schwerpunkt-infrastruktur-devops-munich-465442'}","{'title': 'Apple IT Systemadministrator (m/w/d) - 32h', 'job_url': 'https://www.arbeitnow.com/jobs/companies/storymachine-gmbh/apple-it-systemadministrator-32h-berlin-462808'}","{'title': '(Senior) System Engineer (m/w/d)', 'job_url': 'https://www.arbeitnow.com/jobs/companies/merkl-it-gmbh/senior-system-engineer-munich-85648'}"
"{'title': 'Robot Deployment Engineer (f/m/x)', 'job_url': 'https://www.arbeitnow.com/jobs/companies/magazino-gmbh/robot-deployment-engineer-munich-148530'}","{'title': 'Robot Learning Engineer', 'job_url': 'https://www.arbeitnow.com/jobs/companies/rohlik/robot-learning-engineer-munich-181259'}","{'title': '(Senior) Machine Learning Engineer, Robot Learning (m/f/d)', 'job_url': 'https://www.arbeitnow.com/jobs/companies/batch-robotics-gmbh/senior-machine-learning-engineer-robot-learning-munich-424832'}","{'title': 'Senior Testautomation Engineer - Robot Framework', 'job_url': 'https://www.arbeitnow.com/jobs/companies/polarstern-experts/senior-testautomation-engineer-robot-framework-munster-272699'}","{'title': 'Robot Pilot', 'job_url': 'https://www.arbeitnow.com/jobs/companies/rhoda-ai/robot-pilot-munich-germany-265785'}","{'title': '(Senior) Software Engineer, Robot control (f/m/d)', 'job_url': 'https://www.arbeitnow.com/jobs/companies/tactiliarobotics/senior-software-engineer-robot-control-munich-60883'}","{'title': '(Senior) Technical Field Engineer — Robotics Integration & Deployment', 'job_url': 'https://www.arbeitnow.com/jobs/companies/se3/senior-technical-field-engineer-robotics-integration-deployment-erding-224500'}","{'title': 'Lead / Principal Deployment Engineer', 'job_url': 'https://www.arbeitnow.com/jobs/companies/celonis/lead-principal-deployment-engineer-munich-436883'}","{'title': 'Field Deployment Engineer (m/f/d)', 'job_url': 'https://www.arbeitnow.com/jobs/companies/sereact-gmbh/field-deployment-engineer-stuttgart-11140'}"
"{'title': 'Robot Deployment Engineer (w/m/x)', 'job_url': 'https://www.arbeitnow.com/jobs/companies/magazino-gmbh/robot-deployment-engineer-munich-236223'}","{'title': 'Robot Learning Engineer', 'job_url': 'https://www.arbeitnow.com/jobs/companies/rohlik/robot-learning-engineer-munich-181259'}","{'title': 'Senior Testautomation Engineer - Robot Framework', 'job_url': 'https://www.arbeitnow.com/jobs/companies/polarstern-experts/senior-testautomation-engineer-robot-framework-munster-272699'}","{'title': '(Senior) Machine Learning Engineer, Robot Learning (m/f/d)', 'job_url': 'https://www.arbeitnow.com/jobs/companies/batch-robotics-gmbh/senior-machine-learning-engineer-robot-learning-munich-424832'}","{'title': 'Robot Pilot', 'job_url': 'https://www.arbeitnow.com/jobs/companies/rhoda-ai/robot-pilot-munich-germany-265785'}","{'title': '(Senior) Technical Field Engineer — Robotics Integration & Deployment', 'job_url': 'https://www.arbeitnow.com/jobs/companies/se3/senior-technical-field-engineer-robotics-integration-deployment-erding-224500'}","{'title': '(Senior) Software Engineer, Robot control (f/m/d)', 'job_url': 'https://www.arbeitnow.com/jobs/companies/tactiliarobotics/senior-software-engineer-robot-control-munich-60883'}","{'title': 'Lead / Principal Deployment Engineer', 'job_url': 'https://www.arbeitnow.com/jobs/companies/celonis/lead-principal-deployment-engineer-munich-436883'}","{'title': 'Intern Deployment Engineer - Data & AI', 'job_url': 'https://www.arbeitnow.com/jobs/companies/celonis/intern-deployment-engineer-data-ai-munich-416311'}"
"{'title': 'Mitarbeiter Energiewirtschaft / Netzbetrieb (m/w/d) - Aachen (Hybrid, 2 Tage Büropräsenz pro Woche)', 'job_url': 'https://www.arbeitnow.com/jobs/companies/fastr/mitarbeiter-energiewirtschaft-netzbetrieb-aachen-hybrid-2-tage-buroprasenz-pro-woche-93811'}","{'title': 'Controller Energiewirtschaft (m/w/d)', 'job_url': 'https://www.arbeitnow.com/jobs/companies/stromkontor-rostock-port-gmbh/controller-energiewirtschaft-bergisch-gladbach-297675'}","{'title': 'Werkstudent in der Netzwirtschaft / Energiewirtschaft (m/w/d)', 'job_url': 'https://www.arbeitnow.com/jobs/companies/currenta-gruppe/werkstudent-in-der-netzwirtschaft-energiewirtschaft-leverkusen-370590'}","{'title': 'Projektcontroller (m/w/d) Aachen', 'job_url': 'https://www.arbeitnow.com/jobs/companies/my-humancapital-gmbh/projektcontroller-aachen-289984'}","{'title': 'Manager Energiewirtschaft (m/w/d)', 'job_url': 'https://www.arbeitnow.com/jobs/companies/e1-management-consulting-gmbh/manager-energiewirtschaft-hamburg-89427'}","{'title': 'Senior Consultant Energiewirtschaft (m/w/d)', 'job_url': 'https://www.arbeitnow.com/jobs/companies/e1-management-consulting-gmbh/senior-consultant-energiewirtschaft-hamburg-45488'}","{'title': '(Senior) Spezialist*in Prozessautomatisierung & Marktprozesse in der Energiewirtschaft (m/w/d)', 'job_url': 'https://www.arbeitnow.com/jobs/companies/octopus-energy-group/senior-spezialistin-prozessautomatisierung-marktprozesse-in-der-energiewirtschaft-berlin-de-45054'}","{'title': 'Consultant / Projektleiter Energiewirtschaft (m/w/d)', 'job_url': 'https://www.arbeitnow.com/jobs/companies/e1-management-consulting-gmbh/consultant-projektleiter-energiewirtschaft-hamburg-6382'}","{'title': 'Junior Consultant Energiewirtschaft (m/w/d)', 'job_url': 'https://www.arbeitnow.com/jobs/companies/e1-management-consulting-gmbh/junior-consultant-energiewirtschaft-hamburg-20142'}"
"{'title': 'Consultant / Senior Consultant - Strategy & Data (m/w/d)', 'job_url': 'https://www.arbeitnow.com/jobs/companies/dataclue-gmbh/consultant-senior-consultant-strategy-data-grunwald-124028'}","{'title': 'Senior Consultant (m/f/d) Data & AI Strategy', 'job_url': 'https://www.arbeitnow.com/jobs/companies/artefactlinkedin/senior-consultant-data-ai-strategy-berlin-berlin-munchen-bavaria-483480'}","{'title': 'Senior Consultant (m/f/d) Data & AI Strategy', 'job_url': 'https://www.arbeitnow.com/jobs/companies/artefact/senior-consultant-data-ai-strategy-berlin-berlin-munchen-bavaria-57095'}","{'title': 'Strategy Consultant', 'job_url': 'https://www.arbeitnow.com/jobs/companies/anding-company/strategy-consultant-dusseldorf-211106'}","{'title': 'Data Analytics, Data Science & AI Weiterbildung mit IHK-Abschluss | 100 % Remote', 'job_url': 'https://www.arbeitnow.com/jobs/companies/datasmart-point-gmbh/data-analytics-data-science-ai-weiterbildung-mit-ihk-abschluss-100-remote-berlin-452130'}","{'title': '(Senior) B2B Strategy Consultant (m/w/d)', 'job_url': 'https://www.arbeitnow.com/jobs/companies/inboundfriends/senior-b2b-strategy-consultant-dusseldorf-153645'}","{'title': 'Electronic Data Interchange Consultant / EDI Consultant', 'job_url': 'https://www.arbeitnow.com/jobs/companies/market-cloud/electronic-data-interchange-consultant-edi-consultant-eschborn-401775'}","{'title': '(Senior) Data & AI Consultant (m/w/d)', 'job_url': 'https://www.arbeitnow.com/jobs/companies/empa-data-management-consulting-gmbh/senior-data-ai-consultant-frankfurt-am-main-200542'}","{'title': '(Senior) AI Strategy & Implementation Consultant', 'job_url': 'https://www.arbeitnow.com/jobs/companies/neurawork-gmbh-co-kg/senior-ai-strategy-implementation-consultant-ampfing-104389'}"
"{'title': 'Business Analyst / Junior Consultant (m/w/d)', 'job_url': 'https://www.arbeitnow.com/jobs/companies/dataclue-gmbh/business-analyst-junior-consultant-grunwald-406150'}","{'title': 'Data Analytics, Data Science & AI Weiterbildung mit IHK-Abschluss | 100 % Remote', 'job_url': 'https://www.arbeitnow.com/jobs/companies/datasmart-point-gmbh/data-analytics-data-science-ai-weiterbildung-mit-ihk-abschluss-100-remote-berlin-452130'}","{'title': 'Junior Security Operations Engineering Consultant (m/w/d)', 'job_url': 'https://www.arbeitnow.com/jobs/companies/nviso/junior-security-operations-engineering-consultant-frankfurt-am-main-279479'}","{'title': 'Praktikum | Junior Consultant', 'job_url': 'https://www.arbeitnow.com/jobs/companies/trustventure-gmbh/praktikum-junior-consultant-cologne-313150'}","{'title': 'Junior Consultant Healthcare', 'job_url': 'https://www.arbeitnow.com/jobs/companies/linkcare-gmbh/junior-consultant-healthcare-berlin-190910'}","{'title': 'Junior Consultant / Senior Consultant (m/w/d)', 'job_url': 'https://www.arbeitnow.com/jobs/companies/vdpconsulting-ag/junior-consultant-senior-consultant-hamburg-159017'}","{'title': 'Junior Consultant Finance (m/w/d)', 'job_url': 'https://www.arbeitnow.com/jobs/companies/soficon-gmbh/junior-consultant-finance-neuss-409103'}","{'title': '(Junior) Consultant (m/w/d)', 'job_url': 'https://www.arbeitnow.com/jobs/companies/lionment-gmbh-career/junior-consultant-hamburg-315999'}","{'title': '(Junior) Management Consultant (all genders)', 'job_url': 'https://www.arbeitnow.com/jobs/companies/rebuilders-gmbh/junior-management-consultant-all-genders-cologne-50466'}"
"{'title': 'Stv. Bereichsleitung After Sales (m/w/d)', 'job_url': 'https://www.arbeitnow.com/jobs/companies/volentum-deutschland-gmbh/stv-bereichsleitung-after-sales-goslar-444084'}","{'title': 'Praktikant - After-Sales (f/m/x)', 'job_url': 'https://www.arbeitnow.com/jobs/companies/caronsale/praktikant-after-sales-berlin-101997'}","{'title': 'Operations & After-Sales Manager (m/w/d)', 'job_url': 'https://www.arbeitnow.com/jobs/companies/ergotopia-gmbh/operations-customer-success-manager-darmstadt-116686'}","{'title': 'Head of Sales (m/w/d) - SaaS Sales Leadership mit Marketing-Schnittstelle', 'job_url': 'https://www.arbeitnow.com/jobs/companies/paqato-gmbh/head-of-sales-saas-sales-leadership-mit-marketing-schnittstelle-munster-12464'}","{'title': 'Senior Sales Manager', 'job_url': 'https://www.arbeitnow.com/jobs/companies/techbiz-global-gmbh/remote-senior-sales-manager-aachen-38201'}","{'title': 'Beta Tester:  AI Sales Tool (Free Access for Job Seekers in Sales)', 'job_url': 'https://www.arbeitnow.com/jobs/companies/same/beta-tester-ai-sales-tool-free-access-for-job-seekers-in-sales-berlin-110768'}","{'title': 'Intern in Sales & Marketing', 'job_url': 'https://www.arbeitnow.com/jobs/companies/coding-partners/intern-in-sales-marketing-berlin-279360'}","{'title': 'Praktikant:in - Sales/Marketing (m/w/d)', 'job_url': 'https://www.arbeitnow.com/jobs/companies/1komma50/praktikantin-sales-marketing-berlin-118974'}","{'title': 'Sales Engineer (DACH)', 'job_url': 'https://www.arbeitnow.com/jobs/companies/constructor/sales-engineer-dach-munich-392140'}"
"{'title': 'Werkstudent:in Process & Operations - Energy (m/w/d)', 'job_url': 'https://www.arbeitnow.com/jobs/companies/1komma50/werkstudentin-process-operations-energy-berlin-237967'}","{'title': 'Operations Process Manager (d/w/m)', 'job_url': 'https://www.arbeitnow.com/jobs/companies/spotmyenergy-gmbh/operations-process-managerin-cologne-407951'}","{'title': 'Trainee Operations & Process Excellence Energiewirtschaft (m/w/d) - SETrade', 'job_url': 'https://www.arbeitnow.com/jobs/companies/vispiron-gmbh/trainee-operations-process-excellence-energiewirtschaft-setrade-munich-471459'}","{'title': 'Senior Manager, Clinical Operations - Clinical Process Owner', 'job_url': 'https://www.arbeitnow.com/jobs/companies/precisionmedicinegroup/remote-senior-manager-clinical-operations-clinical-process-owner-27828'}","{'title': 'Finance Process & Systems Lead', 'job_url': 'https://www.arbeitnow.com/jobs/companies/trawa/finance-process-systems-lead-berlin-224688'}","{'title': 'Senior Process Engieer', 'job_url': 'https://www.arbeitnow.com/jobs/companies/tozero/senior-process-engieer-munich-hq-karlsfeld-437764'}","{'title': '(Senior) Softwareentwickler Energy Systems & Cloud (m/w/d)', 'job_url': 'https://www.arbeitnow.com/jobs/companies/encosa-energy-gmbh/senior-softwareentwickler-energy-systems-cloud-munich-358656'}","{'title': 'Collection Operations & Process Manager (all genders)', 'job_url': 'https://www.arbeitnow.com/jobs/companies/wemolo/collection-operations-process-manager-all-genders-munchen-411333'}","{'title': 'Werkstudentin Retail Operations Manager (m/w/d)', 'job_url': 'https://www.arbeitnow.com/jobs/companies/gusti-leder-gmbh/werkstudentin-retail-operations-manager-rostock-332312'}"
"{'title': 'Zweiradmechaniker Motorrad / Kfz-Mechaniker (m/w/d) - Altendiez', 'job_url': 'https://www.arbeitnow.com/jobs/companies/mca-gmbh/zweiradmechaniker-motorrad-kfz-mechaniker-altendiez-57721'}",,,,,,,,
"{'title': 'Technischer Support für Privatpersonen (40€/h) - Stuttgart', 'job_url': 'https://www.arbeitnow.com/jobs/companies/helferline-gmbh/technischer-support-fur-privatpersonen-40eur-h-stuttgart-365839'}","{'title': 'Kundenservice Mobilfunk Inbound - Freelancer - EU, außerhalb Deutschland - 100% Remote', 'job_url': 'https://www.arbeitnow.com/jobs/companies/hey-contact-heroes-gmbh/kundenservice-mobilfunk-inbound-freelancer-eu-ausserhalb-deutschland-100-remote-berlin-146674'}","{'title': 'IT-Support', 'job_url': 'https://www.arbeitnow.com/jobs/companies/film-und-medienfestival-ggmbh/it-support-stuttgart-340013'}","{'title': 'Technischer Objektverwalter (m/w/d)', 'job_url': 'https://www.arbeitnow.com/jobs/companies/my-humancapital-gmbh/technischer-objektverwalter-stuttgart-11756'}","{'title': 'Senior Bauleiter (m/w/d) Rohbau - Stuttgart', 'job_url': 'https://www.arbeitnow.com/jobs/companies/skalbach-gmbh/senior-bauleiter-rohbau-stuttgart-34453'}","{'title': 'Duales Studium Informatik (B.Sc.) DHBW Stuttgart/Horb', 'job_url': 'https://www.arbeitnow.com/jobs/companies/ruthardt-softwaretechnik-gmbh/duales-studium-informatik-bsc-dhbw-stuttgart-horb-leinfelden-echterdingen-15792'}","{'title': 'Störungstechniker / Technischer Support (m/w/d)', 'job_url': 'https://www.arbeitnow.com/jobs/companies/stadtritter-gmbh/storungstechniker-technischer-support-potsdam-436168'}","{'title': 'Technischer Objektbetreuer (m/w/d) - Instandhaltung & Projekte', 'job_url': 'https://www.arbeitnow.com/jobs/companies/maile-hausverwaltung/technischer-objektbetreuer-instandhaltung-projekte-stuttgart-41526'}","{'title': 'Full Stack Developer (m/w/d) in Stuttgart', 'job_url': 'https://www.arbeitnow.com/jobs/companies/fenstercom/full-stack-developer-in-stuttgart-308401'}"
"{'title': 'Influencer Marketing & Creator Manager (all genders), 100 % Remote', 'job_url': 'https://www.arbeitnow.com/jobs/companies/brainbook-brain-media-gmbh/influencer-marketing-creator-manager-all-genders-100-home-office-frankfurt-am-main-235172'}","{'title': 'Influencer Marketing Manager (m/w/d), Vollzeit, 100% Remote', 'job_url': 'https://www.arbeitnow.com/jobs/companies/meluya-gmbh/influencer-marketing-manager-vollzeit-100-remote-dusseldorf-323221'}","{'title': 'Kundenservice Mobilfunk Inbound - Freelancer - EU, außerhalb Deutschland - 100% Remote', 'job_url': 'https://www.arbeitnow.com/jobs/companies/hey-contact-heroes-gmbh/kundenservice-mobilfunk-inbound-freelancer-eu-ausserhalb-deutschland-100-remote-berlin-146674'}","{'title': '(Senior) Influencer Marketing Manager (all genders)', 'job_url': 'https://www.arbeitnow.com/jobs/companies/cheex/senior-influencer-marketing-manager-berlin-265382'}","{'title': 'Youtube Influencer Marketing Manager (m/w/d) (Werkstudent)', 'job_url': 'https://www.arbeitnow.com/jobs/companies/adspace/youtube-influencer-marketing-manager-werkstudent-hamburg-56471'}","{'title': 'Senior Influencer Marketing Manager (all genders)', 'job_url': 'https://www.arbeitnow.com/jobs/companies/sunday-natural/senior-influencer-marketing-manager-all-genders-berlin-41418'}","{'title': 'B2B Partnerships & Influencer Marketing Manager', 'job_url': 'https://www.arbeitnow.com/jobs/companies/yazio/b2b-partnerships-influencer-marketing-manager-berlin-41621'}","{'title': 'Projektmanager Influencer Marketing (m/w/d)', 'job_url': 'https://www.arbeitnow.com/jobs/companies/likegroup-gmbh/projektmanager-influencer-marketing-frankfurt-am-main-20495'}","{'title': 'Data Analytics, Data Science & AI Weiterbildung mit IHK-Abschluss | 100 % Remote', 'job_url': 'https://www.arbeitnow.com/jobs/companies/datasmart-point-gmbh/data-analytics-data-science-ai-weiterbildung-mit-ihk-abschluss-100-remote-berlin-452130'}"
"{'title': '(Senior) Go to Market Scaling Manager - Germany (m/f/d)', 'job_url': 'https://www.arbeitnow.com/jobs/companies/1komma50/senior-go-to-market-scaling-manager-germany-berlin-307706'}","{'title': 'Go-to-Market Champion (GPU & AI)', 'job_url': 'https://www.arbeitnow.com/jobs/companies/impossiblecloud/go-to-market-champion-gpu-ai-hamburg-247037'}","{'title': 'Chief of Staff Go to Market (m/f/d)', 'job_url': 'https://www.arbeitnow.com/jobs/companies/1komma5grad/chief-of-staff-go-to-market-berlin-472315'}","{'title': 'Go To Market Lead, DACH', 'job_url': 'https://www.arbeitnow.com/jobs/companies/gigs/go-to-market-lead-dach-berlin-301129'}","{'title': 'Strategy Manager Krankentransport (m/w/d) – Business Development & Go-to-Market', 'job_url': 'https://www.arbeitnow.com/jobs/companies/dmrz/strategy-manager-krankentransport-business-development-go-to-market-dusseldorf-384464'}","{'title': 'RevOps Engineer / Go to Market Systems Analyst', 'job_url': 'https://www.arbeitnow.com/jobs/companies/impossiblecloud/revops-engineer-go-to-market-systems-analyst-hamburg-477920'}","{'title': 'Senior Go-to-Market Manager (w/m/d)', 'job_url': 'https://www.arbeitnow.com/jobs/companies/valsight/senior-go-to-market-manager-berlin-265278'}","{'title': 'Engineering Manager - Go-to-Market (m/f/d)', 'job_url': 'https://www.arbeitnow.com/jobs/companies/statista/engineering-manager-go-to-market-hamburg-or-berlin-303314'}","{'title': 'Senior Go-to-Market Manager (w/m/d)', 'job_url': 'https://www.arbeitnow.com/jobs/companies/valsight/senior-go-to-market-manager-berlin-320273'}"
"{'title': 'SAP ABAP Entwickler (m/w/d)', 'job_url': 'https://www.arbeitnow.com/jobs/companies/volentum-deutschland-gmbh/sap-abap-entwickler-nordlingen-254722'}","{'title': 'SAP ABAP Inhouse Entwickler (m/w/d)', 'job_url': 'https://www.arbeitnow.com/jobs/companies/sapplier-gmbh/sap-abap-inhouse-entwickler-trier-79165'}","{'title': 'SAP ABAP Developer / Entwickler (m/w/d)', 'job_url': 'https://www.arbeitnow.com/jobs/companies/js-soft-ag/sap-abap-developer-entwickler-heidelberg-357838'}","{'title': 'SAP Senior ABAP Entwickler', 'job_url': 'https://www.arbeitnow.com/jobs/companies/pertemps-erp/sap-senior-abap-entwickler-munich-110649'}","{'title': 'Senior SAP ABAP Entwickler (m/w/d)', 'job_url': 'https://www.arbeitnow.com/jobs/companies/msa-fleet-consulting-msa-software-solutions-ug/senior-sap-abap-entwickler-bruckmuhl-459992'}","{'title': 'Senior SAP ABAP-Entwickler (m/w/d)', 'job_url': 'https://www.arbeitnow.com/jobs/companies/andcompany-gmbh/senior-sap-abap-entwickler-hamburg-368554'}","{'title': 'SAP ABAP Entwickler (m/w/d)', 'job_url': 'https://www.arbeitnow.com/jobs/companies/pertemps-erp/sap-abap-entwickler-dresden-314811'}","{'title': 'SAP ABAP Entwickler', 'job_url': 'https://www.arbeitnow.com/jobs/companies/pertemps-erp/sap-abap-entwickler-munich-7122'}","{'title': 'Senior SAP ABAP Entwickler (m/w/d) für die Energiewirtschaft', 'job_url': 'https://www.arbeitnow.com/jobs/companies/enecon-consulting-gmbh/senior-sap-abap-entwickler-fur-die-energiewirtschaft-dusseldorf-21225'}"
"{'title': 'Solution Architect AI (m/w/d)', 'job_url': 'https://www.arbeitnow.com/jobs/companies/brighter-ai-technologies-gmbh/solution-architect-ai-berlin-155916'}","{'title': 'Data Analytics, Data Science & AI Weiterbildung mit IHK-Abschluss | 100 % Remote', 'job_url': 'https://www.arbeitnow.com/jobs/companies/datasmart-point-gmbh/data-analytics-data-science-ai-weiterbildung-mit-ihk-abschluss-100-remote-berlin-452130'}","{'title': 'AI Solution Engineer (f/m/d)', 'job_url': 'https://www.arbeitnow.com/jobs/companies/workist-gmbh/ai-solution-engineer-berlin-387873'}","{'title': 'AI Engineer Intern', 'job_url': 'https://www.arbeitnow.com/jobs/companies/enzo/ai-engineer-intern-heidelberg-340750'}","{'title': 'SAP SD Consultant/Developer – AI Integration (f/m/d)', 'job_url': 'https://www.arbeitnow.com/jobs/companies/workist-gmbh/sap-sd-consultant-developer-ai-integration-berlin-182883'}","{'title': 'Staff Engineer - Heartbeat AI (m/f/d)', 'job_url': 'https://www.arbeitnow.com/jobs/companies/1komma50/staff-engineer-heartbeat-ai-berlin-388590'}","{'title': 'AI Solution Expert (m/w/d)', 'job_url': 'https://www.arbeitnow.com/jobs/companies/fcf-fox-corporate-finance-gmbh/ai-solution-expert-munich-99891'}","{'title': 'AI Compiler Engineer', 'job_url': 'https://www.arbeitnow.com/jobs/companies/enchargeai36/remote-ai-compiler-engineer-152964'}","{'title': 'Applied AI Architect, Partnerships', 'job_url': 'https://www.arbeitnow.com/jobs/companies/anthropic/applied-ai-architect-partnerships-munich-488937'}"
"{'title': 'Salesforce DevOps Engineer (m/w/d)', 'job_url': 'https://www.arbeitnow.com/jobs/companies/traze-gmbh/devops-engineer-frankfurt-am-main-247496'}","{'title': 'Senior Salesforce Consultant (m/f/x)', 'job_url': 'https://www.arbeitnow.com/jobs/companies/salesfive-gmbh/senior-salesforce-consultant-frankfurt-am-main-351414'}","{'title': 'Senior Salesforce Developer (m/w/d)', 'job_url': 'https://www.arbeitnow.com/jobs/companies/comselect-salesforce-crm-beratung/senior-salesforce-developer-mannheim-115076'}","{'title': 'Trainee Consulting & Salesforce-Entwickler (m/w/d)', 'job_url': 'https://www.arbeitnow.com/jobs/companies/cloudworx/trainee-consulting-salesforce-entwickler-munich-54445'}","{'title': 'Salesforce Commerce Cloud B2B Software Engineer (m/f/x)', 'job_url': 'https://www.arbeitnow.com/jobs/companies/salesfive-gmbh/salesforce-commerce-cloud-b2b-software-engineer-berlin-121525'}","{'title': 'Salesforce Product Owner', 'job_url': 'https://www.arbeitnow.com/jobs/companies/andercore/salesforce-product-owner-berlin-295447'}","{'title': 'Praktikant*in Salesforce Development', 'job_url': 'https://www.arbeitnow.com/jobs/companies/alva-energie/praktikantin-salesforce-development-berlin-490533'}","{'title': 'Salesforce Developer (all genders)', 'job_url': 'https://www.arbeitnow.com/jobs/companies/infotip-service-gmbh/salesforce-developer-all-genders-georgensgmund-10612'}","{'title': 'Senior Salesforce Developer (Temporary)', 'job_url': 'https://www.arbeitnow.com/jobs/companies/angi/senior-salesforce-developer-temporary-berlin-231535'}"
"{'title': 'IT System Engineer (w/m/d) in Düsseldorf oder Dortmund', 'job_url': 'https://www.arbeitnow.com/jobs/companies/flexit-consulting-gmbh/it-system-engineer-managed-services-in-dusseldorf-oder-dortmund-225805'}","{'title': 'Werkstudent als Telefonist (m/w/d) in Dortmund', 'job_url': 'https://www.arbeitnow.com/jobs/companies/corius-gruppe/werkstudent-als-telefonist-in-dortmund-241357'}","{'title': 'Junior AI-Automation Specialist (m/w/d) – vor Ort in Dortmund', 'job_url': 'https://www.arbeitnow.com/jobs/companies/atz-ag/junior-ai-automation-specialist-vor-ort-in-dortmund-258748'}","{'title': 'Teamleiter Sales Dortmund', 'job_url': 'https://www.arbeitnow.com/jobs/companies/salonkee/teamleiter-sales-dortmund-essen-466752'}","{'title': 'Data Analytics, Data Science & AI Weiterbildung mit IHK-Abschluss | 100 % Remote', 'job_url': 'https://www.arbeitnow.com/jobs/companies/datasmart-point-gmbh/data-analytics-data-science-ai-weiterbildung-mit-ihk-abschluss-100-remote-berlin-452130'}","{'title': 'Fachinformatiker/in - Systemintegration (m/w/d) Standort: Dortmund | Vollzeit | unbefristet', 'job_url': 'https://www.arbeitnow.com/jobs/companies/doworks-gmbh/fachinformatiker-in-systemintegration-standort-dortmund-vollzeit-unbefristet-110490'}","{'title': 'Kundenservice Mobilfunk Inbound - Freelancer - EU, außerhalb Deutschland - 100% Remote', 'job_url': 'https://www.arbeitnow.com/jobs/companies/hey-contact-heroes-gmbh/kundenservice-mobilfunk-inbound-freelancer-eu-ausserhalb-deutschland-100-remote-berlin-146674'}","{'title': 'Senior Software Developer (m/w/d) · Dortmund & Remote', 'job_url': 'https://www.arbeitnow.com/jobs/companies/jobportal/senior-software-developer-dortmund-remote-48497'}","{'title': 'Servicetechniker/-in IT und Kassensysteme in Teilzeit oder Vollzeit', 'job_url': 'https://www.arbeitnow.com/jobs/companies/apadelat-gmbh/servicetechniker-in-it-und-kassensysteme-in-teilzeit-oder-vollzeit-suhl-139213'}"
"{'title': 'Staff Safety & Robotics Software Engineer (w/m/d)', 'job_url': 'https://www.arbeitnow.com/jobs/companies/magazino-gmbh/staff-safety-robotics-software-engineer-munich-300388'}","{'title': 'Staff Product Manager - Robotics & Safety', 'job_url': 'https://www.arbeitnow.com/jobs/companies/robco/staff-product-manager-robotics-safety-munich-222867'}","{'title': 'Staff Robotics Software Engineer - Grasping', 'job_url': 'https://www.arbeitnow.com/jobs/companies/intrinsicrobotics/staff-robotics-software-engineer-grasping-munich-109661'}","{'title': 'Robotics Test Engineer (m/f/d) - Quality & Safety', 'job_url': 'https://www.arbeitnow.com/jobs/companies/agilerobotsse/robotics-test-engineer-quality-safety-munich-bavaria-367537'}","{'title': 'Functional Safety Programmer', 'job_url': 'https://www.arbeitnow.com/jobs/companies/robco/functional-safety-programmer-munich-254658'}","{'title': 'Senior Electrical Engineer - Robotics (m/f/d)', 'job_url': 'https://www.arbeitnow.com/jobs/companies/robco/senior-electrical-engineer-robotics-munich-16028'}","{'title': '(Senior) Systems and Safety Engineer (m/f/d)', 'job_url': 'https://www.arbeitnow.com/jobs/companies/agilerobotsse/senior-systems-and-safety-engineer-munich-bavaria-168226'}","{'title': 'Staff Computer Vision Engineer - Localization', 'job_url': 'https://www.arbeitnow.com/jobs/companies/se3/staff-computer-vision-engineer-localization-munich-190196'}","{'title': 'Lead Engineer (m/f/d) Robotics & Systems Integration (C++)', 'job_url': 'https://www.arbeitnow.com/jobs/companies/motor-ai/lead-engineer-robotics-systems-integration-c-berlin-28815'}"
"{'title': 'Staff Safety & Robotics Software Engineer (f/m/d)', 'job_url': 'https://www.arbeitnow.com/jobs/companies/magazino-gmbh/staff-safety-robotics-software-engineer-munich-449982'}","{'title': 'Staff Product Manager - Robotics & Safety', 'job_url': 'https://www.arbeitnow.com/jobs/companies/robco/staff-product-manager-robotics-safety-munich-222867'}","{'title': 'Robotics Test Engineer (m/f/d) - Quality & Safety', 'job_url': 'https://www.arbeitnow.com/jobs/companies/agilerobotsse/robotics-test-engineer-quality-safety-munich-bavaria-367537'}","{'title': 'Staff Robotics Software Engineer - Grasping', 'job_url': 'https://www.arbeitnow.com/jobs/companies/intrinsicrobotics/staff-robotics-software-engineer-grasping-munich-109661'}","{'title': 'Functional Safety Programmer', 'job_url': 'https://www.arbeitnow.com/jobs/companies/robco/functional-safety-programmer-munich-254658'}","{'title': 'Senior Electrical Engineer - Robotics (m/f/d)', 'job_url': 'https://www.arbeitnow.com/jobs/companies/robco/senior-electrical-engineer-robotics-munich-16028'}","{'title': '(Senior) Systems and Safety Engineer (m/f/d)', 'job_url': 'https://www.arbeitnow.com/jobs/companies/agilerobotsse/senior-systems-and-safety-engineer-munich-bavaria-168226'}","{'title': 'Lead Engineer (m/f/d) Robotics & Systems Integration (C++)', 'job_url': 'https://www.arbeitnow.com/jobs/companies/motor-ai/lead-engineer-robotics-systems-integration-c-berlin-28815'}","{'title': 'Senior Mechanical Engineer - Robotics (m/f/d)', 'job_url': 'https://www.arbeitnow.com/jobs/companies/robco/senior-mechanical-engineer-robotics-munich-311107'}"
"{'title': 'Senior Group Accountant / Finance Business Partner (m/w/x)', 'job_url': 'https://www.arbeitnow.com/jobs/companies/expert-warenvertrieb-gmbh/spezialist-rechnungswesen-langenhagen-68254'}","{'title': 'Group Accountant and Tax (w/m/d)', 'job_url': 'https://www.arbeitnow.com/jobs/companies/ionos-se/group-accountant-and-tax-karlsruhe-403429'}","{'title': 'Group Accountant and Tax (w/m/d)', 'job_url': 'https://www.arbeitnow.com/jobs/companies/ionos-se/group-accountant-and-tax-berlin-284725'}","{'title': '(Senior) Accountant (w/m/d)', 'job_url': 'https://www.arbeitnow.com/jobs/companies/zeal-network/senior-accountant-hamburg-51435'}","{'title': 'Senior Accountant Consolidation & Reporting (m\\f\\d)', 'job_url': 'https://www.arbeitnow.com/jobs/companies/one-mobility/senior-accountant-consolidation-reporting-mfd-reutlingen-398886'}","{'title': 'Accountant (all genders)', 'job_url': 'https://www.arbeitnow.com/jobs/companies/sunday-natural/accountant-all-genders-berlin-250035'}","{'title': 'Senior Accountant (m/w/d)', 'job_url': 'https://www.arbeitnow.com/jobs/companies/fastr/senior-accountant-dusseldorf-171576'}","{'title': 'Senior Accountant – Finanzbuchhalter:in (m/w/d)', 'job_url': 'https://www.arbeitnow.com/jobs/companies/sonymusicentertainment/senior-accountant-finanzbuchhalterin-europe-berlin-europe-hamburg-143290'}","{'title': 'Management Accountant', 'job_url': 'https://www.arbeitnow.com/jobs/companies/black-forest-labs/management-accountant-freiburg-758'}"
"{'title': 'Werkstudent*in IT-Helpdesk (m/w/d) MVZ VIAVIE Psychotherapie GmbH', 'job_url': 'https://www.arbeitnow.com/jobs/companies/mvz-viavie-psychotherapie-gmbh/mitarbeiterin-praxis-it-digitalisierung-mvz-viavie-psychotherapie-gmbh-berlin-159129'}","{'title': 'IT-Mitarbeiter / First-Level-Support in Teilzeit (m/w/d) - Damit unsere IT im Alltag zuverlässig funktioniert', 'job_url': 'https://www.arbeitnow.com/jobs/companies/w-wolf-gmbh/it-mitarbeiter-first-level-support-in-teilzeit-damit-unsere-it-im-alltag-zuverlassig-funktioniert-kalchreuth-194124'}","{'title': 'Mitarbeiter/in im IT-Support', 'job_url': 'https://www.arbeitnow.com/jobs/companies/obf-it-solutions-gmbh/mitarbeiter-in-im-it-support-limburg-380371'}","{'title': 'Werkstudent/in oder Minijob: Social Media & Marketing (m/w/d)', 'job_url': 'https://www.arbeitnow.com/jobs/companies/valov-bau-gmbh/werkstudent-in-oder-minijob-social-media-marketing-berlin-487870'}","{'title': 'Werkstudent für kaufmännische Teamassistenz/Buchhaltung | Nürnberg | Voigtmann GmbH', 'job_url': 'https://www.arbeitnow.com/jobs/companies/jobportal/werkstudent-fur-kaufmannische-teamassistenz-buchhaltung-nurnberg-voigtmann-gmbh-nuremberg-124014'}","{'title': 'Kaufmann/-frau - IT-System-Management (m/w/d) in Hennigsdorf bei Berlin', 'job_url': 'https://www.arbeitnow.com/jobs/companies/antegis-gmbh/kaufmann-frau-it-system-management-in-hennigsdorf-bei-berlin-hennigsdorf-berlin-47107'}","{'title': 'Junior IT-Systemadministrator (w/m/d) im Gesundheitswesen', 'job_url': 'https://www.arbeitnow.com/jobs/companies/curitec/junior-it-systemadministrator-im-gesundheitswesen-hamburg-237561'}","{'title': 'Quereinsteiger IT-Systemadministrator (w/m/d) im Gesundheitswesen', 'job_url': 'https://www.arbeitnow.com/jobs/companies/curitec/quereinsteiger-it-systemadministrator-im-gesundheitswesen-hamburg-270292'}","{'title': 'Werkstudentin Community Management (m/w/d)', 'job_url': 'https://www.arbeitnow.com/jobs/companies/players-for-good-ggmbh/werkstudentin-community-management-cologne-316465'}"
"{'title': 'Software Engineer AI (m/w/d)', 'job_url': 'https://www.arbeitnow.com/jobs/companies/digitale-leute-school/junior-software-engineer-munich-156120'}","{'title': 'Data Analytics, Data Science & AI Weiterbildung mit IHK-Abschluss | 100 % Remote', 'job_url': 'https://www.arbeitnow.com/jobs/companies/datasmart-point-gmbh/data-analytics-data-science-ai-weiterbildung-mit-ihk-abschluss-100-remote-berlin-452130'}","{'title': 'Founding AI Engineer', 'job_url': 'https://www.arbeitnow.com/jobs/companies/alago/founding-ai-engineer-munich-149954'}","{'title': 'Product Architect & Software Engineer (AI) (m/w/d)', 'job_url': 'https://www.arbeitnow.com/jobs/companies/ls-leasing-service-gmbh/product-architect-software-engineer-ai-munich-373856'}","{'title': 'Senior Generative AI Engineer (m/w/d)', 'job_url': 'https://www.arbeitnow.com/jobs/companies/alexander-thamm-gmbh/senior-generative-ai-engineer-munchen-217260'}","{'title': 'Senior AI Solutions Entwickler:in', 'job_url': 'https://www.arbeitnow.com/jobs/companies/mayflower-gmbh/senior-ai-solutions-entwicklerin-munich-380138'}","{'title': 'Applied AI Engineer - Remote', 'job_url': 'https://www.arbeitnow.com/jobs/companies/dexter-health/applied-ai-engineer-remote-cologne-460022'}","{'title': 'AI Engineer (LLM) - Remote', 'job_url': 'https://www.arbeitnow.com/jobs/companies/dexter-health/ai-engineer-llm-remote-cologne-251903'}","{'title': 'AI Solutions Engineer', 'job_url': 'https://www.arbeitnow.com/jobs/companies/alloyident-ug/ai-solutions-engineer-essen-472474'}"
"{'title': 'Java Developer (m/w/d)', 'job_url': 'https://www.arbeitnow.com/jobs/companies/collaboration-betters-the-world-gmbh/java-developer-berlin-359686'}","{'title': 'Software Engineer Java (m/w/d)', 'job_url': 'https://www.arbeitnow.com/jobs/companies/wuraventa-passion-for-talent/software-engineer-java-kempten-163486'}","{'title': 'OT-D Backend Entwickler / Backend Developer - JAVA (m/w/d) in Vollzeit', 'job_url': 'https://www.arbeitnow.com/jobs/companies/optitool-gmbh/ot-d-backend-entwickler-backend-developer-java-in-vollzeit-regensburg-118667'}","{'title': 'Beratender Senior Java Entwickler (m/w/d)', 'job_url': 'https://www.arbeitnow.com/jobs/companies/mitblick-ag/beratender-senior-java-entwickler-stuttgart-87399'}","{'title': 'Software Developer (m/w/d) Kotlin/Java', 'job_url': 'https://www.arbeitnow.com/jobs/companies/buesken-strategy-consulting/backend-developer-kotlin-java-bis-85000-eur-dusseldorf-320999'}","{'title': 'Software-Entwickler (m/w/d) - Java Fullstack Developer', 'job_url': 'https://www.arbeitnow.com/jobs/companies/cwa-gmbh/software-entwickler-java-fullstack-developer-lilienthal-408359'}","{'title': '(Senior) Software Developer (m/w/d)', 'job_url': 'https://www.arbeitnow.com/jobs/companies/isento-gmbh/senior-software-developer-nuremberg-280802'}","{'title': 'Software Developer - Fokus Secure Software Development (m/w/d)', 'job_url': 'https://www.arbeitnow.com/jobs/companies/isento-gmbh/software-developer-fokus-secure-software-development-nuremberg-32658'}","{'title': 'Frontend Developer (m/w/x)', 'job_url': 'https://www.arbeitnow.com/jobs/companies/k-tronik-gmbh/frontend-developer-nuremberg-278828'}"
"{'title': 'Java Developer (m/w/d)', 'job_url': 'https://www.arbeitnow.com/jobs/companies/collaboration-betters-the-world-gmbh/java-developer-karlsruhe-490186'}","{'title': 'Senior Java/Angular Fullstack Developer (m/w/d)', 'job_url': 'https://www.arbeitnow.com/jobs/companies/fastrocket-gmbh/senior-java-angular-fullstack-developer-regen-200015'}","{'title': 'IT-Consultant / Insurance (m/w/d)', 'job_url': 'https://www.arbeitnow.com/jobs/companies/rgi-spa/it-consultant-insurance-nuremberg-304239'}","{'title': 'Softwareentwickler (m/w/d)', 'job_url': 'https://www.arbeitnow.com/jobs/companies/cpu-consulting-software-gmbh/softwareentwickler-karlsruhe-215341'}","{'title': 'Senior Java Backend Developer (m/w/d)', 'job_url': 'https://www.arbeitnow.com/jobs/companies/virtual7-gmbh/senior-java-backend-developer-karlsruhe-273491'}","{'title': 'Senior Java Backend Developer (m/w/d)', 'job_url': 'https://www.arbeitnow.com/jobs/companies/virtual7-gmbh/remote-senior-java-backend-developer-karlsruhe-304395'}","{'title': 'Senior Backend Developer (m/w/d) Java / Spring Boot', 'job_url': 'https://www.arbeitnow.com/jobs/companies/doksafe-gmbh/senior-backend-developer-java-spring-boot-leipzig-264891'}","{'title': 'Site Reliability Engineer (w/m/d)', 'job_url': 'https://www.arbeitnow.com/jobs/companies/ionos-se/site-reliability-engineer-application-hosting-tosaas-karlsruhe-401703'}","{'title': 'Senior Java Fullstack Developer (m/w/d)', 'job_url': 'https://www.arbeitnow.com/jobs/companies/virtual7-gmbh/senior-java-fullstack-developer-hamburg-471534'}"
"{'title': 'Senior DevOps Engineer (m/w/d)', 'job_url': 'https://www.arbeitnow.com/jobs/companies/collaboration-betters-the-world-gmbh/senior-devops-engineer-munich-445707'}","{'title': 'Senior Consultant DevOps & Cloud Engineer (m/w/d)', 'job_url': 'https://www.arbeitnow.com/jobs/companies/xaas/senior-consultant-devops-cloud-engineer-hamburg-236749'}","{'title': 'Senior Cloud & AI Infrastructure Engineer (m/w/d)', 'job_url': 'https://www.arbeitnow.com/jobs/companies/adconova-gmbh/senior-cloud-ai-infrastructure-engineer-weiterstadt-406081'}","{'title': 'Senior DevOps Engineer (m/f/d) Hybrid Infrastructure', 'job_url': 'https://www.arbeitnow.com/jobs/companies/motor-ai/senior-devops-engineer-hybrid-infrastructure-berlin-128882'}","{'title': 'Senior Cloud Solutions Architect (m/w/d)', 'job_url': 'https://www.arbeitnow.com/jobs/companies/aoe-solutions-gmbh/senior-cloud-solutions-architect-wiesbaden-382896'}","{'title': 'Senior DevOps Engineer mit Schwerpunkt Container & Private Cloud (m/w/d)', 'job_url': 'https://www.arbeitnow.com/jobs/companies/cloud-manta-gmbh/senior-private-cloud-consultant-mit-schwerpunkt-proxmox-kubernetes-munich-84200'}","{'title': 'Senior Solutions Engineer', 'job_url': 'https://www.arbeitnow.com/jobs/companies/jfrog/senior-solutions-engineer-82663'}","{'title': 'Senior Frontend Developer (m/w/d)', 'job_url': 'https://www.arbeitnow.com/jobs/companies/qualityminds-gmbh/senior-frontend-developer-nuremberg-360357'}","{'title': '(Senior) DevOps Engineer', 'job_url': 'https://www.arbeitnow.com/jobs/companies/augustus/senior-devops-engineer-berlin-416800'}"
"{'title': 'Junior Data Engineer (Databricks) (m/w/d)', 'job_url': 'https://www.arbeitnow.com/jobs/companies/collaboration-betters-the-world-gmbh/junior-data-engineer-databricks-stuttgart-121910'}","{'title': 'Data Analytics, Data Science & AI Weiterbildung mit IHK-Abschluss | 100 % Remote', 'job_url': 'https://www.arbeitnow.com/jobs/companies/datasmart-point-gmbh/data-analytics-data-science-ai-weiterbildung-mit-ihk-abschluss-100-remote-berlin-452130'}","{'title': 'Junior Data Engineer (m/w/d)', 'job_url': 'https://www.arbeitnow.com/jobs/companies/taod-consulting-gmbh/junior-data-engineer-cologne-24133'}","{'title': 'Data-Plattform Engineer (Fabric / Databricks) (m/w/d)', 'job_url': 'https://www.arbeitnow.com/jobs/companies/ailio-gmbh/data-plattform-engineer-fabric-databricks-bielefeld-273667'}","{'title': 'Hardware Engineer (m/w/d) - Junior bis Senior', 'job_url': 'https://www.arbeitnow.com/jobs/companies/bitaggregat-gmbh/hardware-engineer-junior-bis-senior-leipzig-152959'}","{'title': 'Junior Data Engineer', 'job_url': 'https://www.arbeitnow.com/jobs/companies/reeeliance/junior-data-engineer-hamburg-195323'}","{'title': 'Junior Consultant DevOps & Cloud Engineer (m/w/d)', 'job_url': 'https://www.arbeitnow.com/jobs/companies/xaas/junior-consultant-devops-cloud-engineer-hamburg-300004'}","{'title': 'Azure Cloud Databricks Engineer (German Speaking)', 'job_url': 'https://www.arbeitnow.com/jobs/companies/steadman-chase/cloud-senior-cloud-architect-berlin-144224'}","{'title': 'Junior Fullstack Engineer', 'job_url': 'https://www.arbeitnow.com/jobs/companies/haiilo-1/junior-fullstack-engineer-hamburg-410395'}"
"{'title': 'Machine Learning Engineer', 'job_url': 'https://www.arbeitnow.com/jobs/companies/phantasma-labs/machine-learning-engineer-berlin-435827'}","{'title': 'Machine Learning Engineer', 'job_url': 'https://www.arbeitnow.com/jobs/companies/sensmore/machine-learning-engineer-berlin-331781'}","{'title': 'Machine Learning Scientist', 'job_url': 'https://www.arbeitnow.com/jobs/companies/nucs-ai/remote-machine-learning-scientist-berlin-103209'}","{'title': 'Senior Machine Learning Engineer', 'job_url': 'https://www.arbeitnow.com/jobs/companies/tools-for-humanity/senior-machine-learning-engineer-munich-149730'}","{'title': 'Senior Machine Learning Engineer I', 'job_url': 'https://www.arbeitnow.com/jobs/companies/sumup/senior-machine-learning-engineer-i-berlin-409615'}","{'title': 'Senior Machine Learning Engineer I', 'job_url': 'https://www.arbeitnow.com/jobs/companies/sumup/senior-machine-learning-engineer-i-berlin-296351'}","{'title': 'Senior/Staff Machine Learning Engineer', 'job_url': 'https://www.arbeitnow.com/jobs/companies/vestiairecollective/senior-staff-machine-learning-engineer-berlin-489442'}","{'title': 'Machine Learning Engineer (m/f/x)', 'job_url': 'https://www.arbeitnow.com/jobs/companies/caronsale/machine-learning-engineer-berlin-36406'}","{'title': 'Research Engineer – Machine Learning & Medical Imaging', 'job_url': 'https://www.arbeitnow.com/jobs/companies/imfusion/research-engineer-machine-learning-medical-imaging-munich-432050'}"
"{'title': 'Berater für Kundenprojekte (m/w/d) für Berlin', 'job_url': 'https://www.arbeitnow.com/jobs/companies/administration-intelligence-ag/berater-fur-kundenprojekte-fur-berlin-wurzburg-335466'}","{'title': 'SAP HCM Berater (m/w/d) für Berlin/FFM/Köln/Walldorf', 'job_url': 'https://www.arbeitnow.com/jobs/companies/bluebead-gmbh-heidelberg/sap-hcm-berater-fur-berlin-ffm-koln-walldorf-frankfurt-am-main-258778'}","{'title': 'Senior SAP Logistik Berater (m/w/d) für Berlin/Köln/FFM/Walldorf/remote', 'job_url': 'https://www.arbeitnow.com/jobs/companies/bluebead-gmbh-heidelberg/senior-sap-logistik-berater-fur-berlin-koln-ffm-walldorf-remote-382922'}","{'title': 'Berater/in für Finanzdienstleistung (m/w/d)', 'job_url': 'https://www.arbeitnow.com/jobs/companies/smp-wirtschaftsberatung-gmbh/berater-in-fur-finanzdienstleistung-berlin-99749'}","{'title': 'Consultant / Berater (m/w/d) für Datenschutz, KI & Informationssicherheit', 'job_url': 'https://www.arbeitnow.com/jobs/companies/dsev-consulting-akademie-gmbh/consultant-berater-fur-datenschutz-ki-informationssicherheit-augsburg-258673'}","{'title': 'Berater (m/w/d)', 'job_url': 'https://www.arbeitnow.com/jobs/companies/mitblick-ag/berater-stuttgart-367979'}","{'title': 'SAP Berater für MM - Materialwesen - Logistik (a-z*)', 'job_url': 'https://www.arbeitnow.com/jobs/companies/untersee-unternehmensberatung-gmbh/sap-berater-fur-mm-materialwesen-logistik-a-z-konstanz-156472'}","{'title': 'IT-Berater für Atlassian-Lösungen (m/w/d) in Vollzeit', 'job_url': 'https://www.arbeitnow.com/jobs/companies/norentec-gmbh/it-berater-fur-atlassian-losungen-in-vollzeit-braunschweig-24765'}","{'title': 'Berater/in für Finanzdienstleistung (m/w/d)', 'job_url': 'https://www.arbeitnow.com/jobs/companies/smp-wirtschaftsberatung-gmbh/berater-in-fur-finanzdienstleistung-berlin-281021'}"
"{'title': 'Data Engineer (Professional) (Databricks) (m/w/d)', 'job_url': 'https://www.arbeitnow.com/jobs/companies/collaboration-betters-the-world-gmbh/data-engineer-professional-databricks-stuttgart-6155'}","{'title': 'Data Analytics, Data Science & AI Weiterbildung mit IHK-Abschluss | 100 % Remote', 'job_url': 'https://www.arbeitnow.com/jobs/companies/datasmart-point-gmbh/data-analytics-data-science-ai-weiterbildung-mit-ihk-abschluss-100-remote-berlin-452130'}","{'title': 'Data-Plattform Engineer (Fabric / Databricks) (m/w/d)', 'job_url': 'https://www.arbeitnow.com/jobs/companies/ailio-gmbh/data-plattform-engineer-fabric-databricks-bielefeld-273667'}","{'title': 'Azure Cloud Databricks Engineer (German Speaking)', 'job_url': 'https://www.arbeitnow.com/jobs/companies/steadman-chase/cloud-senior-cloud-architect-berlin-144224'}","{'title': 'Azure Cloud Databricks Engineer (German Speaking)', 'job_url': 'https://www.arbeitnow.com/jobs/companies/steadman-chase/senior-lead-cloud-engineer-dusseldorf-291991'}","{'title': 'System Engineer', 'job_url': 'https://www.arbeitnow.com/jobs/companies/andersen-germany-gmbh/system-engineer-stuttgart-308962'}","{'title': 'Senior Backend Engineer (m/f/d)', 'job_url': 'https://www.arbeitnow.com/jobs/companies/actimi-gmbh/senior-backend-engineer-stuttgart-256136'}","{'title': 'Competence Center Leiter Databricks Solutions (All Genders)', 'job_url': 'https://www.arbeitnow.com/jobs/companies/glaser-lemke-managementberatung-gmbh/competence-center-leiter-databricks-solutions-all-genders-munich-31876'}","{'title': 'Data Engineer / Scientist (m/w/d)', 'job_url': 'https://www.arbeitnow.com/jobs/companies/taod-consulting-gmbh/data-engineer-scientist-cologne-485746'}"
"{'title': 'Senior Data Engineer (Databricks) (m/w/d)', 'job_url': 'https://www.arbeitnow.com/jobs/companies/collaboration-betters-the-world-gmbh/senior-data-engineer-databricks-stuttgart-411578'}","{'title': 'Data Analytics, Data Science & AI Weiterbildung mit IHK-Abschluss | 100 % Remote', 'job_url': 'https://www.arbeitnow.com/jobs/companies/datasmart-point-gmbh/data-analytics-data-science-ai-weiterbildung-mit-ihk-abschluss-100-remote-berlin-452130'}","{'title': 'Data-Plattform Engineer (Fabric / Databricks) (m/w/d)', 'job_url': 'https://www.arbeitnow.com/jobs/companies/ailio-gmbh/data-plattform-engineer-fabric-databricks-bielefeld-273667'}","{'title': 'Senior Backend Engineer (m/f/d)', 'job_url': 'https://www.arbeitnow.com/jobs/companies/actimi-gmbh/senior-backend-engineer-stuttgart-256136'}","{'title': 'Senior - Java Fullstack Developer (m/w/d) Azure und Databricks', 'job_url': 'https://www.arbeitnow.com/jobs/companies/skeltech-gmbh/senior-java-fullstack-developer-azure-und-databricks-frechen-386158'}","{'title': 'Azure Cloud Databricks Engineer (German Speaking)', 'job_url': 'https://www.arbeitnow.com/jobs/companies/steadman-chase/cloud-senior-cloud-architect-berlin-144224'}","{'title': 'Azure Cloud Databricks Engineer (German Speaking)', 'job_url': 'https://www.arbeitnow.com/jobs/companies/steadman-chase/senior-lead-cloud-engineer-dusseldorf-291991'}","{'title': '(Senior) AI Engineer (w/d/m)', 'job_url': 'https://www.arbeitnow.com/jobs/companies/webuildai-gmbh/senior-ai-engineer-cologne-329408'}","{'title': 'Senior DevOps Engineer (m/f/d) Hybrid Infrastructure', 'job_url': 'https://www.arbeitnow.com/jobs/companies/motor-ai/senior-devops-engineer-hybrid-infrastructure-berlin-128882'}"
"{'title': 'DevOps Engineer (m/w/d)  (m/w/d)', 'job_url': 'https://www.arbeitnow.com/jobs/companies/administration-intelligence-ag/devops-engineer-wurzburg-313735'}","{'title': 'Salesforce DevOps Engineer (m/w/d)', 'job_url': 'https://www.arbeitnow.com/jobs/companies/traze-gmbh/devops-engineer-frankfurt-am-main-247496'}","{'title': 'Senior AI Engineer | Agentic Systems (w/m/d)', 'job_url': 'https://www.arbeitnow.com/jobs/companies/flexit-consulting-gmbh/senior-ai-engineer-agentic-systems-frankfurt-am-main-7753'}","{'title': 'DevOps Engineer (m/w/d) - Cloud & Platform Engineering', 'job_url': 'https://www.arbeitnow.com/jobs/companies/my-project-box/devops-engineer-cloud-platform-engineering-osnabruck-393054'}","{'title': 'DevOps Engineer (f/m/d)', 'job_url': 'https://www.arbeitnow.com/jobs/companies/verwaltungssprung-gmbh/devops-engineer-berlin-450049'}","{'title': 'Java Entwickler DevOps (m/w/d)', 'job_url': 'https://www.arbeitnow.com/jobs/companies/hubside-die-recruitingwerkstatt/java-entwickler-devops-munich-286117'}","{'title': 'Operations Engineer / VMware Infrastructure (m/w/d)', 'job_url': 'https://www.arbeitnow.com/jobs/companies/medialine-eurotrade-ag/operations-engineer-vmware-infrastructure-wiesbaden-112718'}","{'title': 'Data Engineer (m/w/d)', 'job_url': 'https://www.arbeitnow.com/jobs/companies/angeheuert-gmbh-personalberatung/data-engineer-berlin-370280'}","{'title': 'Site Reliability Engineer (w/m/d)', 'job_url': 'https://www.arbeitnow.com/jobs/companies/ionos-se/site-reliability-engineer-application-hosting-tosaas-karlsruhe-401703'}"
"{'title': 'Digitalisierungs- / IT-Manager für Kanzlei (m/w/d)', 'job_url': 'https://www.arbeitnow.com/jobs/companies/liebhart-kollegen-wirtschaftsprufer-steuerberater-partnerschaftsgesellschaft-mbb/digitalisierungs-it-manager-fur-kanzlei-stuttgart-146990'}","{'title': 'Unternehmensberater gesucht für unsere Kanzlei', 'job_url': 'https://www.arbeitnow.com/jobs/companies/gantner-schmidt-wirtschaftskanzlei-gmbh/unternehmensberater-gesucht-fur-unsere-kanzlei-hamburg-332687'}","{'title': 'Manager Digitalisierungs- und Prozessberatung (m/w/d)', 'job_url': 'https://www.arbeitnow.com/jobs/companies/vogel/manager-digitalisierungs-und-prozessberatung-aalen-396807'}","{'title': 'DATEV-Experte/DATEV-Expertin, Fachassistenz Digitalisierung FAIT (w/m/d)', 'job_url': 'https://www.arbeitnow.com/jobs/companies/vrt-partnerschaft-mbb-wirtschaftsprufer-steuerberater-rechtsanwalte/datev-experte-datev-expertin-fachassistenz-digitalisierung-fait-bonn-424288'}","{'title': 'FAIT Fachassistent Digitalisierung und IT-Prozesse (w/m/d)', 'job_url': 'https://www.arbeitnow.com/jobs/companies/zeilhofer-steuerberater-rechtsanwalt-egbr/fait-fachassistent-digitalisierung-und-it-prozesse-regensburg-354977'}","{'title': 'Product Manager Kanzlei-Plattform (all genders) - 100% Homeoffice', 'job_url': 'https://www.arbeitnow.com/jobs/companies/fino-data-services-gmbh/product-manager-kanzlei-plattform-all-genders-100-homeoffice-kassel-41802'}","{'title': '(Vertriebliche) Consultants für unseren DATEV-Kunden-Bereich (m/w/d)', 'job_url': 'https://www.arbeitnow.com/jobs/companies/grossbecker-nordt-burotechnik-handels-gmbh/vertriebliche-consultants-fur-unseren-datev-kunden-bereich-cologne-36713'}","{'title': 'Power Platform Developer (m/w/d) Automatisierung und KI', 'job_url': 'https://www.arbeitnow.com/jobs/companies/hubside-die-recruitingwerkstatt/power-platform-developer-automatisierung-und-ki-dachau-434025'}","{'title': 'Buchhaltungs- und Steuerberater*in (w/m/d)', 'job_url': 'https://www.arbeitnow.com/jobs/companies/pennylane/remote-buchhaltungs-und-steuerberaterin-71526'}"
"{'title': 'Senior Consultant Konzernkunden / Strategieberatung (m/w/d)', 'job_url': 'https://www.arbeitnow.com/jobs/companies/strategy-core-ventures-gmbh/senior-consultant-konzernkunden-strategieberatung-hamburg-12937'}","{'title': 'SAP FI / Finance Consultant', 'job_url': 'https://www.arbeitnow.com/jobs/companies/cink-ag/sap-fi-finance-consultant-hamburg-47414'}","{'title': 'SAP Sales / SD Consultant (w/d/m)', 'job_url': 'https://www.arbeitnow.com/jobs/companies/cink-ag/sap-sales-sd-consultant-hamburg-276088'}","{'title': 'Lead SAP Consultant für Finanzen (w/d/m)', 'job_url': 'https://www.arbeitnow.com/jobs/companies/cink-ag/lead-sap-consultant-fur-finanzen-hamburg-310681'}","{'title': 'Lead SAP Consultant für Logistik (w/d/m)', 'job_url': 'https://www.arbeitnow.com/jobs/companies/cink-ag/lead-sap-consultant-fur-logistik-hamburg-424959'}","{'title': 'Consultant Strategieberatung', 'job_url': 'https://www.arbeitnow.com/jobs/companies/sempora-consulting-gmbh/consultant-strategieberatung-bad-homburg-346044'}","{'title': 'Junior Consultant / Senior Consultant (m/w/d)', 'job_url': 'https://www.arbeitnow.com/jobs/companies/vdpconsulting-ag/junior-consultant-senior-consultant-hamburg-159017'}","{'title': 'Strategy Consultant (all genders)', 'job_url': 'https://www.arbeitnow.com/jobs/companies/valaeon/strategy-consultant-all-genders-cologne-171069'}","{'title': 'Senior-Consultant / Berater (m/w/d)', 'job_url': 'https://www.arbeitnow.com/jobs/companies/meliorate-gmbh/remote-senior-consultant-berater-berlin-18379'}"
"{'title': 'Consultant Education & Sales Operations (m/w/d)', 'job_url': 'https://www.arbeitnow.com/jobs/companies/strategy-core-ventures-gmbh/consultant-education-sales-operations-hamburg-299030'}","{'title': 'Management Consultant | Sales & Commercial Excellence | Consultant (m/w/d), München', 'job_url': 'https://www.arbeitnow.com/jobs/companies/towa-the-digital-growth-company/management-consultant-commercial-excellence-intermediate-munchen-munich-298075'}","{'title': 'Management Consultant | Sales & Commercial Excellence | Consultant (m/w/d), Düsseldorf', 'job_url': 'https://www.arbeitnow.com/jobs/companies/towa-the-digital-growth-company/management-consultant-commercial-excellence-intermediate-dusseldorf-323464'}","{'title': 'Management Consultant | Sales & Commercial Excellence | Manager (m/w/d), München', 'job_url': 'https://www.arbeitnow.com/jobs/companies/towa-the-digital-growth-company/management-consultant-sales-commercial-excellence-manager-munchen-munich-133666'}","{'title': 'Management Consultant | Sales & Commercial Excellence | Manager (m/w/d), Düsseldorf', 'job_url': 'https://www.arbeitnow.com/jobs/companies/towa-the-digital-growth-company/management-consultant-sales-commercial-excellence-manager-dusseldorf-418023'}","{'title': 'Management Consultant | Sales & Commercial Excellence | Senior Manager (m/w/d), Düsseldorf', 'job_url': 'https://www.arbeitnow.com/jobs/companies/towa-the-digital-growth-company/management-consultant-sales-commercial-excellence-senior-manager-dusseldorf-345466'}","{'title': 'Management Consultant | Sales & Commercial Excellence | Senior Manager (m/w/d), München', 'job_url': 'https://www.arbeitnow.com/jobs/companies/towa-the-digital-growth-company/management-consultant-sales-commercial-excellence-senior-manager-munchen-munich-6428'}","{'title': 'Sales Operations Manager (m/f/x)', 'job_url': 'https://www.arbeitnow.com/jobs/companies/statista/sales-operations-manager-hamburg-83710'}","{'title': '(Senior) Consultant* – Securities & Custody Operations', 'job_url': 'https://www.arbeitnow.com/jobs/companies/capco/senior-consultant-securities-custody-operations-227107'}"
"{'title': 'Social Media Manager & Content Creator (m|w|d)', 'job_url': 'https://www.arbeitnow.com/jobs/companies/wiethe-content-gmbh/social-media-manager-content-creator-mwd-bremen-137717'}","{'title': 'Content & Creator Marketing Praktikum', 'job_url': 'https://www.arbeitnow.com/jobs/companies/more-money-more-love/content-creator-marketing-praktikum-dusseldorf-419458'}","{'title': 'Social Media Manager & Content Creator (m/w/d)', 'job_url': 'https://www.arbeitnow.com/jobs/companies/creatal-gmbh/social-media-manager-content-creator-montabaur-270829'}","{'title': 'Content Creator (F/M/*)', 'job_url': 'https://www.arbeitnow.com/jobs/companies/amber/content-creator-f-m-koln-367562'}","{'title': 'Content Creator (m/w/d) - Mini Job / Werkstudent', 'job_url': 'https://www.arbeitnow.com/jobs/companies/gusti-leder-gmbh/content-creator-mini-job-werkstudent-rostock-178076'}","{'title': 'Micro Content Creator - Rezepte & Kochen', 'job_url': 'https://www.arbeitnow.com/jobs/companies/recime/micro-content-creator-rezepte-kochen-hamburg-125411'}","{'title': 'Content Creator (m/w/d)', 'job_url': 'https://www.arbeitnow.com/jobs/companies/anti-boring-content-club-gmbh/content-creator-hamburg-449486'}","{'title': 'Social Media Manager & Content Creator (m/w/d) für Ästhetische Medizin', 'job_url': 'https://www.arbeitnow.com/jobs/companies/elite-aesthetics/social-media-manager-content-creator-fur-asthetische-medizin-berlin-464789'}","{'title': 'Content Creator (m|w|d)', 'job_url': 'https://www.arbeitnow.com/jobs/companies/kamberi-group-holding-gmbh/content-creator-mwd-fulda-338957'}"
"{'title': 'Fachassistent Digitalisierung und IT-Prozesse (FAIT)', 'job_url': 'https://www.arbeitnow.com/jobs/companies/kuhn-partner-rechtsanwalte-steuerberater-wirtschaftsprufer-mbb/fachassistent-digitalisierung-und-it-prozesse-fait-nackenheim-96389'}","{'title': 'FAIT Fachassistent Digitalisierung und IT-Prozesse (w/m/d)', 'job_url': 'https://www.arbeitnow.com/jobs/companies/zeilhofer-steuerberater-rechtsanwalt-egbr/fait-fachassistent-digitalisierung-und-it-prozesse-regensburg-354977'}","{'title': 'Fachassistent (m/w/d) für Digitalisierung und IT - Prozesse', 'job_url': 'https://www.arbeitnow.com/jobs/companies/personalberatung-susan-lange/fachassistent-fur-digitalisierung-und-it-prozesse-rostock-228264'}","{'title': 'Fibutroniker / Fachassistent Digitalisierung und IT / IT-Spezialist DATEV (m/w/d)', 'job_url': 'https://www.arbeitnow.com/jobs/companies/rinke-treuhand-gmbh/fibutroniker-fachassistent-digitalisierung-und-it-it-spezialist-datev-wuppertal-389041'}","{'title': 'Data Analytics, Data Science & AI Weiterbildung mit IHK-Abschluss | 100 % Remote', 'job_url': 'https://www.arbeitnow.com/jobs/companies/datasmart-point-gmbh/data-analytics-data-science-ai-weiterbildung-mit-ihk-abschluss-100-remote-berlin-452130'}","{'title': 'Kundenservice Mobilfunk Inbound - Freelancer - EU, außerhalb Deutschland - 100% Remote', 'job_url': 'https://www.arbeitnow.com/jobs/companies/hey-contact-heroes-gmbh/kundenservice-mobilfunk-inbound-freelancer-eu-ausserhalb-deutschland-100-remote-berlin-146674'}","{'title': 'Steuerfachleute: Steuerfachangestellter, Steuerfachwirt, Bilanzbuchhalter oder Fachassistent für Rechnungswesen und Controlling (w/m/d) in Voll-/oder Teilzeit', 'job_url': 'https://www.arbeitnow.com/jobs/companies/eliotax-gmbh-steuerberatungsgesellschaft/steuerfachleute-steuerfachangestellter-steuerfachwirt-bilanzbuchhalter-oder-fachassistent-fur-rechnungswesen-und-controlling-in-voll-oder-370441'}","{'title': 'Fachassistent Lohn & Gehalt (m/w/d)', 'job_url': 'https://www.arbeitnow.com/jobs/companies/salopt-gmbh/fachassistent-lohn-gehalt-berlin-39736'}","{'title': 'DATEV-Experte/DATEV-Expertin, Fachassistenz Digitalisierung FAIT (w/m/d)', 'job_url': 'https://www.arbeitnow.com/jobs/companies/vrt-partnerschaft-mbb-wirtschaftsprufer-steuerberater-rechtsanwalte/datev-experte-datev-expertin-fachassistenz-digitalisierung-fait-bonn-424288'}"
"{'title': 'Fachassistent Digitalisierung und IT-Prozesse (FAIT)', 'job_url': 'https://www.arbeitnow.com/jobs/companies/kuhn-partner-rechtsanwalte-steuerberater-wirtschaftsprufer-mbb/fachassistent-digitalisierung-und-it-prozesse-fait-frankfurt-am-main-17899'}","{'title': 'FAIT Fachassistent Digitalisierung und IT-Prozesse (w/m/d)', 'job_url': 'https://www.arbeitnow.com/jobs/companies/zeilhofer-steuerberater-rechtsanwalt-egbr/fait-fachassistent-digitalisierung-und-it-prozesse-regensburg-354977'}","{'title': 'Fachassistent (m/w/d) für Digitalisierung und IT - Prozesse', 'job_url': 'https://www.arbeitnow.com/jobs/companies/personalberatung-susan-lange/fachassistent-fur-digitalisierung-und-it-prozesse-rostock-228264'}","{'title': 'Fibutroniker / Fachassistent Digitalisierung und IT / IT-Spezialist DATEV (m/w/d)', 'job_url': 'https://www.arbeitnow.com/jobs/companies/rinke-treuhand-gmbh/fibutroniker-fachassistent-digitalisierung-und-it-it-spezialist-datev-wuppertal-389041'}","{'title': 'Data Analytics, Data Science & AI Weiterbildung mit IHK-Abschluss | 100 % Remote', 'job_url': 'https://www.arbeitnow.com/jobs/companies/datasmart-point-gmbh/data-analytics-data-science-ai-weiterbildung-mit-ihk-abschluss-100-remote-berlin-452130'}","{'title': 'Kundenservice Mobilfunk Inbound - Freelancer - EU, außerhalb Deutschland - 100% Remote', 'job_url': 'https://www.arbeitnow.com/jobs/companies/hey-contact-heroes-gmbh/kundenservice-mobilfunk-inbound-freelancer-eu-ausserhalb-deutschland-100-remote-berlin-146674'}","{'title': 'Steuerfachleute: Steuerfachangestellter, Steuerfachwirt, Bilanzbuchhalter oder Fachassistent für Rechnungswesen und Controlling (w/m/d) in Voll-/oder Teilzeit', 'job_url': 'https://www.arbeitnow.com/jobs/companies/eliotax-gmbh-steuerberatungsgesellschaft/steuerfachleute-steuerfachangestellter-steuerfachwirt-bilanzbuchhalter-oder-fachassistent-fur-rechnungswesen-und-controlling-in-voll-oder-370441'}","{'title': 'Fachassistent Lohn & Gehalt (m/w/d)', 'job_url': 'https://www.arbeitnow.com/jobs/companies/salopt-gmbh/fachassistent-lohn-gehalt-berlin-39736'}","{'title': 'DATEV-Experte/DATEV-Expertin, Fachassistenz Digitalisierung FAIT (w/m/d)', 'job_url': 'https://www.arbeitnow.com/jobs/companies/vrt-partnerschaft-mbb-wirtschaftsprufer-steuerberater-rechtsanwalte/datev-experte-datev-expertin-fachassistenz-digitalisierung-fait-bonn-424288'}"
"{'title': 'IT-Administrator (m/w/d) (m/w/d) in Teilzeit', 'job_url': 'https://www.arbeitnow.com/jobs/companies/ecoturn-gmbh/it-administrator-in-teilzeit-munich-165536'}","{'title': 'Data Analytics, Data Science & AI Weiterbildung mit IHK-Abschluss | 100 % Remote', 'job_url': 'https://www.arbeitnow.com/jobs/companies/datasmart-point-gmbh/data-analytics-data-science-ai-weiterbildung-mit-ihk-abschluss-100-remote-berlin-452130'}","{'title': 'Kundenservice Mobilfunk Inbound - Freelancer - EU, außerhalb Deutschland - 100% Remote', 'job_url': 'https://www.arbeitnow.com/jobs/companies/hey-contact-heroes-gmbh/kundenservice-mobilfunk-inbound-freelancer-eu-ausserhalb-deutschland-100-remote-berlin-146674'}","{'title': 'Mitarbeiter/in IT & ERP Support (m/w/d) - Teilzeit', 'job_url': 'https://www.arbeitnow.com/jobs/companies/widmann-gase-gmbh/mitarbeiter-in-it-erp-support-teilzeit-dornstadt-458896'}","{'title': 'Servicetechniker/-in IT und Kassensysteme in Teilzeit oder Vollzeit', 'job_url': 'https://www.arbeitnow.com/jobs/companies/apadelat-gmbh/servicetechniker-in-it-und-kassensysteme-in-teilzeit-oder-vollzeit-suhl-139213'}","{'title': 'Mediaplaner/in (m/w/d) in Teilzeit (ca 15h) oder freiberuflich', 'job_url': 'https://www.arbeitnow.com/jobs/companies/ma-media-gmbh/mediaplaner-in-in-teilzeit-ca-15h-oder-freiberuflich-munich-262868'}","{'title': 'Servicemitarbeiter:in (m/w/d) in Teilzeit und Werkstudent:in', 'job_url': 'https://www.arbeitnow.com/jobs/companies/the-bellezza-group/servicemitarbeiterin-in-teilzeit-und-werkstudentin-restaurant-gigi-munchen-110718'}","{'title': 'Büroassistenz (m/w/d) in Teilzeit/Minijob', 'job_url': 'https://www.arbeitnow.com/jobs/companies/shan-gmbh/buroassistenz-in-teilzeit-minijob-berlin-232616'}","{'title': 'Social Media Manager/in (w/m/d) Teilzeit', 'job_url': 'https://www.arbeitnow.com/jobs/companies/sahm-communications/social-media-manager-in-teilzeit-dortmund-10470'}"
"{'title': 'Praktikant (m/w/d) Internationales Marketing & Eventmanagement', 'job_url': 'https://www.arbeitnow.com/jobs/companies/agilerobotsse/praktikant-internationales-marketing-eventmanagement-gemmingen-baden-wurttemberg-388233'}","{'title': '(Pflicht-) Praktikant Marketing (w/m/d) (100%)', 'job_url': 'https://www.arbeitnow.com/jobs/companies/highcoordination-gmbh/pflicht-praktikant-marketing-100-singen-36526'}","{'title': 'Praktikant Marketing/Event (m/w/d) - Student: in', 'job_url': 'https://www.arbeitnow.com/jobs/companies/georg-kuhn-gmbh/praktikant-marketing-event-student-in-offenburg-442686'}","{'title': 'Praktikant PR & Marketing', 'job_url': 'https://www.arbeitnow.com/jobs/companies/ao-profil-gmbh-partner-fur-integrierte-kommunikation/praktikant-pr-marketing-bergisch-gladbach-62887'}","{'title': 'Praktikant Online Marketing & Content (w/m/d)', 'job_url': 'https://www.arbeitnow.com/jobs/companies/spread-group/praktikant-online-marketing-content-leipzig-209807'}","{'title': 'Praktikant Marketing', 'job_url': 'https://www.arbeitnow.com/jobs/companies/wegain-gmbh/praktikant-marketing-braunschweig-213749'}","{'title': 'Marketing Praktikant (all genders)', 'job_url': 'https://www.arbeitnow.com/jobs/companies/mammaly/marketing-praktikant-all-genders-berlin-357438'}","{'title': 'Marketing Werkstudent / Praktikant (m/w/d)', 'job_url': 'https://www.arbeitnow.com/jobs/companies/truphysics-gmbh/marketing-werkstudent-praktikant-stuttgart-460518'}","{'title': 'Marketing Werkstudent/Praktikant (M/W/D)', 'job_url': 'https://www.arbeitnow.com/jobs/companies/bassetti-deutschland-gmbh/marketing-werkstudent-praktikant-munich-235393'}"
"{'title': 'Senior Software Engineer - Engine Orchestration', 'job_url': 'https://www.arbeitnow.com/jobs/companies/celonis/senior-software-engineer-engine-orchestration-munich-412183'}","{'title': 'Backend Engineer - Data & Orchestration', 'job_url': 'https://www.arbeitnow.com/jobs/companies/melotech/backend-engineer-data-orchestration-berlin-58465'}","{'title': 'Senior Backend Engineer - Scoring & Computation Engine (m/f/d)', 'job_url': 'https://www.arbeitnow.com/jobs/companies/statista/senior-backend-engineer-scoring-computation-engine-hamburg-or-berlin-254070'}","{'title': 'Senior Unreal Engine Developer – Synthetic Data & AI Simulation', 'job_url': 'https://www.arbeitnow.com/jobs/companies/autonomous-teaming/senior-unreal-engine-developer-synthetic-data-ai-simulation-munich-deu-348697'}","{'title': 'Senior Engine Cycle Engineer (m/f/d)', 'job_url': 'https://www.arbeitnow.com/jobs/companies/isaraerospace/senior-engine-cycle-engineer-parsdorf-bavaria-284793'}","{'title': 'Senior AI Engineer (Core Engine)', 'job_url': 'https://www.arbeitnow.com/jobs/companies/jetbrains/remote-senior-ai-engineer-core-engine-327724'}","{'title': 'Senior Product Manager - Core Platform (Engine, Scale & Reliability)', 'job_url': 'https://www.arbeitnow.com/jobs/companies/n8n/senior-product-manager-core-platform-engine-scale-reliability-berlin-271840'}","{'title': 'Senior Software Engineer - REDAPL Graph Engine', 'job_url': 'https://www.arbeitnow.com/jobs/companies/datadog/remote-senior-software-engineer-redapl-graph-engine-264102'}","{'title': 'Senior Prototyping Engineer (f/m/d) – Aircraft Engine', 'job_url': 'https://www.arbeitnow.com/jobs/companies/quantum-systems-gmbh/senior-prototyping-engineer-aircraft-engine-gilching-430720'}"
"{'title': '(Senior) Onboarding Sales Enablement Manager', 'job_url': 'https://www.arbeitnow.com/jobs/companies/celonis/senior-onboarding-sales-enablement-manager-munich-130046'}","{'title': 'Sales Enablement Manager (Remote)', 'job_url': 'https://www.arbeitnow.com/jobs/companies/n8n/sales-enablement-manager-remote-berlin-406033'}","{'title': '(Senior) Sales Enablement Manager (m/f/d)', 'job_url': 'https://www.arbeitnow.com/jobs/companies/chaos/remote-senior-sales-enablement-manager-karlsruhe-203399'}","{'title': 'Channel Enablement Manager', 'job_url': 'https://www.arbeitnow.com/jobs/companies/nextcloud/channel-enablement-manager-stuttgart-438672'}","{'title': 'GTM Enablement Manager (all genders)', 'job_url': 'https://www.arbeitnow.com/jobs/companies/wemolo/gtm-enablement-manager-all-genders-munchen-147843'}","{'title': 'Senior Scaled Enablement Manager (m/w/d)', 'job_url': 'https://www.arbeitnow.com/jobs/companies/maltego/senior-scaled-enablement-manager-munich-headquarters-432394'}","{'title': 'Onboarding Manager SaaS (m/w/d) in München / Berlin', 'job_url': 'https://www.arbeitnow.com/jobs/companies/convercus/onboarding-manager-saas-in-munchen-berlin-munich-92182'}","{'title': 'Onboarding Manager, Cybersecurity/CTI (m/w/d)', 'job_url': 'https://www.arbeitnow.com/jobs/companies/maltego/onboarding-manager-cybersecurity-cti-munich-headquarters-422320'}","{'title': 'Senior Product Manager - Salesforce & Internal Enablement (all genders)', 'job_url': 'https://www.arbeitnow.com/jobs/companies/aroundhome/senior-product-manager-salesforce-internal-enablement-all-genders-berlin-333662'}"
"{'title': 'Field Marketing (DACH Region) Working Student', 'job_url': 'https://www.arbeitnow.com/jobs/companies/celonis/field-marketing-dach-region-working-student-munich-176423'}","{'title': 'Field Marketing Manager, DACH', 'job_url': 'https://www.arbeitnow.com/jobs/companies/mistralai/field-marketing-manager-dach-munich-327168'}","{'title': 'Working Student - Brand Communications', 'job_url': 'https://www.arbeitnow.com/jobs/companies/clovirtualfashion/working-student-brand-communications-munich-284962'}","{'title': 'Working Student Marketing - Content Creation', 'job_url': 'https://www.arbeitnow.com/jobs/companies/deeploi-this-is-it/working-student-marketing-content-creation-berlin-301313'}","{'title': 'Performance Marketing Working Student (f/m/d)', 'job_url': 'https://www.arbeitnow.com/jobs/companies/odonnell-moonshine/performance-marketing-working-student-berlin-kreuzberg-224'}","{'title': 'Growth Marketing Intern / Working Student (d/f/m)', 'job_url': 'https://www.arbeitnow.com/jobs/companies/onetutor/growth-marketing-intern-munich-426405'}","{'title': 'Go-To-Market Working Student: Marketing & Content', 'job_url': 'https://www.arbeitnow.com/jobs/companies/enmit/go-to-market-working-student-marketing-content-munich-348453'}","{'title': 'Working Student - Online Marketing Coordination  (f/m/d)', 'job_url': 'https://www.arbeitnow.com/jobs/companies/clariness/working-student-online-marketing-coordination-berlin-12327'}","{'title': 'Working Student/Intern - Marketing (f/m/d)', 'job_url': 'https://www.arbeitnow.com/jobs/companies/justdice/working-student-intern-marketing-hamburg-397388'}"
"{'title': 'Director, Value Engineering (DACH) - CPG/Retail', 'job_url': 'https://www.arbeitnow.com/jobs/companies/celonis/director-value-engineering-dach-cpg-retail-munich-105275'}","{'title': 'Privacy Engineering Director', 'job_url': 'https://www.arbeitnow.com/jobs/companies/duck-duck-go/remote-privacy-engineering-director-27450'}","{'title': 'Director AI Platform Engineering', 'job_url': 'https://www.arbeitnow.com/jobs/companies/deeptech-recruitment/director-ai-platform-engineering-germany-74477'}","{'title': 'Director Engineering - Investment & Pension domain (m/f/d)', 'job_url': 'https://www.arbeitnow.com/jobs/companies/raisin/director-engineering-investment-pension-domain-berlin-berlin-178878'}","{'title': 'Director Value Stream (m/f/d)', 'job_url': 'https://www.arbeitnow.com/jobs/companies/isaraerospace/director-value-stream-ottobrunn-bavaria-28506'}","{'title': 'Senior Director of Machine Learning Engineering', 'job_url': 'https://www.arbeitnow.com/jobs/companies/hellofresh/senior-director-of-machine-learning-engineering-berlin-berlin-421334'}","{'title': 'Director of Engineering', 'job_url': 'https://www.arbeitnow.com/jobs/companies/prior-labs/director-of-engineering-berlin-307145'}","{'title': 'Director of Engineering, Frontend technologies, Marketplace Technologies', 'job_url': 'https://www.arbeitnow.com/jobs/companies/vinteden/director-of-engineering-frontend-technologies-marketplace-technologies-berlin-54101'}","{'title': 'Customer Value Engineer', 'job_url': 'https://www.arbeitnow.com/jobs/companies/comstruct-ict/customer-value-engineer-munich-156077'}"
"{'title': 'Senior Group Marketing Controller (All genders)', 'job_url': 'https://www.arbeitnow.com/jobs/companies/4lu44n1n37w012k/senior-group-marketing-controller-all-genders-berlin-berlin-288818'}","{'title': 'Senior Group Marketing Controller (All Genders)', 'job_url': 'https://www.arbeitnow.com/jobs/companies/hellofresh/senior-group-marketing-controller-all-genders-berlin-berlin-317117'}","{'title': 'Senior Site Controller (all genders)', 'job_url': 'https://www.arbeitnow.com/jobs/companies/hellofresh/senior-site-controller-all-genders-berlin-berlin-105742'}","{'title': 'Senior Project Controller (m/w/d) – Controlling | Qvest Group | Köln', 'job_url': 'https://www.arbeitnow.com/jobs/companies/qvest-group-gmbh/senior-project-controller-controlling-qvest-group-koln-cologne-395547'}","{'title': 'Group Controller (m/w/d)', 'job_url': 'https://www.arbeitnow.com/jobs/companies/bitsbirds-gmbh/group-controller-dresden-254945'}","{'title': 'Senior Group Accounting Manager (w/m/d)', 'job_url': 'https://www.arbeitnow.com/jobs/companies/black-semiconductor-gmbh/senior-group-accounting-manager-aachen-265239'}","{'title': '(Senior) Controller', 'job_url': 'https://www.arbeitnow.com/jobs/companies/yazio/senior-controller-berlin-255862'}","{'title': 'Senior Site Controller (m/f/x)', 'job_url': 'https://www.arbeitnow.com/jobs/companies/hellofresh/senior-site-controller-verden-niedersachsen-239076'}","{'title': 'Senior Global Controller', 'job_url': 'https://www.arbeitnow.com/jobs/companies/pergolux/senior-global-controller-fulda-456817'}"
"{'title': 'Senior Space Systems Engineer, Mission Optimization', 'job_url': 'https://www.arbeitnow.com/jobs/companies/planetlabs/senior-space-systems-engineer-mission-optimization-berlin-2265'}","{'title': 'Software Engineer – Mission Control Software', 'job_url': 'https://www.arbeitnow.com/jobs/companies/the-exploration-company/software-engineer-mission-control-software-munich-232683'}","{'title': 'Kundenservice Mobilfunk Inbound - Freelancer - EU, außerhalb Deutschland - 100% Remote', 'job_url': 'https://www.arbeitnow.com/jobs/companies/hey-contact-heroes-gmbh/kundenservice-mobilfunk-inbound-freelancer-eu-ausserhalb-deutschland-100-remote-berlin-146674'}","{'title': 'Energy Forecasting & Optimization Engineer (m/f/d)', 'job_url': 'https://www.arbeitnow.com/jobs/companies/adjusted-flow/energy-forecasting-optimization-engineer-karlsruhe-23570'}","{'title': 'Senior Manager Cost Optimization - Building System (Construction focus) (all genders)', 'job_url': 'https://www.arbeitnow.com/jobs/companies/gropyus/senior-manager-cost-optimization-building-system-construction-focus-all-genders-berlin-berlin-139754'}","{'title': 'Senior Manager Cost Optimization - Building System (Process & Industrialization  focus) (all genders)', 'job_url': 'https://www.arbeitnow.com/jobs/companies/gropyus/senior-manager-cost-optimization-building-system-process-industrialization-focus-all-genders-berlin-berlin-209283'}","{'title': '(Senior) AI / Reinforcement Learning Engineer (m/f/d)', 'job_url': 'https://www.arbeitnow.com/jobs/companies/agilerobotsse/senior-ai-reinforcement-learning-engineer-munich-bavaria-154078'}","{'title': 'Senior Software Engineer (m/f/d)', 'job_url': 'https://www.arbeitnow.com/jobs/companies/agilerobotsse/senior-software-engineer-munich-bavaria-9068'}","{'title': 'Senior Sensor Engineer (f/m/d)', 'job_url': 'https://www.arbeitnow.com/jobs/companies/tactiliarobotics/senior-sensor-engineer-munich-286962'}"
"{'title': 'Senior Engineering Program Manager', 'job_url': 'https://www.arbeitnow.com/jobs/companies/planetlabs/senior-engineering-program-manager-berlin-167852'}","{'title': 'Senior Program Manager', 'job_url': 'https://www.arbeitnow.com/jobs/companies/cesiumastro/senior-program-manager-munich-germany-173227'}","{'title': 'AIT Senior Project Manager – Nyx Earth', 'job_url': 'https://www.arbeitnow.com/jobs/companies/the-exploration-company/ait-senior-project-manager-nyx-earth-munich-140048'}","{'title': 'Senior Engineering Program Manager - Stuttgart (w/m/d)', 'job_url': 'https://www.arbeitnow.com/jobs/companies/mobileye/senior-engineering-program-manager-stuttgart-munich-germany-141404'}","{'title': 'Technical Program Manager (AI/ML)', 'job_url': 'https://www.arbeitnow.com/jobs/companies/cuspai/technical-program-manager-ai-ml-berlin-15679'}","{'title': 'Senior Technical Project/Program Manager — Defense and Public Programs', 'job_url': 'https://www.arbeitnow.com/jobs/companies/apex-ai/senior-technical-project-program-manager-defense-and-public-programs-munich-408406'}","{'title': '(Senior) Product Manager (m/f/x)', 'job_url': 'https://www.arbeitnow.com/jobs/companies/progyny-global/senior-product-manager-berlin-427251'}","{'title': 'Senior Product Design Engineer', 'job_url': 'https://www.arbeitnow.com/jobs/companies/rohlik/senior-product-design-engineer-berlin-245890'}","{'title': 'Senior Systems Engineer', 'job_url': 'https://www.arbeitnow.com/jobs/companies/spire/senior-systems-engineer-munich-bavaria-34261'}"
"{'title': 'Senior Specialist, Market Planning', 'job_url': 'https://www.arbeitnow.com/jobs/companies/wolt/senior-specialist-market-planning-berlin-383819'}","{'title': 'Post Market Surveillance Specialist for Medical Devices', 'job_url': 'https://www.arbeitnow.com/jobs/companies/novanta-europe-gmbh/post-market-surveillance-specialist-for-medical-devices-berlin-144405'}","{'title': 'Working Student Supply Planning (all genders)', 'job_url': 'https://www.arbeitnow.com/jobs/companies/sunday-natural/working-student-supply-planning-all-genders-berlin-324820'}","{'title': 'Commercial Planning Senior Associate', 'job_url': 'https://www.arbeitnow.com/jobs/companies/sumup/commercial-planning-senior-associate-berlin-420854'}","{'title': 'Commercial Planning Senior Associate', 'job_url': 'https://www.arbeitnow.com/jobs/companies/sumup/commercial-planning-senior-associate-berlin-188392'}","{'title': '(Senior) Factory Planning & Design Engineer', 'job_url': 'https://www.arbeitnow.com/jobs/companies/hypersonica/senior-factory-planning-design-engineer-munich-146436'}","{'title': 'Application Support Specialist – Market Data & Trading Systems (m/f/d)', 'job_url': 'https://www.arbeitnow.com/jobs/companies/solactive-ag/application-support-specialist-market-data-trading-systems-berlin-99961'}","{'title': 'Senior Marketing Specialist (w/m/d)', 'job_url': 'https://www.arbeitnow.com/jobs/companies/opentas/senior-marketing-specialist-hamburg-417353'}","{'title': 'Senior AFC Operations Specialist (f/m/x)', 'job_url': 'https://www.arbeitnow.com/jobs/companies/lemon-markets/senior-afc-operations-specialist-berlin-255155'}"
"{'title': 'Senior Product Manager, Technical (m/f/d)', 'job_url': 'https://www.arbeitnow.com/jobs/companies/affinidi/senior-product-manager-technical-berlin-251542'}","{'title': 'Senior Technical Project Manager (m/f/d)', 'job_url': 'https://www.arbeitnow.com/jobs/companies/berlitz/remote-senior-technical-project-manager-2971'}","{'title': 'Technical Product Owner | Integrations (m/f/d)', 'job_url': 'https://www.arbeitnow.com/jobs/companies/superchat/technical-product-owner-integrations-berlin-berlin-176910'}","{'title': 'Technical Program Manager (f/m/d)', 'job_url': 'https://www.arbeitnow.com/jobs/companies/black-semiconductor-gmbh/technical-program-manager-aachen-267819'}","{'title': 'Technical Product Owner | Integrations (m/f/d)', 'job_url': 'https://www.arbeitnow.com/jobs/companies/superchat/technical-product-owner-integrations-berlin-241087'}","{'title': 'Senior Technical Product Manager, Rail Integrations (all genders)', 'job_url': 'https://www.arbeitnow.com/jobs/companies/distribusion-technologies/remote-senior-technical-product-manager-rail-integrations-all-genders-berlin-58755'}","{'title': 'Technical Product Manager', 'job_url': 'https://www.arbeitnow.com/jobs/companies/bjak/technical-product-manager-germany-20520'}","{'title': 'Senior Technical Product Manager (f/m/x)', 'job_url': 'https://www.arbeitnow.com/jobs/companies/exmox/senior-technical-product-manager-hamburg-281413'}","{'title': 'Technical Account Manager - Senior Care (m/f/d)', 'job_url': 'https://www.arbeitnow.com/jobs/companies/voize/technical-account-manager-senior-care-berlin-15582'}"
"{'title': 'Senior Engineering Manager (m/f/d)', 'job_url': 'https://www.arbeitnow.com/jobs/companies/affinidi/senior-engineering-manager-berlin-254087'}","{'title': 'Senior Frontend Engineer - React', 'job_url': 'https://www.arbeitnow.com/jobs/companies/researchgate/senior-frontend-engineer-react-berlin-53197'}","{'title': 'Senior AI Engineer (f/m/d)', 'job_url': 'https://www.arbeitnow.com/jobs/companies/integral-de/senior-ai-engineer-berlin-389323'}","{'title': 'Senior Product Engineer (f/m/d)', 'job_url': 'https://www.arbeitnow.com/jobs/companies/integral-de/senior-product-engineer-berlin-329137'}","{'title': '(Senior) Software Engineer (d/f/m)', 'job_url': 'https://www.arbeitnow.com/jobs/companies/taxfix/senior-software-engineer-berlin-333938'}","{'title': 'Tech Lead (m/f/d)', 'job_url': 'https://www.arbeitnow.com/jobs/companies/superchat/tech-lead-berlin-berlin-420831'}","{'title': 'Engineering Manager (f/m/d)', 'job_url': 'https://www.arbeitnow.com/jobs/companies/moonfare/engineering-manager-berlin-243211'}","{'title': 'Senior Fullstack Engineer (f/m/d)', 'job_url': 'https://www.arbeitnow.com/jobs/companies/upvest/senior-fullstack-engineer-berlin-144579'}","{'title': 'Senior Software Engineer - US Payments and Partner Operations (m/f/d)', 'job_url': 'https://www.arbeitnow.com/jobs/companies/raisin/senior-software-engineer-us-payments-and-partner-operations-berlin-berlin-455337'}"
"{'title': 'Senior Mobile Engineer - Instrumentation SDK (iOS) | Germany | Remote', 'job_url': 'https://www.arbeitnow.com/jobs/companies/grafanalabs/senior-mobile-engineer-instrumentation-sdk-ios-germany-remote-6605'}","{'title': 'Kundenservice Mobilfunk Inbound - Freelancer - EU, außerhalb Deutschland - 100% Remote', 'job_url': 'https://www.arbeitnow.com/jobs/companies/hey-contact-heroes-gmbh/kundenservice-mobilfunk-inbound-freelancer-eu-ausserhalb-deutschland-100-remote-berlin-146674'}","{'title': 'Data Analytics, Data Science & AI Weiterbildung mit IHK-Abschluss | 100 % Remote', 'job_url': 'https://www.arbeitnow.com/jobs/companies/datasmart-point-gmbh/data-analytics-data-science-ai-weiterbildung-mit-ihk-abschluss-100-remote-berlin-452130'}","{'title': 'Senior Infrastructure DevOps Engineer (100% Remote Germany)', 'job_url': 'https://www.arbeitnow.com/jobs/companies/innocraft/senior-infrastructure-devops-engineer-100-remote-germany-frankfurt-381413'}","{'title': 'Senior iOS Developer (Remote)', 'job_url': 'https://www.arbeitnow.com/jobs/companies/finom/senior-ios-developer-remote-germany-156083'}","{'title': 'Senior iOS Developer (Remote)', 'job_url': 'https://www.arbeitnow.com/jobs/companies/finom/senior-ios-developer-remote-germany-343902'}","{'title': 'Senior Product Manager (Full Remote - Europe)', 'job_url': 'https://www.arbeitnow.com/jobs/companies/everai/senior-product-manager-full-remote-europe-germany-70206'}","{'title': 'Senior Backend Engineer  (m/f/d) - Agent SDK', 'job_url': 'https://www.arbeitnow.com/jobs/companies/voize/senior-backend-engineer-agent-sdk-berlin-132273'}","{'title': 'Full Stack Engineer (100% Remote Germany)', 'job_url': 'https://www.arbeitnow.com/jobs/companies/innocraft/full-stack-engineer-100-remote-germany-frankfurt-143976'}"
"{'title': 'Customer Success Architect, CEUR', 'job_url': 'https://www.arbeitnow.com/jobs/companies/gitlab/remote-customer-success-architect-ceur-464606'}","{'title': 'Customer Success Manager - AMER', 'job_url': 'https://www.arbeitnow.com/jobs/companies/camunda/remote-customer-success-manager-amer-94355'}","{'title': 'Senior Customer Success Manager', 'job_url': 'https://www.arbeitnow.com/jobs/companies/walkme/senior-customer-success-manager-berlin-428918'}","{'title': 'Customer Architect', 'job_url': 'https://www.arbeitnow.com/jobs/companies/elastic/customer-architect-178157'}","{'title': 'Customer Success Manager (Remote, Portugal)', 'job_url': 'https://www.arbeitnow.com/jobs/companies/easygenerator/customer-success-manager-remote-portugal-17052'}","{'title': 'Internship - Success Architect', 'job_url': 'https://www.arbeitnow.com/jobs/companies/telli/internship-success-architect-berlin-344942'}","{'title': 'Senior Customer Success Manager', 'job_url': 'https://www.arbeitnow.com/jobs/companies/diligentcorporation/senior-customer-success-manager-munchen-bavaria-474817'}","{'title': 'Customer Success Consultant - Retail Media', 'job_url': 'https://www.arbeitnow.com/jobs/companies/mirakl/customer-success-consultant-retail-media-munchen-bavaria-266897'}","{'title': 'Senior Customer Success Manager - DACH', 'job_url': 'https://www.arbeitnow.com/jobs/companies/constructor/senior-customer-success-manager-dach-munich-236289'}"
"{'title': 'Large Enterprise Account Executive Auth0', 'job_url': 'https://www.arbeitnow.com/jobs/companies/okta/large-enterprise-account-executive-auth0-316258'}","{'title': 'Account Executive, Enterprise Sales - DACH', 'job_url': 'https://www.arbeitnow.com/jobs/companies/pendo/account-executive-enterprise-sales-dach-munich-37910'}","{'title': 'Account Executive, Enterprise', 'job_url': 'https://www.arbeitnow.com/jobs/companies/flexport/account-executive-enterprise-264244'}","{'title': 'Enterprise Account Executive', 'job_url': 'https://www.arbeitnow.com/jobs/companies/coveoen/enterprise-account-executive-88512'}","{'title': 'Director, Enterprise, Payments', 'job_url': 'https://www.arbeitnow.com/jobs/companies/airwallex-jobs/director-enterprise-payments-de-munich-273333'}","{'title': 'Senior Account Executive, Enterprise, Spend', 'job_url': 'https://www.arbeitnow.com/jobs/companies/airwallex-jobs/senior-account-executive-enterprise-spend-de-munich-131688'}","{'title': 'Senior Account Executive, Enterprise, EmFi', 'job_url': 'https://www.arbeitnow.com/jobs/companies/airwallex-jobs/senior-account-executive-enterprise-emfi-de-munich-445842'}","{'title': 'Account Director, Large Enterprise | Retail', 'job_url': 'https://www.arbeitnow.com/jobs/companies/openai/account-director-large-enterprise-retail-munich-303441'}","{'title': 'Senior Account Manager, Enterprise', 'job_url': 'https://www.arbeitnow.com/jobs/companies/airwallex/senior-account-manager-enterprise-de-munich-422522'}"
"{'title': 'Marketing Coordinator (m/w/d) - Teilzeit ca. 20 Stunden', 'job_url': 'https://www.arbeitnow.com/jobs/companies/schutzwerk/marketing-coordinator-teilzeit-ca-20-stunden-hamburg-419440'}","{'title': 'Personalreferent (m/w/d) in Teilzeit (20 Stunden/Woche)', 'job_url': 'https://www.arbeitnow.com/jobs/companies/lintorfer-eisengiesserei-gmbh/personalreferent-in-teilzeit-20-stunden-woche-ratingen-115222'}","{'title': 'Wirtschaftsinformatiker Werkstudent (m/w/d) - 20 Stunden/ Woche', 'job_url': 'https://www.arbeitnow.com/jobs/companies/sammer-malereibetrieb-gmbh/wirtschaftsinformatiker-werkstudent-20-stunden-woche-munchen-250444'}","{'title': 'Medizinische Fachangestellte MFA für unser City Labor Leipzig  20 bis 35 Stunden pro Woche | Teilzeit | Leipzig', 'job_url': 'https://www.arbeitnow.com/jobs/companies/alphaomega-labor-gbr/medizinische-fachangestellte-mfa-fur-unser-city-labor-leipzig-20-bis-35-stunden-pro-woche-teilzeit-leipzig-98706'}","{'title': 'Werkstudent/-in (m/w/d) in der telefonischen Immobilienberatung (20 Stunden / Woche)', 'job_url': 'https://www.arbeitnow.com/jobs/companies/immo-marketer/werkstudent-in-in-der-telefonischen-immobilienberatung-20-stunden-woche-bochum-330324'}","{'title': 'Werkstudent/-in (m/w/d) in der telefonischen Immobilienberatung (20 Stunden / Woche)', 'job_url': 'https://www.arbeitnow.com/jobs/companies/immo-marketer/werkstudent-in-in-der-telefonischen-immobilienberatung-20-stunden-woche-bochum-13365'}","{'title': 'Buchhalter (m/w/d) in Teilzeit für 20 Stunden/ Woche', 'job_url': 'https://www.arbeitnow.com/jobs/companies/planungsgruppe-va-gmbh/buchhalter-in-teilzeit-fur-20-stunden-woche-hanover-48615'}","{'title': 'Marketing Manager/in (Teilzeit, Elternzeitvertretung 1.5 Jahre)', 'job_url': 'https://www.arbeitnow.com/jobs/companies/berliner-brandstifter-gmbh/marketing-manager-in-teilzeit-elternzeitvertretung-15-jahre-berlin-385005'}","{'title': 'Personalsachbearbeiter (m/w/d) in Lauingen/Donau: Teilzeit, 20 Std./Woche', 'job_url': 'https://www.arbeitnow.com/jobs/companies/riffbird-gmbh/personalsachbearbeiter-in-lauingen-donau-teilzeit-20-std-woche-339175'}"
"{'title': 'Creative Strategist Paid Ads (m/w/d)', 'job_url': 'https://www.arbeitnow.com/jobs/companies/gornation-gmbh/creative-strategist-paid-ads-munster-134292'}","{'title': 'Creative Strategist - Paid Social (m/f/d)', 'job_url': 'https://www.arbeitnow.com/jobs/companies/placetel/creative-strategist-paid-social-cologne-215991'}","{'title': 'Creative Strategist / Direct-Response Copywriter - Meta Ads (m/w/d)', 'job_url': 'https://www.arbeitnow.com/jobs/companies/valkental-gmbh/creative-strategist-direct-response-copywriter-meta-ads-dusseldorf-66069'}","{'title': 'Creative Strategist (m/w/d)', 'job_url': 'https://www.arbeitnow.com/jobs/companies/bodyfokus-gmbh/creative-strategist-koln-350871'}","{'title': 'Senior Paid Marketing Strategist', 'job_url': 'https://www.arbeitnow.com/jobs/companies/typeform/senior-paid-marketing-strategist-366827'}","{'title': 'Senior Creative Strategist', 'job_url': 'https://www.arbeitnow.com/jobs/companies/quince/senior-creative-strategist-232315'}","{'title': 'Creative Strategist (m/w/d) - Hybrid (Remote+Office)', 'job_url': 'https://www.arbeitnow.com/jobs/companies/inkster-gmbh/creative-strategist-hybrid-remoteoffice-hamburg-6878'}","{'title': 'Senior Creative Strategist – Social Ads / UGC (m/w/d)', 'job_url': 'https://www.arbeitnow.com/jobs/companies/pammys-dieseo-gmbh/senior-creative-strategist-social-ads-ugc-hamburg-288364'}","{'title': 'Creative Strategist UGC & Performance Ads (m/w/d)', 'job_url': 'https://www.arbeitnow.com/jobs/companies/social-heaven-studios-ug-haftungsbeschrankt/creative-strategist-ugc-performance-ads-berlin-331714'}"
"{'title': 'ISB Informationssicherheitsbeauftragter (m/w/d)', 'job_url': 'https://www.arbeitnow.com/jobs/companies/gecko-mbh/isb-informationssicherheitsbeauftragter-rostock-347769'}",,,,,,,,
"{'title': 'Technical Consultant für d.velop Dokumenten\xadmanagement (m/w/d)', 'job_url': 'https://www.arbeitnow.com/jobs/companies/gecko-mbh/technical-consultant-fur-dvelop-dokumentenmanagement-rostock-47500'}","{'title': 'IT Projektmanager (m/w/d)', 'job_url': 'https://www.arbeitnow.com/jobs/companies/indie-solutions-gmbh/it-projektmanager-magdeburg-58538'}","{'title': 'Projektleiter ELO ECM (m/w/d)', 'job_url': 'https://www.arbeitnow.com/jobs/companies/n-komm-gmbh/projektleiter-elo-ecm-karlsruhe-45366'}","{'title': 'Consultant / Business Consulting (m/w/d) Förderbank', 'job_url': 'https://www.arbeitnow.com/jobs/companies/audius-se/consultant-business-consulting-forderbank-frankfurt-am-main-159818'}","{'title': 'IT Service Manager / Senior Consultant (m/w/d)', 'job_url': 'https://www.arbeitnow.com/jobs/companies/dostani-it-gmbh/it-service-manager-senior-consultant-dortmund-47041'}","{'title': '(Senior) ERP Consultant DMS (m/w/d)', 'job_url': 'https://www.arbeitnow.com/jobs/companies/asseco-solutions/senior-erp-consultant-dms-deutschland-osterreich-schweiz-und-italien-230723'}","{'title': 'Lab Manager / Technician (F/M/D)', 'job_url': 'https://www.arbeitnow.com/jobs/companies/omnisent/lab-manager-technician-munich-204431'}","{'title': 'SAP Consultant Archivierung (m/w/d)', 'job_url': 'https://www.arbeitnow.com/jobs/companies/jetztjob/sap-consultant-archivierung-hamburg-303590'}","{'title': 'Fintech Onboarding Manager & Consultant (w/m/d) - Buchhaltungs- und Steuerthemen', 'job_url': 'https://www.arbeitnow.com/jobs/companies/pennylane/remote-fintech-onboarding-manager-consultant-buchhaltungs-und-steuerthemen-413625'}"
"{'title': 'IT Consultant Collaboration & Open Source (m/w/d)', 'job_url': 'https://www.arbeitnow.com/jobs/companies/gecko-mbh/it-consultant-collaboration-open-source-rostock-357451'}","{'title': 'Open Source Platform Specialist (m/w/d)', 'job_url': 'https://www.arbeitnow.com/jobs/companies/ibi-institut-fur-bildung-in-der-informationsgesellschaft-ggmbh/open-source-platform-specialist-berlin-88951'}","{'title': '(Senior) System Engineer Open Source (M/W/D) - BU1', 'job_url': 'https://www.arbeitnow.com/jobs/companies/live-reply-gmbh/senior-system-engineer-open-source-bu1-frankfurt-am-main-68869'}","{'title': 'Senior DevOps Engineer * - Smart City Open Source', 'job_url': 'https://www.arbeitnow.com/jobs/companies/hypertegrity-ag/senior-devops-engineer-smart-city-open-source-buren-186330'}","{'title': 'Sidebase Open-Source Contributor & Senior TS Dev (f/m/d)', 'job_url': 'https://www.arbeitnow.com/jobs/companies/sidestream/sidebase-open-source-contributor-senior-ts-dev-cologne-442550'}","{'title': 'Co-Founder / Tech Partner  (AI & Open Source) from Estonia', 'job_url': 'https://www.arbeitnow.com/jobs/companies/we-help-solutions/co-founder-tech-partner-ai-open-source-from-estonia-frankfurt-am-main-214639'}","{'title': 'Kommunikationsmanager:in für das Projekt ""Soofi (Sovereign Open Source Foundation Models)” im KI Bundesverband (m/w/d)', 'job_url': 'https://www.arbeitnow.com/jobs/companies/ki-bundesverband/kommunikationsmanagerin-fur-das-projekt-soofi-sovereign-open-source-foundation-models-im-ki-bundesverband-hurth-172868'}","{'title': 'Data Analytics, Data Science & AI Weiterbildung mit IHK-Abschluss | 100 % Remote', 'job_url': 'https://www.arbeitnow.com/jobs/companies/datasmart-point-gmbh/data-analytics-data-science-ai-weiterbildung-mit-ihk-abschluss-100-remote-berlin-452130'}","{'title': 'Governance Manager:in für das Projekt ""Soofi (Sovereign Open Source Foundation Models” im KI Bundesverband (m/w/d)', 'job_url': 'https://www.arbeitnow.com/jobs/companies/ki-bundesverband/governance-managerin-fur-das-projekt-soofi-sovereign-open-source-foundation-models-im-ki-bundesverband-hurth-49102'}"
"{'title': 'Product Manager - EXOtube', 'job_url': 'https://www.arbeitnow.com/jobs/companies/exolaunch/product-manager-exotube-berlin-germany-78558'}","{'title': 'Product Manager (Hands-on & Execution) (m/f/d)', 'job_url': 'https://www.arbeitnow.com/jobs/companies/newwork-software-gmbh/product-manager-hands-on-execution-berlin-183798'}","{'title': 'Senior Product Manager - Salesforce & Internal Enablement (all genders)', 'job_url': 'https://www.arbeitnow.com/jobs/companies/aroundhome/senior-product-manager-salesforce-internal-enablement-all-genders-berlin-333662'}","{'title': 'Staff Product Manager [Accounting expertise] - German speaking 🇩🇪', 'job_url': 'https://www.arbeitnow.com/jobs/companies/qonto/staff-product-manager-accounting-expertise-german-speaking-berlin-84401'}","{'title': 'Senior Product Manager - Salesforce & Internal Enablement (all genders)', 'job_url': 'https://www.arbeitnow.com/jobs/companies/aroundhome/senior-product-manager-salesforce-internal-enablement-all-genders-berlin-468908'}","{'title': 'Product Manager App & Digital Experience', 'job_url': 'https://www.arbeitnow.com/jobs/companies/lovehoney-group/product-manager-app-digital-experience-berlin-291187'}","{'title': 'Senior Frontend Engineer - React', 'job_url': 'https://www.arbeitnow.com/jobs/companies/researchgate/senior-frontend-engineer-react-berlin-53197'}","{'title': 'Senior Product Manager - Client Experience & Engagement (f/m/d)', 'job_url': 'https://www.arbeitnow.com/jobs/companies/liqid-lig/senior-product-manager-client-experience-engagement-berlin-430799'}","{'title': 'Beta Tester:  AI Sales Tool (Free Access for Job Seekers in Sales)', 'job_url': 'https://www.arbeitnow.com/jobs/companies/same/beta-tester-ai-sales-tool-free-access-for-job-seekers-in-sales-berlin-110768'}"
"{'title': 'Projektmanager / Projektentwickler (m/w/d) PV / Green Energy', 'job_url': 'https://www.arbeitnow.com/jobs/companies/feld-energy/projektmanager-projektentwickler-pv-green-energy-office-munchen-336434'}","{'title': 'Projektmanager / Projektentwickler (m/w/d) PV / Green Energy', 'job_url': 'https://www.arbeitnow.com/jobs/companies/feldenergy-gmbh/projektmanager-projektentwickler-pv-green-energy-munich-477899'}","{'title': 'Projektentwickler (m/w/d) für Commercial PV Projekte', 'job_url': 'https://www.arbeitnow.com/jobs/companies/repower-solution-gmbh/projektentwickler-fur-commercial-pv-projekte-cologne-456642'}","{'title': 'Projektentwickler - Ostdeutschland (m/w/d)', 'job_url': 'https://www.arbeitnow.com/jobs/companies/q-energy/remote-projektentwickler-ostdeutschland-germany-246899'}","{'title': 'Projektentwickler - Ostdeutschland (m/w/d)', 'job_url': 'https://www.arbeitnow.com/jobs/companies/q-energy/remote-projektentwickler-ostdeutschland-germany-344699'}","{'title': 'Projektentwickler - Ostdeutschland (m/w/d)', 'job_url': 'https://www.arbeitnow.com/jobs/companies/q-energy/remote-projektentwickler-ostdeutschland-germany-168349'}","{'title': 'Projektentwickler - Ostdeutschland (m/w/d)', 'job_url': 'https://www.arbeitnow.com/jobs/companies/q-energy/remote-projektentwickler-ostdeutschland-berlin-484904'}","{'title': 'Projektentwickler - Ostdeutschland (m/w/d)', 'job_url': 'https://www.arbeitnow.com/jobs/companies/q-energy/remote-projektentwickler-ostdeutschland-germany-343120'}","{'title': 'Projektentwickler - Ostdeutschland (m/w/d)', 'job_url': 'https://www.arbeitnow.com/jobs/companies/q-energy/remote-projektentwickler-ostdeutschland-germany-396935'}"
"{'title': 'Service Desk Mitarbeiter (m/w/d)', 'job_url': 'https://www.arbeitnow.com/jobs/companies/medialine-eurotrade-ag/service-desk-mitarbeiter-heidelberg-83201'}","{'title': 'Customer Support Agent', 'job_url': 'https://www.arbeitnow.com/jobs/companies/the-happy-customers/customer-support-agent-berlin-333545'}","{'title': 'Customer Support Agent (M/W/D)', 'job_url': 'https://www.arbeitnow.com/jobs/companies/ralph/customer-support-agent-berlin-2789'}","{'title': 'Kundenbetreuung (Customer Support/Success) (m/w/d)', 'job_url': 'https://www.arbeitnow.com/jobs/companies/tutorspace-gmbh/customer-success-manager-ludwigshafen-30356'}","{'title': 'Director of Customer Support', 'job_url': 'https://www.arbeitnow.com/jobs/companies/cloudbedsthirdpartyboard/director-of-customer-support-341296'}","{'title': 'Customer Service Agent Scandinavia', 'job_url': 'https://www.arbeitnow.com/jobs/companies/pergolux/customer-service-agent-scandinavia-berlin-485590'}","{'title': 'Customer Support Manager (m/w/d)', 'job_url': 'https://www.arbeitnow.com/jobs/companies/vub-gmbh/customer-support-manager-cologne-251415'}","{'title': 'Customer Service Agent Frankreich (m/w/d)', 'job_url': 'https://www.arbeitnow.com/jobs/companies/machineseeker-group-gmbh/customer-service-agent-frankreich-essen-223233'}","{'title': 'Sachbearbeiter Customer Service und Kundenbetreuung (m/w/d)', 'job_url': 'https://www.arbeitnow.com/jobs/companies/my-humancapital-gmbh/sachbearbeiter-customer-service-und-kundenbetreuung-munich-31111'}"
"{'title': 'Stellvertreter Leitung Qualität (Aerospace / Defense) (a) | Region: Deutschland, Grossraum Stuttgart', 'job_url': 'https://www.arbeitnow.com/jobs/companies/concape/stellvertreter-leitung-qualitat-aerospace-defense-a-region-deutschland-grossraum-stuttgart-augsburg-27538'}","{'title': 'Kundenservice Mobilfunk Inbound - Freelancer - EU, außerhalb Deutschland - 100% Remote', 'job_url': 'https://www.arbeitnow.com/jobs/companies/hey-contact-heroes-gmbh/kundenservice-mobilfunk-inbound-freelancer-eu-ausserhalb-deutschland-100-remote-berlin-146674'}","{'title': 'Account Executive Deutschland', 'job_url': 'https://www.arbeitnow.com/jobs/companies/innova-market-insights/remote-account-executive-deutschland-dusseldorf-204800'}","{'title': 'Kfz-Prüfingenieur für Regionalleitung Stuttgart & BW | (w/m/d)', 'job_url': 'https://www.arbeitnow.com/jobs/companies/holdeineplakette/kfz-prufingenieur-fur-regionalleitung-stuttgart-bw-193321'}","{'title': 'Senior Developer für datenbasierte Softwarelösungen - Region Stuttgart - 90.000€', 'job_url': 'https://www.arbeitnow.com/jobs/companies/nxt-hero-gmbh/senior-developer-fur-datenbasierte-softwarelosungen-region-stuttgart-90000eur-317446'}","{'title': 'HSE Manager (w/m/d) im Raum Stuttgart gesucht!', 'job_url': 'https://www.arbeitnow.com/jobs/companies/agex-it-gmbh/hse-manager-im-raum-stuttgart-gesucht-86999'}","{'title': 'Leitung Qualitätsmanagement (m/w/d)', 'job_url': 'https://www.arbeitnow.com/jobs/companies/crc-solutions/leitung-qualitatsmanagement-lorrach-334385'}","{'title': 'Senior Bauleiter (m/w/d) Rohbau - Stuttgart', 'job_url': 'https://www.arbeitnow.com/jobs/companies/skalbach-gmbh/senior-bauleiter-rohbau-stuttgart-34453'}","{'title': 'Leitung technisches Büro (m/w/d)', 'job_url': 'https://www.arbeitnow.com/jobs/companies/neumayr-gmbh/leitung-technisches-buro-eggenfelden-441835'}"
"{'title': 'Bilanzbuchhalter / ERP-Anwendungsbetreuer (m/w/x) - Microsoft Dynamics NAV', 'job_url': 'https://www.arbeitnow.com/jobs/companies/expert-warenvertrieb-gmbh/bilanzbuchhalter-erp-anwendungsbetreuer-microsoft-dynamics-nav-langenhagen-230834'}","{'title': 'ERP Manager Microsoft Dynamics NAV/ Business Central (m/w/d)', 'job_url': 'https://www.arbeitnow.com/jobs/companies/heilpflanzenwohl-gmbh/erp-manager-microsoft-dynamics-nav-business-central-berlin-174342'}","{'title': 'Teamlead IT | ERP-Verantwortlicher | Dynamics 365 BC / NAV (w/m/d)', 'job_url': 'https://www.arbeitnow.com/jobs/companies/right-search/teamlead-it-erp-verantwortlicher-dynamics-365-bc-nav-landau-an-der-isar-54281'}","{'title': 'Consultant für Microsoft Dynamics 365 Business Central (w/m/d)', 'job_url': 'https://www.arbeitnow.com/jobs/companies/tso-data-nurnberg-gmbh/consultant-fur-microsoft-dynamics-365-business-central-nuremberg-271430'}","{'title': 'Entwickler Microsoft Dynamics 365 Business Central (m/w/d)', 'job_url': 'https://www.arbeitnow.com/jobs/companies/leannova-gmbh/entwickler-microsoft-dynamics-365-business-central-lingen-419858'}","{'title': 'Consultant Microsoft Dynamics 365 Business Central (m/w/d)', 'job_url': 'https://www.arbeitnow.com/jobs/companies/biteam-gesellschaft-fur-softwareberatung-mbh/consultant-microsoft-dynamics-365-business-central-karlsruhe-405379'}","{'title': 'ERP Solution Architect (f/m/x) – Microsoft Dynamics 365 Finance & SCM', 'job_url': 'https://www.arbeitnow.com/jobs/companies/avanade/erp-solution-architect-microsoft-dynamics-365-finance-scm-frankfurt-am-main-436407'}","{'title': 'Bilanzbuchhalter (m/w/d)', 'job_url': 'https://www.arbeitnow.com/jobs/companies/jobbusters-gmbh/bilanzbuchhalter-munich-384489'}","{'title': 'Praktikant Business Development & Microsoft Dynamics 365 (m/w/d)', 'job_url': 'https://www.arbeitnow.com/jobs/companies/360-consulting-gmbh/praktikant-business-development-microsoft-dynamics-365-cologne-285913'}"
"{'title': 'Werkstudent Video Editor / Cutter Social Media (m/w/d)', 'job_url': 'https://www.arbeitnow.com/jobs/companies/gornation-gmbh/werkstudent-video-editor-cutter-social-media-munster-191359'}","{'title': 'Praktikum Social Media Cutter (m/w/d) Standort München oder Remote deutschlandweit', 'job_url': 'https://www.arbeitnow.com/jobs/companies/little-dot-studios-deutschland/praktikum-social-media-cutter-standort-munchen-oder-remote-deutschlandweit-munich-212943'}","{'title': 'Werksstudent:in / Working Student Social Media', 'job_url': 'https://www.arbeitnow.com/jobs/companies/yummy/werksstudentin-working-student-social-media-munich-231953'}","{'title': 'Working Student | Social Media & Content (m/w/d)', 'job_url': 'https://www.arbeitnow.com/jobs/companies/azureagency-gmbh/working-student-social-media-content-cologne-234391'}","{'title': 'Social Media (Pflicht-Praktikum) - Editor  / Content Creation', 'job_url': 'https://www.arbeitnow.com/jobs/companies/studio-belize-gmbh/social-media-pflicht-praktikum-editor-content-creation-berlin-289487'}","{'title': 'Videograf & Cutter für Social Media Ads (m/w/d)', 'job_url': 'https://www.arbeitnow.com/jobs/companies/scalecom-gmbh/videograf-cutter-fur-social-media-ads-neu-isenburg-342053'}","{'title': 'Praktikum Social Media & Marketing', 'job_url': 'https://www.arbeitnow.com/jobs/companies/supa-sport-und-party-app/praktikum-social-media-marketing-cologne-494965'}","{'title': 'Video Creator & Cutter (m/w/d) für Social Media Teilzeit/Vollzeit', 'job_url': 'https://www.arbeitnow.com/jobs/companies/pinka-fux-gmbh/video-creator-cutter-fur-social-media-teilzeit-vollzeit-dresden-32170'}","{'title': 'Video Editor - Social Media Ads (m/w/d)', 'job_url': 'https://www.arbeitnow.com/jobs/companies/doubledouble-ads-gmbh/video-editor-social-media-ads-cologne-490684'}"
"{'title': 'Erfahrener Software Engineer / ML Engineer (m/w/x) im Bildungsumfeld / Remote', 'job_url': 'https://www.arbeitnow.com/jobs/companies/gfn-gmbh/erfahrener-software-engineer-ml-engineer-im-bildungsumfeld-remote-heidelberg-77114'}","{'title': 'Kundenservice Mobilfunk Inbound - Freelancer - EU, außerhalb Deutschland - 100% Remote', 'job_url': 'https://www.arbeitnow.com/jobs/companies/hey-contact-heroes-gmbh/kundenservice-mobilfunk-inbound-freelancer-eu-ausserhalb-deutschland-100-remote-berlin-146674'}","{'title': 'ML Product Engineer', 'job_url': 'https://www.arbeitnow.com/jobs/companies/kausable-gmbh/ml-product-engineer-heidelberg-60723'}","{'title': 'Data Analytics, Data Science & AI Weiterbildung mit IHK-Abschluss | 100 % Remote', 'job_url': 'https://www.arbeitnow.com/jobs/companies/datasmart-point-gmbh/data-analytics-data-science-ai-weiterbildung-mit-ihk-abschluss-100-remote-berlin-452130'}","{'title': 'Erfahrener Backend Entwickler (m/w/d)', 'job_url': 'https://www.arbeitnow.com/jobs/companies/oros-energy-europe-gmbh/erfahrener-backend-entwickler-konstanz-127146'}","{'title': 'Applied ML Engineer', 'job_url': 'https://www.arbeitnow.com/jobs/companies/jobgether/applied-ml-engineer-germany-9103'}","{'title': 'Founding ML Engineer (Spectrum)', 'job_url': 'https://www.arbeitnow.com/jobs/companies/jetbrains/remote-founding-ml-engineer-spectrum-228679'}","{'title': 'Senior Software Engineer - AI/ML', 'job_url': 'https://www.arbeitnow.com/jobs/companies/mitratech/senior-software-engineer-ai-ml-46144'}","{'title': 'Senior AI / ML / Data Engineer (m/w/d)', 'job_url': 'https://www.arbeitnow.com/jobs/companies/qavion-sales-recruiting-gmbh/senior-ai-ml-data-engineer-grunwald-129413'}"
"{'title': '(Senior) Research Consultant / Projektleitung', 'job_url': 'https://www.arbeitnow.com/jobs/companies/herbold-fischer-associates-gmbh/senior-research-consultant-projektleitung-frankfurt-am-main-18466'}","{'title': 'Projektleitung Gebäudeschadstoffe (m/w/d)', 'job_url': 'https://www.arbeitnow.com/jobs/companies/jobmatches/projektleitung-gebaudeschadstoffe-berlin-423344'}","{'title': 'Projektleitung Geotechnik (m/w/d)', 'job_url': 'https://www.arbeitnow.com/jobs/companies/siera/projektleitung-geotechnik-lunen-280263'}","{'title': '(Junior) HR Consultant / Recruiter (m/w/d)', 'job_url': 'https://www.arbeitnow.com/jobs/companies/nviso/junior-hr-consultant-recruiter-frankfurt-am-main-128522'}","{'title': 'Projektleitung Versicherungs-Software (all Genders)', 'job_url': 'https://www.arbeitnow.com/jobs/companies/global-side-gmbh/projektleitung-versicherungs-software-all-genders-munchen-79901'}","{'title': 'Research Consultant (m/w/d)', 'job_url': 'https://www.arbeitnow.com/jobs/companies/glasford-international-deutschland-gmbh/research-consultant-munich-213429'}","{'title': 'Research Consultant Interim Management (m/w/d)', 'job_url': 'https://www.arbeitnow.com/jobs/companies/keyplayer-interim-management-gmbh-co-kg/research-consultant-interim-management-munich-62695'}","{'title': 'Projektleitung Marketing & Kommunikation (m/w/d)', 'job_url': 'https://www.arbeitnow.com/jobs/companies/luxury-dreams/projektleitung-marketing-kommunikation-berlin-396568'}","{'title': 'Projektleitung Software (m/w/d)', 'job_url': 'https://www.arbeitnow.com/jobs/companies/ist-gmbh-innovation-systems-technology/projektleitung-software-kallmunz-183591'}"
"{'title': 'Testautomatisierer (m/w/d)', 'job_url': 'https://www.arbeitnow.com/jobs/companies/cpu-consulting-software-gmbh/testautomatisierer-munich-295549'}","{'title': 'Senior Testmanager/Testautomatisierer (w/d/m)', 'job_url': 'https://www.arbeitnow.com/jobs/companies/hyplus-technology-gmbh/senior-testmanager-testautomatisierer-ratingen-385820'}","{'title': 'Software-Testautomatisierer/in (m/w/d)', 'job_url': 'https://www.arbeitnow.com/jobs/companies/simplytest-gmbh/software-testautomatisierer-in-nuremberg-439225'}","{'title': 'Software Testautomatisierer (m/w/d) mit Karriereambitionen', 'job_url': 'https://www.arbeitnow.com/jobs/companies/auralis-group/software-testautomatisierer-mit-karriereambitionen-markt-indersdorf-241909'}",,,,,
"{'title': 'Testmanager (m/w/d)', 'job_url': 'https://www.arbeitnow.com/jobs/companies/cpu-consulting-software-gmbh/testmanager-munster-486660'}","{'title': 'Testmanager SAP SuccessFactors (m/w/d)', 'job_url': 'https://www.arbeitnow.com/jobs/companies/qualysoft/testmanager-sap-successfactors-munchen-329531'}","{'title': 'Senior Testmanager/Testautomatisierer (w/d/m)', 'job_url': 'https://www.arbeitnow.com/jobs/companies/hyplus-technology-gmbh/senior-testmanager-testautomatisierer-ratingen-385820'}","{'title': 'SAP Testmanager / Testkoordinator (m/w/d) - Qualitätssicherung & Teststrategie', 'job_url': 'https://www.arbeitnow.com/jobs/companies/detlev-louis-motorrad-vertriebs-gmbh/sap-testmanager-testkoordinator-qualitatssicherung-teststrategie-hamburg-309718'}","{'title': 'Testmanager*in im Software Testing für Webprojekte', 'job_url': 'https://www.arbeitnow.com/jobs/companies/netcare-gmbh/testmanagerin-im-software-testing-fur-webprojekte-leinfelden-echterdingen-201707'}","{'title': 'Testmanager (m/w/d) für Medizintechnik in Darmstadt (1589)', 'job_url': 'https://www.arbeitnow.com/jobs/companies/bruggen-engineering-gmbh/testmanager-fur-medizintechnik-in-darmstadt-1589-276531'}",,,
"{'title': 'Fachlicher Softwaretester (m/w/d) Bankanwendungen', 'job_url': 'https://www.arbeitnow.com/jobs/companies/cpu-consulting-software-gmbh/fachlicher-softwaretester-bankanwendungen-munich-347230'}","{'title': 'Softwaretester*in Testautomatisierung (m/w/d)', 'job_url': 'https://www.arbeitnow.com/jobs/companies/iti/softwaretesterin-testautomatisierung-berlin-6525'}","{'title': 'Softwaretester (m/w/d)', 'job_url': 'https://www.arbeitnow.com/jobs/companies/systhemis-ag/softwaretester-wurzburg-61302'}","{'title': 'QA Engineer/Softwaretester Automotive-Software (m/w/d)', 'job_url': 'https://www.arbeitnow.com/jobs/companies/bwsolution-gmbh/qa-engineer-softwaretester-automotive-software-hamburg-451494'}","{'title': 'Softwaretester (m/w/d) – Healthcare SaaS', 'job_url': 'https://www.arbeitnow.com/jobs/companies/dmrz/softwaretester-healthcare-saas-dusseldorf-463967'}","{'title': 'Softwaretester Online Spiele (m/w/d)', 'job_url': 'https://www.arbeitnow.com/jobs/companies/cipsoft-gmbh/softwaretester-online-spiele-regensburg-1353'}","{'title': 'Werkstudent Softwaretester & Quality Assurance (m/w/d) TruckScout24', 'job_url': 'https://www.arbeitnow.com/jobs/companies/truckscout24/werkstudent-softwaretester-quality-assurance-truckscout24-essen-195016'}","{'title': 'Praktikant*in Softwareentwicklung (m/w/d)', 'job_url': 'https://www.arbeitnow.com/jobs/companies/syxos-gmbh/praktikantin-softwareentwicklung-munich-163247'}","{'title': '(Senior) Softwareentwickler Energy Systems & Cloud (m/w/d)', 'job_url': 'https://www.arbeitnow.com/jobs/companies/encosa-energy-gmbh/senior-softwareentwickler-energy-systems-cloud-munich-358656'}"
"{'title': 'Fachlicher Softwaretester (m/w/d) Bankanwendungen', 'job_url': 'https://www.arbeitnow.com/jobs/companies/cpu-consulting-software-gmbh/fachlicher-softwaretester-bankanwendungen-karlsruhe-385783'}","{'title': 'Softwaretester*in Testautomatisierung (m/w/d)', 'job_url': 'https://www.arbeitnow.com/jobs/companies/iti/softwaretesterin-testautomatisierung-berlin-6525'}","{'title': 'Softwaretester (m/w/d)', 'job_url': 'https://www.arbeitnow.com/jobs/companies/systhemis-ag/softwaretester-wurzburg-61302'}","{'title': 'QA Engineer/Softwaretester Automotive-Software (m/w/d)', 'job_url': 'https://www.arbeitnow.com/jobs/companies/bwsolution-gmbh/qa-engineer-softwaretester-automotive-software-hamburg-451494'}","{'title': 'Softwaretester (m/w/d) – Healthcare SaaS', 'job_url': 'https://www.arbeitnow.com/jobs/companies/dmrz/softwaretester-healthcare-saas-dusseldorf-463967'}","{'title': 'Softwaretester Online Spiele (m/w/d)', 'job_url': 'https://www.arbeitnow.com/jobs/companies/cipsoft-gmbh/softwaretester-online-spiele-regensburg-1353'}","{'title': 'Werkstudent Softwaretester & Quality Assurance (m/w/d) TruckScout24', 'job_url': 'https://www.arbeitnow.com/jobs/companies/truckscout24/werkstudent-softwaretester-quality-assurance-truckscout24-essen-195016'}","{'title': 'App Developer iOS Android (m/w/d)', 'job_url': 'https://www.arbeitnow.com/jobs/companies/hubside-die-recruitingwerkstatt/app-developer-ios-android-passau-289918'}","{'title': 'Software Developer - Plattform (m/w/d)', 'job_url': 'https://www.arbeitnow.com/jobs/companies/adito-software-gmbh/software-developer-plattform-landshut-39235'}"
"{'title': 'Werkstudent:in Creator Marketing (UGC / Client Services)', 'job_url': 'https://www.arbeitnow.com/jobs/companies/speekly/werkstudentin-creator-marketing-ugc-client-services-cologne-70590'}","{'title': 'Content & Creator Marketing Praktikum', 'job_url': 'https://www.arbeitnow.com/jobs/companies/more-money-more-love/content-creator-marketing-praktikum-dusseldorf-419458'}","{'title': '(Senior) Creator Marketing Coordinator (m/w/d)', 'job_url': 'https://www.arbeitnow.com/jobs/companies/gocomo-gmbh/senior-creator-marketing-coordinator-berlin-222135'}","{'title': 'Creator Manager TikTok Shop - DACH (m/f/d)', 'job_url': 'https://www.arbeitnow.com/jobs/companies/genuine-beauty-gmbh/creator-manager-tiktok-shop-dach-cologne-253776'}","{'title': 'Creator Manager TikTok Shop - NL (m/f/d)', 'job_url': 'https://www.arbeitnow.com/jobs/companies/genuine-beauty-gmbh/creator-manager-tiktok-shop-nl-cologne-196812'}","{'title': 'Werkstudentin Community Management (m/w/d)', 'job_url': 'https://www.arbeitnow.com/jobs/companies/players-for-good-ggmbh/werkstudentin-community-management-cologne-316465'}","{'title': 'Werkstudent:in - Social Media & Content Creator Marketing (w/m/d)', 'job_url': 'https://www.arbeitnow.com/jobs/companies/zeal-network/werkstudentin-social-media-content-creator-marketing-germany-21231'}","{'title': 'E-Mail Marketing Creator - Text & Design (m/w/d)', 'job_url': 'https://www.arbeitnow.com/jobs/companies/rugamer-steiner-consulting-gmbh/e-mail-marketing-creator-text-design-dusseldorf-140656'}","{'title': 'Praktikum Online-Marketing / Marketing / Content Creator', 'job_url': 'https://www.arbeitnow.com/jobs/companies/seomatik-gmbh/praktikum-online-marketing-marketing-content-creator-bielefeld-197561'}"
"{'title': 'Customer Success Consultant - Retail Media', 'job_url': 'https://www.arbeitnow.com/jobs/companies/mirakl/customer-success-consultant-retail-media-munchen-bavaria-266897'}","{'title': 'Director, Customer Success, EMEA', 'job_url': 'https://www.arbeitnow.com/jobs/companies/gitlab/remote-director-customer-success-emea-429624'}","{'title': 'Senior Customer Success Manager', 'job_url': 'https://www.arbeitnow.com/jobs/companies/diligentcorporation/senior-customer-success-manager-munchen-bavaria-474817'}","{'title': 'Customer Success Architect, CEUR', 'job_url': 'https://www.arbeitnow.com/jobs/companies/gitlab/remote-customer-success-architect-ceur-464606'}","{'title': 'Senior Customer Success Consultant', 'job_url': 'https://www.arbeitnow.com/jobs/companies/avomind/senior-customer-success-consultant-munich-132953'}","{'title': 'Senior Customer Success Manager - DACH', 'job_url': 'https://www.arbeitnow.com/jobs/companies/constructor/senior-customer-success-manager-dach-munich-236289'}","{'title': 'Senior Customer Success Manager', 'job_url': 'https://www.arbeitnow.com/jobs/companies/walkme/senior-customer-success-manager-berlin-428918'}","{'title': 'Customer Success Manager, Enterprise, EMEA', 'job_url': 'https://www.arbeitnow.com/jobs/companies/harvey/customer-success-manager-enterprise-emea-munich-297175'}","{'title': 'Customer Success Leader, Southern Europe & DACH', 'job_url': 'https://www.arbeitnow.com/jobs/companies/harvey/customer-success-leader-southern-europe-dach-munich-383189'}"
"{'title': 'Senior AI Search engineer(m/f/x)', 'job_url': 'https://www.arbeitnow.com/jobs/companies/commercetools/senior-ai-search-engineer-munchen-bayern-382526'}","{'title': 'Data Analytics, Data Science & AI Weiterbildung mit IHK-Abschluss | 100 % Remote', 'job_url': 'https://www.arbeitnow.com/jobs/companies/datasmart-point-gmbh/data-analytics-data-science-ai-weiterbildung-mit-ihk-abschluss-100-remote-berlin-452130'}","{'title': 'Senior Fullstack Engineer (LLMs & AI Agents)', 'job_url': 'https://www.arbeitnow.com/jobs/companies/tappz-gmbh/senior-fullstack-engineer-llms-ai-agents-munich-248284'}","{'title': 'Senior AI Engineer (f/m/d)', 'job_url': 'https://www.arbeitnow.com/jobs/companies/alpas/senior-ai-engineer-berlin-347188'}","{'title': 'Principal AI Engineer (m/f/x) - Industrial AI Engineering', 'job_url': 'https://www.arbeitnow.com/jobs/companies/appliedai/principal-ai-engineer-industrial-ai-engineering-munchen-81671-357156'}","{'title': 'Lead AI Engineer / Senior AI Engineer', 'job_url': 'https://www.arbeitnow.com/jobs/companies/aiimpact-gmbh/lead-ai-engineer-senior-ai-engineer-hamburg-208414'}","{'title': 'Senior Ai Engineer', 'job_url': 'https://www.arbeitnow.com/jobs/companies/typeform/senior-ai-engineer-219471'}","{'title': 'Junior AI Application Engineer – AI Products (LLM & RAG) (m/f/d)', 'job_url': 'https://www.arbeitnow.com/jobs/companies/machine-learning-reply/junior-ai-application-engineer-ai-products-llm-rag-munich-412158'}","{'title': 'AI Application Engineer – AI Products (LLM & RAG) (m/f/d)', 'job_url': 'https://www.arbeitnow.com/jobs/companies/machine-learning-reply/ai-application-engineer-ai-products-llm-rag-berlin-232153'}"
"{'title': 'Senior AI Search engineer(m/f/x)', 'job_url': 'https://www.arbeitnow.com/jobs/companies/commercetools/senior-ai-search-engineer-berlin-456491'}","{'title': 'Data Analytics, Data Science & AI Weiterbildung mit IHK-Abschluss | 100 % Remote', 'job_url': 'https://www.arbeitnow.com/jobs/companies/datasmart-point-gmbh/data-analytics-data-science-ai-weiterbildung-mit-ihk-abschluss-100-remote-berlin-452130'}","{'title': 'Senior AI Engineer (f/m/d)', 'job_url': 'https://www.arbeitnow.com/jobs/companies/alpas/senior-ai-engineer-berlin-347188'}","{'title': 'AI Application Engineer – AI Products (LLM & RAG) (m/f/d)', 'job_url': 'https://www.arbeitnow.com/jobs/companies/machine-learning-reply/ai-application-engineer-ai-products-llm-rag-berlin-232153'}","{'title': 'Senior/Staff AI Engineer, Quality & Evals (m/f/x)', 'job_url': 'https://www.arbeitnow.com/jobs/companies/cortea-ai/senior-staff-ai-engineer-quality-evals-berlin-67239'}","{'title': 'Lead AI Engineer / Senior AI Engineer', 'job_url': 'https://www.arbeitnow.com/jobs/companies/aiimpact-gmbh/lead-ai-engineer-senior-ai-engineer-hamburg-208414'}","{'title': 'Senior Software Engineer, Meta AI', 'job_url': 'https://www.arbeitnow.com/jobs/companies/kayak/senior-software-engineer-meta-ai-berlin-239493'}","{'title': 'Senior Fullstack Engineer (LLMs & AI Agents)', 'job_url': 'https://www.arbeitnow.com/jobs/companies/tappz-gmbh/senior-fullstack-engineer-llms-ai-agents-munich-248284'}","{'title': 'Senior AI Engineer (f/m/d)', 'job_url': 'https://www.arbeitnow.com/jobs/companies/integral-de/senior-ai-engineer-berlin-389323'}"
"{'title': 'Working Student - IT Asset & Stock Management (x/f/m)', 'job_url': 'https://www.arbeitnow.com/jobs/companies/doctolib/working-student-it-asset-stock-management-berlin-berlin-439978'}","{'title': 'Working Student Technical Asset Management', 'job_url': 'https://www.arbeitnow.com/jobs/companies/home-co-management-gmbh/working-student-technical-asset-management-berlin-170672'}","{'title': 'Working Student – IT Support & Operations (m/f/d)', 'job_url': 'https://www.arbeitnow.com/jobs/companies/quantum-systems-gmbh/working-student-it-support-operations-gilching-203270'}","{'title': 'Office Management Working Student', 'job_url': 'https://www.arbeitnow.com/jobs/companies/quantco/office-management-working-student-munich-or-karlsruhe-55850'}","{'title': 'Working Student Software Engineering (m/f/d)', 'job_url': 'https://www.arbeitnow.com/jobs/companies/ginmon-gmbh/working-student-software-engineering-frankfurt-am-main-498877'}","{'title': 'Working student IT Service Management & Governance (m/f/d)', 'job_url': 'https://www.arbeitnow.com/jobs/companies/sgb-smit-group/working-student-it-service-management-governance-regensburg-435333'}","{'title': 'Werkstudent im Asset Management Energy (m/w/d)', 'job_url': 'https://www.arbeitnow.com/jobs/companies/currenta-gruppe/werkstudent-im-asset-management-energy-leverkusen-98189'}","{'title': 'Working Student – Solution Management (m/f/d)', 'job_url': 'https://www.arbeitnow.com/jobs/companies/quantum-systems-gmbh/working-student-solution-management-gilching-274380'}","{'title': 'Working Student - Returns Management (m/f/d)', 'job_url': 'https://www.arbeitnow.com/jobs/companies/quantum-systems-gmbh/working-student-returns-management-gilching-198278'}"
"{'title': 'Senior Technical Onboarding Engineer – KI-Telefonassistent (x/f/m)', 'job_url': 'https://www.arbeitnow.com/jobs/companies/doctolib/senior-technical-onboarding-engineer-ki-telefonassistent-berlin-berlin-183971'}","{'title': 'AI Onboarding Engineer', 'job_url': 'https://www.arbeitnow.com/jobs/companies/almetra/ai-onboarding-engineer-berlin-212841'}","{'title': 'Technical Onboarding Specialist (w/m/d)', 'job_url': 'https://www.arbeitnow.com/jobs/companies/roger/technical-onboarding-specialist-berlin-214043'}","{'title': 'AI Onboarding Intern', 'job_url': 'https://www.arbeitnow.com/jobs/companies/almetra/ai-onboarding-intern-berlin-62864'}","{'title': 'Technical Consultant (m/f/x)', 'job_url': 'https://www.arbeitnow.com/jobs/companies/sovity-gmbh/technical-consultant-dortmund-485036'}","{'title': 'Technical Accounting Expert (f/m/x)', 'job_url': 'https://www.arbeitnow.com/jobs/companies/enpal/technical-accounting-expert-berlin-298284'}","{'title': 'Senior Software Engineer (f/m/x)', 'job_url': 'https://www.arbeitnow.com/jobs/companies/enpal/senior-software-engineer-berlin-237624'}","{'title': '(Senior) Onboarding Sales Enablement Manager', 'job_url': 'https://www.arbeitnow.com/jobs/companies/celonis/senior-onboarding-sales-enablement-manager-munich-130046'}","{'title': 'Retail Onboarding Team Lead - German speaking', 'job_url': 'https://www.arbeitnow.com/jobs/companies/wolt/retail-onboarding-team-lead-german-speaking-berlin-233266'}"
"{'title': 'Medical Data Intern (x/f/m)', 'job_url': 'https://www.arbeitnow.com/jobs/companies/doctolib/medical-data-intern-berlin-berlin-388443'}","{'title': 'Data Analytics, Data Science & AI Weiterbildung mit IHK-Abschluss | 100 % Remote', 'job_url': 'https://www.arbeitnow.com/jobs/companies/datasmart-point-gmbh/data-analytics-data-science-ai-weiterbildung-mit-ihk-abschluss-100-remote-berlin-452130'}","{'title': 'Medical Writer/Senior Medical Writer (German/English Medical Affairs & Marketing)', 'job_url': 'https://www.arbeitnow.com/jobs/companies/realchemistry/medical-writer-senior-medical-writer-german-english-medical-affairs-marketing-290826'}","{'title': 'Internship Teleoperation & Data Labeling', 'job_url': 'https://www.arbeitnow.com/jobs/companies/sereact-gmbh/internship-teleoperation-data-labeling-stuttgart-81026'}","{'title': 'Medical Director (m/w/x)', 'job_url': 'https://www.arbeitnow.com/jobs/companies/doctorflix/medical-director-berlin-120626'}","{'title': 'Growth Intern (f/m/d) - Mandatory 6 Months Unpaid Internship', 'job_url': 'https://www.arbeitnow.com/jobs/companies/quid/growth-intern-mandatory-6-months-unpaid-internship-berlin-227219'}","{'title': 'Medical Science Liaison – Germany North', 'job_url': 'https://www.arbeitnow.com/jobs/companies/acadia-job-listings/medical-science-liaison-germany-north-178883'}","{'title': 'Post Market Surveillance Specialist for Medical Devices', 'job_url': 'https://www.arbeitnow.com/jobs/companies/novanta-europe-gmbh/post-market-surveillance-specialist-for-medical-devices-berlin-144405'}","{'title': 'Medical Operations - DACH (m/f/d)', 'job_url': 'https://www.arbeitnow.com/jobs/companies/tandem-health/medical-operations-dach-munich-271541'}"
"{'title': 'Senior Software Engineer, Data', 'job_url': 'https://www.arbeitnow.com/jobs/companies/engelhart/senior-software-engineer-data-berlin-45755'}","{'title': 'Data Analytics, Data Science & AI Weiterbildung mit IHK-Abschluss | 100 % Remote', 'job_url': 'https://www.arbeitnow.com/jobs/companies/datasmart-point-gmbh/data-analytics-data-science-ai-weiterbildung-mit-ihk-abschluss-100-remote-berlin-452130'}","{'title': 'Senior Data Engineer', 'job_url': 'https://www.arbeitnow.com/jobs/companies/liqid-lig/senior-data-engineer-berlin-462279'}","{'title': 'Data Engineer', 'job_url': 'https://www.arbeitnow.com/jobs/companies/nebius/data-engineer-393721'}","{'title': 'Data Engineer', 'job_url': 'https://www.arbeitnow.com/jobs/companies/1global/data-engineer-berlin-412094'}","{'title': 'Senior Data Engineer', 'job_url': 'https://www.arbeitnow.com/jobs/companies/glsnxt/senior-data-engineer-berlin-42119'}","{'title': 'Senior Data Engineer', 'job_url': 'https://www.arbeitnow.com/jobs/companies/kayak/senior-data-engineer-berlin-168686'}","{'title': 'Backend Engineer - Data & Orchestration', 'job_url': 'https://www.arbeitnow.com/jobs/companies/melotech/backend-engineer-data-orchestration-berlin-58465'}","{'title': 'Senior Data Platform Engineer', 'job_url': 'https://www.arbeitnow.com/jobs/companies/smartly/senior-data-platform-engineer-berlin-172988'}"
"{'title': 'Senior Business Consultant, CX', 'job_url': 'https://www.arbeitnow.com/jobs/companies/nice/senior-business-consultant-cx-467838'}","{'title': 'Senior Analyst - CX Automation Intelligence & Insights', 'job_url': 'https://www.arbeitnow.com/jobs/companies/hellofresh/senior-analyst-cx-automation-intelligence-insights-berlin-berlin-89080'}","{'title': 'Senior Enterprise Engagement Manager - CEE', 'job_url': 'https://www.arbeitnow.com/jobs/companies/parloa/senior-enterprise-engagement-manager-cee-460193'}","{'title': 'Director Customer Experience (CX) (w/m/d)', 'job_url': 'https://www.arbeitnow.com/jobs/companies/netformic/director-customer-experience-cx-office-stuttgart-324115'}","{'title': 'Senior Customer Success Manager - DACH', 'job_url': 'https://www.arbeitnow.com/jobs/companies/constructor/senior-customer-success-manager-dach-munich-236289'}","{'title': 'Senior Customer Success Manager', 'job_url': 'https://www.arbeitnow.com/jobs/companies/walkme/senior-customer-success-manager-berlin-428918'}","{'title': 'Customer Success Consultant - Retail Media', 'job_url': 'https://www.arbeitnow.com/jobs/companies/mirakl/customer-success-consultant-retail-media-munchen-bavaria-266897'}","{'title': 'Senior Healthcare Consultant (Klinische KI-Transformation) (m/w/d)', 'job_url': 'https://www.arbeitnow.com/jobs/companies/recare-deutschland-gmbh/remote-senior-healthcare-consultant-klinische-ki-transformation-berlin-381604'}","{'title': 'Senior Account Manager- Kraken Flexibility', 'job_url': 'https://www.arbeitnow.com/jobs/companies/kraken/senior-account-manager-kraken-flexibility-berlin-423363'}"
"{'title': 'Senior AI Software Engineer', 'job_url': 'https://www.arbeitnow.com/jobs/companies/nice/senior-ai-software-engineer-157985'}","{'title': 'Data Analytics, Data Science & AI Weiterbildung mit IHK-Abschluss | 100 % Remote', 'job_url': 'https://www.arbeitnow.com/jobs/companies/datasmart-point-gmbh/data-analytics-data-science-ai-weiterbildung-mit-ihk-abschluss-100-remote-berlin-452130'}","{'title': 'AI Research Engineer (f/m/d)', 'job_url': 'https://www.arbeitnow.com/jobs/companies/sonarsource/ai-research-engineer-bochum-410881'}","{'title': 'Forward Deployed Engineer', 'job_url': 'https://www.arbeitnow.com/jobs/companies/tacto/forward-deployed-engineer-munich-370203'}","{'title': 'Lead AI Engineer / Senior AI Engineer', 'job_url': 'https://www.arbeitnow.com/jobs/companies/aiimpact-gmbh/lead-ai-engineer-senior-ai-engineer-hamburg-208414'}","{'title': 'Senior AI Engineer', 'job_url': 'https://www.arbeitnow.com/jobs/companies/jimdo/senior-ai-engineer-germany-32291'}","{'title': 'Forward Deployed AI Engineer', 'job_url': 'https://www.arbeitnow.com/jobs/companies/agilerobotsse/forward-deployed-ai-engineer-munich-bavaria-383839'}","{'title': 'Senior Ai Engineer', 'job_url': 'https://www.arbeitnow.com/jobs/companies/typeform/senior-ai-engineer-219471'}","{'title': 'AI Researcher - Post-Training (f/m/d)', 'job_url': 'https://www.arbeitnow.com/jobs/companies/sonarsource/ai-researcher-post-training-bochum-331927'}"
"{'title': 'Client Solutions Director / Solution Design Architect', 'job_url': 'https://www.arbeitnow.com/jobs/companies/oliver/client-solutions-director-solution-design-architect-berlin-260459'}","{'title': 'Social Client Solutions Manager (Paid social/ Meta Ads)', 'job_url': 'https://www.arbeitnow.com/jobs/companies/channel-factory/social-client-solutions-manager-paid-social-meta-ads-hamburg-473000'}","{'title': 'Social Client Solutions Manager (Paid social/ Meta Ads)', 'job_url': 'https://www.arbeitnow.com/jobs/companies/channel-factory/social-client-solutions-manager-paid-social-meta-ads-munich-5744'}","{'title': 'Product Solution Architect, Connectivity Solutions (all genders)', 'job_url': 'https://www.arbeitnow.com/jobs/companies/distribusion-technologies/product-solution-architect-connectivity-solutions-all-genders-berlin-2657'}","{'title': 'Product Solution Architect, Connectivity Solutions (all genders)', 'job_url': 'https://www.arbeitnow.com/jobs/companies/distribusion-technologies/remote-product-solution-architect-connectivity-solutions-all-genders-berlin-209377'}","{'title': 'Client Director (German-Speaking)', 'job_url': 'https://www.arbeitnow.com/jobs/companies/the-global-talent-co/client-director-german-speaking-berlin-395103'}","{'title': 'Senior Solutions Architect', 'job_url': 'https://www.arbeitnow.com/jobs/companies/gitlab/remote-senior-solutions-architect-343490'}","{'title': 'Solutions Architect I', 'job_url': 'https://www.arbeitnow.com/jobs/companies/planetlabs/solutions-architect-i-berlin-138627'}","{'title': 'Enterprise Solutions Engineer - Berlin', 'job_url': 'https://www.arbeitnow.com/jobs/companies/dash0/enterprise-solutions-engineer-berlin-402988'}"
"{'title': 'Lead System Engineer (m/w/d) Automotive Entwicklung Luxemburg / Remote (1720)', 'job_url': 'https://www.arbeitnow.com/jobs/companies/bruggen-engineering-gmbh/lead-system-engineer-automotive-entwicklung-luxemburg-remote-1720-mannheim-432795'}","{'title': 'Kundenservice Mobilfunk Inbound - Freelancer - EU, außerhalb Deutschland - 100% Remote', 'job_url': 'https://www.arbeitnow.com/jobs/companies/hey-contact-heroes-gmbh/kundenservice-mobilfunk-inbound-freelancer-eu-ausserhalb-deutschland-100-remote-berlin-146674'}","{'title': 'Data Analytics, Data Science & AI Weiterbildung mit IHK-Abschluss | 100 % Remote', 'job_url': 'https://www.arbeitnow.com/jobs/companies/datasmart-point-gmbh/data-analytics-data-science-ai-weiterbildung-mit-ihk-abschluss-100-remote-berlin-452130'}","{'title': 'Teamleiter Hardware & Software Entwicklung (m/w/d)', 'job_url': 'https://www.arbeitnow.com/jobs/companies/kondi-gmbh/teamleiter-hardware-software-entwicklung-heilbronn-211897'}","{'title': 'Manager Digital & AI Strategy - Automotive (m/f/d)', 'job_url': 'https://www.arbeitnow.com/jobs/companies/ommax/manager-digital-ai-strategy-automotive-munchen-326610'}","{'title': '(Junior) Programm Manager Automotive (m/w/d)', 'job_url': 'https://www.arbeitnow.com/jobs/companies/simunich-gmbh/junior-programm-manager-automotive-frankfurt-am-main-413653'}","{'title': 'Senior Product Security Engineer (Embedded / Automotive)', 'job_url': 'https://www.arbeitnow.com/jobs/companies/vay/senior-product-security-engineer-embedded-automotive-berlin-311579'}","{'title': 'Group Account Director Automotive (w/m/d)', 'job_url': 'https://www.arbeitnow.com/jobs/companies/we-are-social-1/group-account-director-automotive-munich-208821'}","{'title': '(Senior) Manager - Automotive & Digitalization (f/m/x)', 'job_url': 'https://www.arbeitnow.com/jobs/companies/accilium-group-gmbh/senior-manager-automotive-digitalization-munich-373432'}"
"{'title': 'Teamleiter (m/w/d) im Kundenservice', 'job_url': 'https://www.arbeitnow.com/jobs/companies/hey-contact-heroes-gmbh/teamleiter-im-kundenservice-hamburg-339097'}","{'title': 'Werkstudent:in Customer Support & Community Management | Sprachen: DE & EN + FR/ IT oder PL (m/w/d)', 'job_url': 'https://www.arbeitnow.com/jobs/companies/everdrop-gmbh/werkstudentin-customer-support-community-management-sprachen-de-en-fr-it-oder-pl-munchen-423225'}","{'title': 'Mitarbeiter im telefonischen Kundenservice / Callcenter Agent m/w/d', 'job_url': 'https://www.arbeitnow.com/jobs/companies/lux-deutschland-generalvertretung-allclean-reinigungs-und-umwelt-technik-gmbh/mitarbeiter-im-telefonischen-kundenservice-callcenter-agent-leipzig-56653'}","{'title': 'Customer Service Specialist (d/w/m)', 'job_url': 'https://www.arbeitnow.com/jobs/companies/spotmyenergy-gmbh/customer-service-specialist-cologne-92614'}","{'title': 'Customer Support Manager (m/w/d)', 'job_url': 'https://www.arbeitnow.com/jobs/companies/vub-gmbh/customer-support-manager-cologne-251415'}","{'title': 'Kundenberater im Service-Center (m/w/d)', 'job_url': 'https://www.arbeitnow.com/jobs/companies/autohaus-wegener/kundenberater-im-service-center-berlin-457380'}","{'title': 'Service-Assistent / Mitarbeiter im Werkstattbüro (m/w/d)', 'job_url': 'https://www.arbeitnow.com/jobs/companies/remo-reifen-motoren/service-assistent-mitarbeiter-im-werkstattburo-bad-sackingen-300794'}","{'title': 'Customer Service Agent (m/w/d) auch für Quereinsteiger geeignet', 'job_url': 'https://www.arbeitnow.com/jobs/companies/opus-one-recruitment-gmbh/customer-service-agent-auch-fur-quereinsteiger-geeignet-munich-402447'}","{'title': 'Customer Care & Claims Agent Niederlande (m/w/d)', 'job_url': 'https://www.arbeitnow.com/jobs/companies/alteos-gmbh/customer-care-claims-agent-niederlande-berlin-382112'}"
"{'title': 'Anwendungs-Supporter/in für KIVAN (w/m/d)', 'job_url': 'https://www.arbeitnow.com/jobs/companies/lecos-gmbh/anwendungs-supporter-in-fur-kivan-leipzig-431284'}","{'title': 'Customer Support Specialist (m/w/d)', 'job_url': 'https://www.arbeitnow.com/jobs/companies/doksafe-gmbh/customer-support-specialist-leipzig-67205'}","{'title': 'Servicetechniker/-in IT und Kassensysteme in Teilzeit oder Vollzeit', 'job_url': 'https://www.arbeitnow.com/jobs/companies/apadelat-gmbh/servicetechniker-in-it-und-kassensysteme-in-teilzeit-oder-vollzeit-suhl-139213'}","{'title': 'Disponent *in / Einsatzplaner *in im Sicherheitsunternehmen (m/w/d)', 'job_url': 'https://www.arbeitnow.com/jobs/companies/prosicherheit-gmbh/disponent-in-einsatzplaner-in-im-sicherheitsunternehmen-hamburg-294022'}","{'title': 'KFZ-Meister/Betriebsleiter (m/w/d) für unser Fleet-Servicecenter in Lengede gesucht!', 'job_url': 'https://www.arbeitnow.com/jobs/companies/roos-fleetservice-gmbh/kfz-meister-betriebsleiter-fur-unser-fleet-servicecenter-in-lengede-gesucht-247761'}","{'title': 'Buchhaltungs- und Steuerberater*in (w/m/d)', 'job_url': 'https://www.arbeitnow.com/jobs/companies/pennylane/remote-buchhaltungs-und-steuerberaterin-71526'}","{'title': 'Call Center Agent (m/w/d) für Tele Sales Sportmarketing', 'job_url': 'https://www.arbeitnow.com/jobs/companies/baes-deutschland-gmbh/call-center-agent-fur-tele-sales-sportmarketing-berlin-283617'}","{'title': 'Mitarbeiter (m/w/d) für Obst- und Gemüsegroßhandel gesucht- Teilzeit', 'job_url': 'https://www.arbeitnow.com/jobs/companies/wilhelm-gobel-gmbh/mitarbeiter-fur-obst-und-gemusegrosshandel-gesucht-teilzeit-dortmund-234618'}","{'title': 'Bauingenieur*in / Architekt*in - Betriebsgastronomie I Rhein-Main', 'job_url': 'https://www.arbeitnow.com/jobs/companies/hoffmannrecruiting-more/bauingenieurin-architektin-betriebsgastronomie-i-rhein-main-wiesbaden-314785'}"
"{'title': 'Working Student – Release Support and Automation', 'job_url': 'https://www.arbeitnow.com/jobs/companies/snke/working-student-release-support-and-automation-munchen-131509'}","{'title': 'Working Student Automation (m/f/d)', 'job_url': 'https://www.arbeitnow.com/jobs/companies/quantum-systems-gmbh/working-student-automation-gilching-174165'}","{'title': 'Working Student Automation (m/f/d)', 'job_url': 'https://www.arbeitnow.com/jobs/companies/quantum-systems-gmbh/working-student-automation-gilching-262863'}","{'title': 'Working Student (m/f/x) Finance and Accounting', 'job_url': 'https://www.arbeitnow.com/jobs/companies/circus/working-student-finance-and-accounting-munich-85093'}","{'title': 'Working Student Production Automation (m/f/d)', 'job_url': 'https://www.arbeitnow.com/jobs/companies/quantum-systems-gmbh/working-student-production-automation-gilching-220497'}","{'title': 'Working Student (m/w/d) - DevOps Support', 'job_url': 'https://www.arbeitnow.com/jobs/companies/imtf/working-student-devops-support-bensheim-138004'}","{'title': 'Support Engineer (Working Student) - m/f/d', 'job_url': 'https://www.arbeitnow.com/jobs/companies/langdock/support-engineer-working-student-berlin-360440'}","{'title': 'Business Automation & AI Intern/Working Student (f/m/d)', 'job_url': 'https://www.arbeitnow.com/jobs/companies/liqid-lig/business-automation-ai-intern-working-student-berlin-490216'}","{'title': 'Working Student - Privacy Engineering & Compliance Automation (f/m/d)', 'job_url': 'https://www.arbeitnow.com/jobs/companies/tytan-technologies-gmbh/working-student-privacy-engineering-compliance-automation-munich-307613'}"
"{'title': 'DevOps Specialist (m/w/d, befristet auf 2 Jahre))', 'job_url': 'https://www.arbeitnow.com/jobs/companies/lecos-gmbh/devops-specialist-befristet-auf-2-jahre-leipzig-185168'}","{'title': 'Systems Engineer und DevOps Specialist (m/w/d)', 'job_url': 'https://www.arbeitnow.com/jobs/companies/intercon-solutions-gmbh/systems-engineer-und-devops-specialist-hamburg-249662'}","{'title': 'Systems Engineer und DevOps Specialist (m/w/d)', 'job_url': 'https://www.arbeitnow.com/jobs/companies/intercon-solutions-gmbh/systems-engineer-und-devops-specialist-hamburg-422853'}","{'title': 'Customer Support Specialist (m/w/d)', 'job_url': 'https://www.arbeitnow.com/jobs/companies/doksafe-gmbh/customer-support-specialist-leipzig-67205'}","{'title': 'DevOps Engineer (m/w/d)', 'job_url': 'https://www.arbeitnow.com/jobs/companies/skaylink/devops-engineer-leipzig-sachsen-478361'}","{'title': 'Java Entwickler DevOps (m/w/d)', 'job_url': 'https://www.arbeitnow.com/jobs/companies/hubside-die-recruitingwerkstatt/java-entwickler-devops-munich-286117'}","{'title': 'Salesforce DevOps Engineer (m/w/d)', 'job_url': 'https://www.arbeitnow.com/jobs/companies/traze-gmbh/devops-engineer-frankfurt-am-main-247496'}","{'title': 'Senior DevOps / Platform Engineer, AI Infrastructure (m/w/d)', 'job_url': 'https://www.arbeitnow.com/jobs/companies/maia/senior-devops-platform-engineer-ai-infrastructure-leipzig-241297'}","{'title': 'DevOps Engineer (f/m/d)', 'job_url': 'https://www.arbeitnow.com/jobs/companies/verwaltungssprung-gmbh/devops-engineer-berlin-450049'}"
"{'title': 'Backend Engineer', 'job_url': 'https://www.arbeitnow.com/jobs/companies/paddy/backend-engineer-bielefeld-41188'}","{'title': '(Senior) Backend Engineer (m/w/d)', 'job_url': 'https://www.arbeitnow.com/jobs/companies/getspecialfastenerscom/senior-backend-engineer-bielefeld-346991'}","{'title': 'Senior Backend Engineer (Berlin)', 'job_url': 'https://www.arbeitnow.com/jobs/companies/generalmind/senior-backend-engineer-berlin-230943'}","{'title': 'Backend Engineer - Golang', 'job_url': 'https://www.arbeitnow.com/jobs/companies/glassflow/backend-engineer-golang-berlin-303392'}","{'title': 'Senior Backend Engineer', 'job_url': 'https://www.arbeitnow.com/jobs/companies/bitsbirds-gmbh/senior-backend-engineer-berlin-187689'}","{'title': 'Sr. Backend Engineer', 'job_url': 'https://www.arbeitnow.com/jobs/companies/andercore/sr-backend-engineer-berlin-26161'}","{'title': 'Backend Engineer - FinTech', 'job_url': 'https://www.arbeitnow.com/jobs/companies/andercore/backend-engineer-fintech-berlin-304555'}","{'title': 'Senior Backend Engineer (m/f/d)', 'job_url': 'https://www.arbeitnow.com/jobs/companies/berliner-verlag-gmbh/senior-backend-engineer-berlin-353982'}","{'title': 'Senior Backend Engineer (Python) - Remote', 'job_url': 'https://www.arbeitnow.com/jobs/companies/breathment/senior-backend-engineer-python-remote-munich-2605'}"
"{'title': 'Zerspanungsmechaniker (m/w/d) für die Prototypenfertigung in der Medizintechnik', 'job_url': 'https://www.arbeitnow.com/jobs/companies/medical-magnesium-gmbh/zerspanungsmechaniker-fur-die-prototypenfertigung-in-der-medizintechnik-aachen-410491'}","{'title': 'Testmanager (m/w/d) für Medizintechnik in Darmstadt (1589)', 'job_url': 'https://www.arbeitnow.com/jobs/companies/bruggen-engineering-gmbh/testmanager-fur-medizintechnik-in-darmstadt-1589-276531'}","{'title': 'Ingenieur (m/w/d) Systemtest für Medizintechnik in Darmstadt (1567)', 'job_url': 'https://www.arbeitnow.com/jobs/companies/bruggen-engineering-gmbh/ingenieur-systemtest-fur-medizintechnik-in-darmstadt-1567-102823'}","{'title': 'Validierungsingenieur (m/w/d) Medizintechnik in Darmstadt (120)', 'job_url': 'https://www.arbeitnow.com/jobs/companies/bruggen-engineering-gmbh/validierungsingenieur-medizintechnik-in-darmstadt-120-39394'}","{'title': 'Produktmanager Medizintechnik (m/w/d)', 'job_url': 'https://www.arbeitnow.com/jobs/companies/inpernell-gmbh/produktmanager-medizintechnik-schramberg-61020'}","{'title': 'Testingenieur (m/w/d) Medizintechnik / Imaging & X-Ray in Darmstadt (1713)', 'job_url': 'https://www.arbeitnow.com/jobs/companies/bruggen-engineering-gmbh/testingenieur-medizintechnik-imaging-x-ray-in-darmstadt-1713-491940'}","{'title': 'Entwicklungsingenieur (m/w/d) Medizintechnik Injektionssysteme in Mannheim (1710)', 'job_url': 'https://www.arbeitnow.com/jobs/companies/bruggen-engineering-gmbh/entwicklungsingenieur-medizintechnik-injektionssysteme-in-mannheim-1710-150302'}","{'title': 'Data Analytics, Data Science & AI Weiterbildung mit IHK-Abschluss | 100 % Remote', 'job_url': 'https://www.arbeitnow.com/jobs/companies/datasmart-point-gmbh/data-analytics-data-science-ai-weiterbildung-mit-ihk-abschluss-100-remote-berlin-452130'}","{'title': 'Kundenservice Mobilfunk Inbound - Freelancer - EU, außerhalb Deutschland - 100% Remote', 'job_url': 'https://www.arbeitnow.com/jobs/companies/hey-contact-heroes-gmbh/kundenservice-mobilfunk-inbound-freelancer-eu-ausserhalb-deutschland-100-remote-berlin-146674'}"
"{'title': 'AI Product Engineer', 'job_url': 'https://www.arbeitnow.com/jobs/companies/paddy/ai-product-engineer-bielefeld-415380'}","{'title': 'Data Analytics, Data Science & AI Weiterbildung mit IHK-Abschluss | 100 % Remote', 'job_url': 'https://www.arbeitnow.com/jobs/companies/datasmart-point-gmbh/data-analytics-data-science-ai-weiterbildung-mit-ihk-abschluss-100-remote-berlin-452130'}","{'title': 'AI Engineer', 'job_url': 'https://www.arbeitnow.com/jobs/companies/glassflow/ai-engineer-berlin-157513'}","{'title': 'AI Engineer (LLM) - Remote', 'job_url': 'https://www.arbeitnow.com/jobs/companies/dexter-health/ai-engineer-llm-remote-cologne-251903'}","{'title': 'Applied AI Engineer - Remote', 'job_url': 'https://www.arbeitnow.com/jobs/companies/dexter-health/applied-ai-engineer-remote-cologne-460022'}","{'title': 'AI Engineer Intern', 'job_url': 'https://www.arbeitnow.com/jobs/companies/enzo/ai-engineer-intern-heidelberg-340750'}","{'title': 'AI Product Engineer (Fullstack)', 'job_url': 'https://www.arbeitnow.com/jobs/companies/wepush/ai-product-engineer-fullstack-berlin-69626'}","{'title': 'AI Engineer (LLM Products) - Remote', 'job_url': 'https://www.arbeitnow.com/jobs/companies/dexter-health/ai-engineer-llm-products-remote-cologne-81674'}","{'title': 'Staff Engineer - Heartbeat AI (m/f/d)', 'job_url': 'https://www.arbeitnow.com/jobs/companies/1komma50/staff-engineer-heartbeat-ai-berlin-388590'}"
"{'title': 'IT Security & Infrastructure Specialist (m/w/d)', 'job_url': 'https://www.arbeitnow.com/jobs/companies/gs-it-group-gmbh/it-security-infrastructure-specialist-osnabruck-289284'}","{'title': 'IT Infrastructure and Security Engineer', 'job_url': 'https://www.arbeitnow.com/jobs/companies/zentso-s-gmbh/it-infrastructure-and-security-engineer-berlin-315887'}","{'title': 'OT Security Specialist (m/w/d)', 'job_url': 'https://www.arbeitnow.com/jobs/companies/ccure-geschaftsbereich-der-megamaris-gmbh/ot-security-specialist-coburg-286318'}","{'title': 'Director of IT, Security & Infrastructure (d/f/m)', 'job_url': 'https://www.arbeitnow.com/jobs/companies/taxfix/director-of-it-security-infrastructure-berlin-64269'}","{'title': 'Information Security Specialist (m/w/d)', 'job_url': 'https://www.arbeitnow.com/jobs/companies/ccure-geschaftsbereich-der-megamaris-gmbh/information-security-specialist-hanover-314346'}","{'title': 'IT-Infrastructure-Specialist (m/w/d)', 'job_url': 'https://www.arbeitnow.com/jobs/companies/itconex-gmbh/it-infrastructure-specialist-reutlingen-63996'}","{'title': 'Interim/Freelance Director of IT, Security & Infrastructure (d/f/m)', 'job_url': 'https://www.arbeitnow.com/jobs/companies/taxfix/interim-freelance-director-of-it-security-infrastructure-berlin-165250'}","{'title': 'IT Operations & Cybersecurity Specialist', 'job_url': 'https://www.arbeitnow.com/jobs/companies/sacred-byte-gmbh/it-operations-cybersecurity-specialist-berlin-134826'}","{'title': 'IT Security Engineer (m/f/d)', 'job_url': 'https://www.arbeitnow.com/jobs/companies/quantum-systems-gmbh/it-security-engineer-gilching-99422'}"
"{'title': 'Produktmanager:in - Flensburg - Vollzeit', 'job_url': 'https://www.arbeitnow.com/jobs/companies/accountone-gmbh/produktmanagerin-flensburg-vollzeit-46429'}","{'title': 'Vertriebsmitarbeiter (m/w/d) für Teil/Vollzeit - Quereinstieg möglich!', 'job_url': 'https://www.arbeitnow.com/jobs/companies/traffic2de-gmbh/vertriebsmitarbeiter-fur-teil-vollzeit-quereinstieg-moglich-flensburg-1197'}","{'title': 'Steuerfachangestellte/r (m/w/d)', 'job_url': 'https://www.arbeitnow.com/jobs/companies/methmann-hansen-steuerberatungsgesellschaft-mbh/steuerfachangestellte-r-flensburg-69182'}","{'title': 'Bilanzbuchhalter/in (m/w/d)', 'job_url': 'https://www.arbeitnow.com/jobs/companies/methmann-hansen-steuerberatungsgesellschaft-mbh/bilanzbuchhalter-in-flensburg-158317'}","{'title': 'Steuerfachwirt/in (m/w/d)', 'job_url': 'https://www.arbeitnow.com/jobs/companies/methmann-hansen-steuerberatungsgesellschaft-mbh/steuerfachwirt-in-flensburg-246625'}","{'title': 'Ausbildung zum/zur Steuerfachangestellten (m/w/d)', 'job_url': 'https://www.arbeitnow.com/jobs/companies/methmann-hansen-steuerberatungsgesellschaft-mbh/ausbildung-zum-zur-steuerfachangestellten-flensburg-22781'}","{'title': 'Head of IT Operations Vessels - (m/w/d)', 'job_url': 'https://www.arbeitnow.com/jobs/companies/traze-gmbh/head-of-it-operations-vessels-flensburg-305985'}","{'title': 'Head of People&Culure (all genders) Modefachhändler', 'job_url': 'https://www.arbeitnow.com/jobs/companies/flachenhelden-kg/head-of-peopleculure-all-genders-modefachhandler-flensburg-83654'}","{'title': 'Werkstudent für Arbeitssicherheit und technisches Facility Management (m/w/d)', 'job_url': 'https://www.arbeitnow.com/jobs/companies/schroder-bauzentrum-gruppe/werkstudent-fur-arbeitssicherheit-und-technisches-facility-management-flensburg-367253'}"
"{'title': 'Serviceberater im Motorradhaus (m/w/d) - Altendiez', 'job_url': 'https://www.arbeitnow.com/jobs/companies/mca-gmbh/serviceberater-im-motorradhaus-altendiez-352701'}","{'title': 'Werkstudent:in Customer Support & Community Management | Sprachen: DE & EN + FR/ IT oder PL (m/w/d)', 'job_url': 'https://www.arbeitnow.com/jobs/companies/everdrop-gmbh/werkstudentin-customer-support-community-management-sprachen-de-en-fr-it-oder-pl-munchen-423225'}","{'title': 'KFZ-Serviceberater/in', 'job_url': 'https://www.arbeitnow.com/jobs/companies/autohaus-am-prinzert-gmbh/kfz-serviceberater-in-darmstadt-415953'}","{'title': 'Automobil-Serviceberater (m/w/d)', 'job_url': 'https://www.arbeitnow.com/jobs/companies/autohaus-wegener/automobil-serviceberater-berlin-107176'}","{'title': 'Serviceberater/in (m/w/d)', 'job_url': 'https://www.arbeitnow.com/jobs/companies/autohaus-worch-gmbh/serviceberater-in-sudharz-99132'}","{'title': 'Serviceberater (m/w/d)', 'job_url': 'https://www.arbeitnow.com/jobs/companies/autohaus-freier-gmbh/serviceberater-heilbronn-4022'}","{'title': 'Serviceberater (m/w/d)', 'job_url': 'https://www.arbeitnow.com/jobs/companies/autohaus-gunter-neumann-gmbh/serviceberater-erkner-180949'}","{'title': 'Serviceberater (m/w/d)', 'job_url': 'https://www.arbeitnow.com/jobs/companies/automobile-werner-handel-und-service-gmbh/serviceberater-mittweida-380275'}","{'title': 'Serviceberater (m/w/d)', 'job_url': 'https://www.arbeitnow.com/jobs/companies/automobile-werner-handel-und-service-gmbh/serviceberater-taura-280449'}"
"{'title': 'Growth Manager (m/w/d)', 'job_url': 'https://www.arbeitnow.com/jobs/companies/just-hiring/senior-marketing-consultant-berlin-480929'}","{'title': 'Growth Marketing Manager*in', 'job_url': 'https://www.arbeitnow.com/jobs/companies/the-goodforces-gmbh/growth-marketing-managerin-berlin-422574'}","{'title': 'International Growth Manager (m/w/d) Nordics', 'job_url': 'https://www.arbeitnow.com/jobs/companies/natalie-felsinger-consulting/international-growth-manager-nordics-munich-194504'}","{'title': 'B2B Growth Marketer', 'job_url': 'https://www.arbeitnow.com/jobs/companies/salesplaybook-ag/b2b-growth-marketer-berlin-468588'}","{'title': 'Marketing Manager (m/w/d) B2B Growth & Performance', 'job_url': 'https://www.arbeitnow.com/jobs/companies/partspace-gmbh/marketing-manager-b2b-growth-performance-munich-272576'}","{'title': 'Senior Product Manager - Customer Growth (all genders)', 'job_url': 'https://www.arbeitnow.com/jobs/companies/aroundhome/senior-product-manager-house-owner-service-request-acquisition-all-genders-berlin-37115'}","{'title': 'Senior Growth Marketing Manager', 'job_url': 'https://www.arbeitnow.com/jobs/companies/lovehoney-group/senior-growth-marketing-manager-berlin-323860'}","{'title': 'Growth Manager (m/w/d) - Renewable Energy Startup', 'job_url': 'https://www.arbeitnow.com/jobs/companies/sunpeak-capital/growth-manager-renewable-energy-startup-berlin-187808'}","{'title': 'Founding Growth Manager', 'job_url': 'https://www.arbeitnow.com/jobs/companies/melotech/founding-growth-manager-new-york-london-berlin-6378'}"
"{'title': 'KFZ-Techniker / Monteur (m/w/d) im mobilen Fleetservice – Einsatzbasis Fleetservicecenter Ramstein-Miesenbach', 'job_url': 'https://www.arbeitnow.com/jobs/companies/roos-fleetservice-gmbh/kfz-techniker-monteur-im-mobilen-fleetservice-einsatzbasis-fleetservicecenter-ramstein-miesenbach-169270'}","{'title': 'Kundenservice Mobilfunk Inbound - Freelancer - EU, außerhalb Deutschland - 100% Remote', 'job_url': 'https://www.arbeitnow.com/jobs/companies/hey-contact-heroes-gmbh/kundenservice-mobilfunk-inbound-freelancer-eu-ausserhalb-deutschland-100-remote-berlin-146674'}","{'title': 'Data Analytics, Data Science & AI Weiterbildung mit IHK-Abschluss | 100 % Remote', 'job_url': 'https://www.arbeitnow.com/jobs/companies/datasmart-point-gmbh/data-analytics-data-science-ai-weiterbildung-mit-ihk-abschluss-100-remote-berlin-452130'}","{'title': 'Rohrleitungsmonteur/ Monteur Anlagenbau für Reinstmedienversorgungssysteme', 'job_url': 'https://www.arbeitnow.com/jobs/companies/rortek-generalunternehmer-rohrleitungsbau-fur-industrie-und-kraftwerksanlagen-gmbh/rohrleitungsmonteur-monteur-anlagenbau-fur-reinstmedienversorgungssysteme-berlin-406800'}","{'title': 'Monteur MSR-Technik (m/w/d)', 'job_url': 'https://www.arbeitnow.com/jobs/companies/jc-eckardt-gmbh/monteur-msr-technik-gladbeck-454979'}","{'title': 'Glasfasermonteur / Monteur (m/w/d)', 'job_url': 'https://www.arbeitnow.com/jobs/companies/msg-gruppe/glasfasermonteur-monteur-munich-85933'}","{'title': 'Servicetechniker/ Monteur Tor- und Türsysteme (m/w/d) Quereinsteiger', 'job_url': 'https://www.arbeitnow.com/jobs/companies/tup-tor-und-projektservice-gmbh/servicetechniker-monteur-tor-und-tursysteme-quereinsteiger-berlin-97941'}","{'title': 'Service Techniker (m/w/d) im Außendienst (Gebiet Stuttgart)', 'job_url': 'https://www.arbeitnow.com/jobs/companies/me-group-germany-gmbh/service-techniker-im-aussendienst-gebiet-stuttgart-462280'}","{'title': 'Servicetechniker/ Monteur Tor- und Türsysteme (m/w/d) mit Elektroberuf', 'job_url': 'https://www.arbeitnow.com/jobs/companies/tup-tor-und-projektservice-gmbh/servicetechniker-monteur-tor-und-tursysteme-mit-elektroberuf-berlin-367239'}"
"{'title': 'Kaufmännischer Sachbearbeiter (m/w/d)', 'job_url': 'https://www.arbeitnow.com/jobs/companies/dr-meindl-u-partner-verrechnungsstelle-gmbh/kaufmannischer-sachbearbeiter-nuremberg-39136'}","{'title': 'Sachbearbeiter (m/w/d)', 'job_url': 'https://www.arbeitnow.com/jobs/companies/siera/sachbearbeiter-nuremberg-220856'}","{'title': 'Kaufmännischer Projektreferent / Sachbearbeiter Beteiligungsverwaltung (m/w/d)', 'job_url': 'https://www.arbeitnow.com/jobs/companies/53acht-gmbh/kaufmannischer-projektreferent-sachbearbeiter-beteiligungsverwaltung-meppen-467819'}","{'title': 'Sachbearbeiter Forderungsmanagement (m/w/d)', 'job_url': 'https://www.arbeitnow.com/jobs/companies/vertranium-gmbh/sachbearbeiter-forderungsmanagement-stuttgart-97845'}","{'title': 'Sachbearbeiter Wertpapierbereich (m/w/d)', 'job_url': 'https://www.arbeitnow.com/jobs/companies/opus-one-recruitment-gmbh/sachbearbeiter-wertpapierbereich-munich-200424'}","{'title': 'Sachbearbeiter (m/w/d) Nebenkostenabrechnung', 'job_url': 'https://www.arbeitnow.com/jobs/companies/parte-verwaltung-gmbh/sachbearbeiter-nebenkostenabrechnung-leipzig-63564'}","{'title': 'Sachbearbeiter Wertpapierbereich (m/w/d)', 'job_url': 'https://www.arbeitnow.com/jobs/companies/opus-one-recruitment-gmbh/sachbearbeiter-wertpapierbereich-munich-398559'}","{'title': '(Senior) Sachbearbeiter Investorenservice (m/w/d)', 'job_url': 'https://www.arbeitnow.com/jobs/companies/opus-one-recruitment-gmbh/senior-sachbearbeiter-investorenservice-munich-260462'}","{'title': 'Sachbearbeiter Kredit & Vertragsmanagement (m/w/d)', 'job_url': 'https://www.arbeitnow.com/jobs/companies/my-humancapital-gmbh/sachbearbeiter-kredit-vertragsmanagement-munich-411011'}"
"{'title': 'Mitarbeiter für die privatärztliche Abrechnung (m/w/d)', 'job_url': 'https://www.arbeitnow.com/jobs/companies/dr-meindl-u-partner-verrechnungsstelle-gmbh/mitarbeiter-fur-die-privatarztliche-abrechnung-nuremberg-35459'}","{'title': 'Sachbearbeiter Abrechnung Sprechstundenbedarf & Pflegeboxen (m/w/d)', 'job_url': 'https://www.arbeitnow.com/jobs/companies/pharmazon24-gmbh/sachbearbeiter-abrechnung-sprechstundenbedarf-pflegeboxen-munich-363229'}","{'title': 'Mitarbeiter (m/w/d) für die telefonische Leadgenerierung', 'job_url': 'https://www.arbeitnow.com/jobs/companies/lead-on-gmbh/mitarbeiter-fur-die-telefonische-leadgenerierung-potsdam-22374'}","{'title': 'Abrechnungsfachkraft (m/w/d) - Ambulante ärztliche Abrechnung', 'job_url': 'https://www.arbeitnow.com/jobs/companies/privatinstitut-fur-klinikmanagement-gmbh/ambulante-abrechnungsmanagerin-ebm-goa-cologne-189623'}","{'title': 'Kundenservice Mobilfunk Inbound - Freelancer - EU, außerhalb Deutschland - 100% Remote', 'job_url': 'https://www.arbeitnow.com/jobs/companies/hey-contact-heroes-gmbh/kundenservice-mobilfunk-inbound-freelancer-eu-ausserhalb-deutschland-100-remote-berlin-146674'}","{'title': 'Data Analytics, Data Science & AI Weiterbildung mit IHK-Abschluss | 100 % Remote', 'job_url': 'https://www.arbeitnow.com/jobs/companies/datasmart-point-gmbh/data-analytics-data-science-ai-weiterbildung-mit-ihk-abschluss-100-remote-berlin-452130'}","{'title': 'Personalsachbeatbeiter für die Lohnabrechnung (m/w/d)', 'job_url': 'https://www.arbeitnow.com/jobs/companies/yormas-ag/personalsachbeatbeiter-fur-die-lohnabrechnung-plattling-320019'}","{'title': 'Stellvertretende Teamleitung Zentrale Abrechnung (m/w/d)', 'job_url': 'https://www.arbeitnow.com/jobs/companies/brandner-kg/stellvertretende-teamleitung-zentrale-abrechnung-krumbach-19670'}","{'title': 'Freelance Senior Product Manager (w/m/d) - Abrechnung & ERP', 'job_url': 'https://www.arbeitnow.com/jobs/companies/arsipa-gmbh/remote-freelance-senior-product-manager-abrechnung-erp-berlin-327587'}"
"{'title': 'Mitarbeiter:in EHSQ (m/w/d)', 'job_url': 'https://www.arbeitnow.com/jobs/companies/brauerei-riegele-inh-riegele-kg/mitarbeiterin-ehsq-augsburg-81599'}","{'title': 'Mitarbeiter:in (m/w/d) für die medizinische Notrufzentrale 24/7', 'job_url': 'https://www.arbeitnow.com/jobs/companies/med-con-team/mitarbeiterin-fur-die-medizinische-notrufzentrale-24-7-reutlingen-483347'}","{'title': 'Scrum Master (m/w/d)', 'job_url': 'https://www.arbeitnow.com/jobs/companies/ponton-gmbh/scrum-master-hamburg-346943'}","{'title': 'Vertriebsassistenz / Vertriebsinnendienst / Quereinsteiger (M/W/D)', 'job_url': 'https://www.arbeitnow.com/jobs/companies/krauss-gmbh/vertriebsassistenz-vertriebsinnendienst-quereinsteiger-landsberg-am-lech-415034'}","{'title': 'Personalsachbearbeiter/in - Fachkraft für Lohnbuchhaltung (m/w/d) in Vollzeit- oder Teilzeit in Schongau', 'job_url': 'https://www.arbeitnow.com/jobs/companies/metzgerei-boneberger-gmbh/personalsachbearbeiter-in-fachkraft-fur-lohnbuchhaltung-in-vollzeit-oder-teilzeit-in-schongau-280944'}","{'title': 'Senioren-Hotline und Onlinebetreuung', 'job_url': 'https://www.arbeitnow.com/jobs/companies/prosenio-ev/senioren-hotline-und-onlinebetreuung-halle-saale-270138'}","{'title': 'Bürokauffrau/mann - Kaufmännische/r Angestellte/r (m/w/d) in Vollzeit- oder Teilzeit in Schongau', 'job_url': 'https://www.arbeitnow.com/jobs/companies/metzgerei-boneberger-gmbh/burokauffrau-mann-kaufmannische-r-angestellte-r-in-vollzeit-oder-teilzeit-in-schongau-440027'}","{'title': 'Medizinische Fachangestellte', 'job_url': 'https://www.arbeitnow.com/jobs/companies/orthopadie-und-unfallpraxis-dukpa/medizinische-fachangestellte-berlin-68855'}","{'title': 'Telefonische Kundenbetreuung - Freelancer', 'job_url': 'https://www.arbeitnow.com/jobs/companies/prosenio-ev/telefonische-kundenbetreuung-freelancer-halle-saale-60597'}"
"{'title': 'Performance Marketing Manager (m/w/d)', 'job_url': 'https://www.arbeitnow.com/jobs/companies/just-hiring/performance-marketing-manager-e-commerce-berlin-453110'}","{'title': 'Performance Marketing Manager', 'job_url': 'https://www.arbeitnow.com/jobs/companies/nailscamp-gmbh/performance-marketing-manager-berlin-135070'}","{'title': 'Performance Marketing Manager (d/w/m)', 'job_url': 'https://www.arbeitnow.com/jobs/companies/orderbird-gmbh/performance-marketing-manager-berlin-430565'}","{'title': 'Performance Marketing Manager*in', 'job_url': 'https://www.arbeitnow.com/jobs/companies/leadwunder/performance-marketing-managerin-hamburg-246461'}","{'title': 'Performance Marketing Manager/in (w/m/d)', 'job_url': 'https://www.arbeitnow.com/jobs/companies/ostend-digital/performance-marketing-manager-in-stuttgart-151641'}","{'title': 'Performance Marketing Manager (m/w/d)', 'job_url': 'https://www.arbeitnow.com/jobs/companies/jil-langwost-gmbh/performance-marketing-manager-bremen-299753'}","{'title': 'Praktikant:in Performance Marketing (m/w/d)', 'job_url': 'https://www.arbeitnow.com/jobs/companies/effizienzpioniere-gmbh/praktikantin-performance-marketing-stuttgart-172738'}","{'title': 'Senior Performance Marketing Manager (m/w/d)', 'job_url': 'https://www.arbeitnow.com/jobs/companies/yfood-labs-gmbh/senior-performance-marketing-manager-munich-113245'}","{'title': 'Performance Marketing Manager (m/w/d)', 'job_url': 'https://www.arbeitnow.com/jobs/companies/scalecom-gmbh/performance-marketing-manager-neu-isenburg-49829'}"
"{'title': 'Video Editor / Cutter Social Media (m/w/d)', 'job_url': 'https://www.arbeitnow.com/jobs/companies/gornation-gmbh/video-editor-cutter-social-media-munster-446724'}","{'title': 'Cutter', 'job_url': 'https://www.arbeitnow.com/jobs/companies/marketing-connect/cutter-cologne-172644'}","{'title': 'Videograf & Cutter für Social Media Ads (m/w/d)', 'job_url': 'https://www.arbeitnow.com/jobs/companies/scalecom-gmbh/videograf-cutter-fur-social-media-ads-neu-isenburg-342053'}","{'title': 'Praktikum Social Media Cutter (m/w/d) Standort München oder Remote deutschlandweit', 'job_url': 'https://www.arbeitnow.com/jobs/companies/little-dot-studios-deutschland/praktikum-social-media-cutter-standort-munchen-oder-remote-deutschlandweit-munich-212943'}","{'title': 'Video Creator & Cutter (m/w/d) für Social Media Teilzeit/Vollzeit', 'job_url': 'https://www.arbeitnow.com/jobs/companies/pinka-fux-gmbh/video-creator-cutter-fur-social-media-teilzeit-vollzeit-dresden-32170'}","{'title': 'Video Editor - Social Media Ads (m/w/d)', 'job_url': 'https://www.arbeitnow.com/jobs/companies/doubledouble-ads-gmbh/video-editor-social-media-ads-cologne-490684'}","{'title': 'Video Editor für Social Media (m/w/d)', 'job_url': 'https://www.arbeitnow.com/jobs/companies/tim-company-gmbh/video-editor-fur-social-media-berlin-386952'}","{'title': 'Videograf:in & Cutter', 'job_url': 'https://www.arbeitnow.com/jobs/companies/marketing-werk/videografin-cutter-delmenhorst-243176'}","{'title': 'Social Media Manager', 'job_url': 'https://www.arbeitnow.com/jobs/companies/yunicorn/social-media-manager-hamburg-464509'}"
"{'title': 'Senior Commercial Manager (m/w/d)', 'job_url': 'https://www.arbeitnow.com/jobs/companies/mitte-boutique-padel/senior-commercial-manager-berlin-428928'}","{'title': 'Senior Commercial Finance Manager (Kaufmännischer Finanzmanager) (m/w/d)', 'job_url': 'https://www.arbeitnow.com/jobs/companies/hydropulse/commercial-finance-manager-kaufmannischer-finanzmanager-berlin-449272'}","{'title': 'Senior Ecommerce Growth Manager - Brandstores', 'job_url': 'https://www.arbeitnow.com/jobs/companies/lovehoney-group/senior-ecommerce-growth-manager-brandstores-berlin-214090'}","{'title': 'Senior Category Manager (Commercial)', 'job_url': 'https://www.arbeitnow.com/jobs/companies/pergolux/senior-category-manager-commercial-berlin-262419'}","{'title': '(Senior / Staff) Product Manager - Growth (f/m/d)', 'job_url': 'https://www.arbeitnow.com/jobs/companies/bunch/senior-staff-product-manager-growth-berlin-330512'}","{'title': '(Senior) Growth Manager France (f/m/d) - FinTech Startup', 'job_url': 'https://www.arbeitnow.com/jobs/companies/finperks-gmbh/senior-growth-manager-france-fintech-startup-berlin-461237'}","{'title': 'Senior Category Manager (m/w/d)', 'job_url': 'https://www.arbeitnow.com/jobs/companies/angeheuert-gmbh/senior-category-manager-berlin-403113'}","{'title': '(Senior) Product Manager - Energy (m/f/d)', 'job_url': 'https://www.arbeitnow.com/jobs/companies/1komma50/senior-product-manager-energy-berlin-480855'}","{'title': 'Senior Sales Manager, Regional Enterprise', 'job_url': 'https://www.arbeitnow.com/jobs/companies/wolt-english/senior-sales-manager-regional-enterprise-berlin-460113'}"
"{'title': 'Senior Backend Engineer - Golang', 'job_url': 'https://www.arbeitnow.com/jobs/companies/sumup/senior-backend-engineer-golang-dusseldorf-97404'}","{'title': 'Backend Engineer (Golang)', 'job_url': 'https://www.arbeitnow.com/jobs/companies/amboss/backend-engineer-golang-berlin-313529'}","{'title': 'Senior Software Engineer (Ruby / GOlang)', 'job_url': 'https://www.arbeitnow.com/jobs/companies/workato/senior-software-engineer-ruby-golang-berlin-489336'}","{'title': 'Senior/Staff Golang Engineer (EMEA)', 'job_url': 'https://www.arbeitnow.com/jobs/companies/wundergraph/senior-staff-golang-engineer-emea-frankfurt-145092'}","{'title': 'Senior Backend Engineer', 'job_url': 'https://www.arbeitnow.com/jobs/companies/nebius/senior-backend-engineer-245904'}","{'title': 'Senior Backend Engineer', 'job_url': 'https://www.arbeitnow.com/jobs/companies/emma-the-sleep-company/senior-backend-engineer-frankfurt-477176'}","{'title': 'Staff Software Engineer (Ruby or GOlang)', 'job_url': 'https://www.arbeitnow.com/jobs/companies/workato/staff-software-engineer-ruby-or-golang-berlin-frankfurt-munich-16751'}","{'title': 'Backend Developer - Golang (f/m/d)', 'job_url': 'https://www.arbeitnow.com/jobs/companies/justdice/backend-developer-golang-hamburg-420727'}","{'title': 'Senior Backend Engineer (Go) (m/w/d)', 'job_url': 'https://www.arbeitnow.com/jobs/companies/recare-deutschland-gmbh/remote-senior-backend-engineer-go-berlin-391760'}"
"{'title': 'Senior Backend Engineer - Golang', 'job_url': 'https://www.arbeitnow.com/jobs/companies/sumup/senior-backend-engineer-golang-cologne-129603'}","{'title': 'Backend Engineer (Golang)', 'job_url': 'https://www.arbeitnow.com/jobs/companies/amboss/backend-engineer-golang-berlin-313529'}","{'title': 'Senior Software Engineer (Ruby / GOlang)', 'job_url': 'https://www.arbeitnow.com/jobs/companies/workato/senior-software-engineer-ruby-golang-berlin-489336'}","{'title': 'Senior/Staff Golang Engineer (EMEA)', 'job_url': 'https://www.arbeitnow.com/jobs/companies/wundergraph/senior-staff-golang-engineer-emea-frankfurt-145092'}","{'title': 'Senior Backend Engineer', 'job_url': 'https://www.arbeitnow.com/jobs/companies/nebius/senior-backend-engineer-245904'}","{'title': 'Senior Backend Engineer', 'job_url': 'https://www.arbeitnow.com/jobs/companies/emma-the-sleep-company/senior-backend-engineer-frankfurt-477176'}","{'title': 'Staff Software Engineer (Ruby or GOlang)', 'job_url': 'https://www.arbeitnow.com/jobs/companies/workato/staff-software-engineer-ruby-or-golang-berlin-frankfurt-munich-16751'}","{'title': 'Backend Developer - Golang (f/m/d)', 'job_url': 'https://www.arbeitnow.com/jobs/companies/justdice/backend-developer-golang-hamburg-420727'}","{'title': 'Senior Backend Engineer (Go) (m/w/d)', 'job_url': 'https://www.arbeitnow.com/jobs/companies/recare-deutschland-gmbh/remote-senior-backend-engineer-go-berlin-391760'}"
"{'title': 'Senior Backend Engineer - Golang', 'job_url': 'https://www.arbeitnow.com/jobs/companies/sumup/senior-backend-engineer-golang-berlin-77665'}","{'title': 'Backend Engineer (Golang)', 'job_url': 'https://www.arbeitnow.com/jobs/companies/amboss/backend-engineer-golang-berlin-313529'}","{'title': 'Senior Software Engineer (Ruby / GOlang)', 'job_url': 'https://www.arbeitnow.com/jobs/companies/workato/senior-software-engineer-ruby-golang-berlin-489336'}","{'title': 'Senior/Staff Golang Engineer (EMEA)', 'job_url': 'https://www.arbeitnow.com/jobs/companies/wundergraph/senior-staff-golang-engineer-emea-frankfurt-145092'}","{'title': 'Senior Backend Engineer', 'job_url': 'https://www.arbeitnow.com/jobs/companies/nebius/senior-backend-engineer-245904'}","{'title': 'Senior Backend Engineer', 'job_url': 'https://www.arbeitnow.com/jobs/companies/emma-the-sleep-company/senior-backend-engineer-frankfurt-477176'}","{'title': 'Staff Software Engineer (Ruby or GOlang)', 'job_url': 'https://www.arbeitnow.com/jobs/companies/workato/staff-software-engineer-ruby-or-golang-berlin-frankfurt-munich-16751'}","{'title': 'Backend Developer - Golang (f/m/d)', 'job_url': 'https://www.arbeitnow.com/jobs/companies/justdice/backend-developer-golang-hamburg-420727'}","{'title': 'Senior Backend Engineer (Go) (m/w/d)', 'job_url': 'https://www.arbeitnow.com/jobs/companies/recare-deutschland-gmbh/remote-senior-backend-engineer-go-berlin-391760'}"
"{'title': 'Senior Backend Engineer - Golang', 'job_url': 'https://www.arbeitnow.com/jobs/companies/sumup/senior-backend-engineer-golang-dusseldorf-304665'}","{'title': 'Backend Engineer (Golang)', 'job_url': 'https://www.arbeitnow.com/jobs/companies/amboss/backend-engineer-golang-berlin-313529'}","{'title': 'Senior Software Engineer (Ruby / GOlang)', 'job_url': 'https://www.arbeitnow.com/jobs/companies/workato/senior-software-engineer-ruby-golang-berlin-489336'}","{'title': 'Senior/Staff Golang Engineer (EMEA)', 'job_url': 'https://www.arbeitnow.com/jobs/companies/wundergraph/senior-staff-golang-engineer-emea-frankfurt-145092'}","{'title': 'Senior Backend Engineer', 'job_url': 'https://www.arbeitnow.com/jobs/companies/nebius/senior-backend-engineer-245904'}","{'title': 'Senior Backend Engineer', 'job_url': 'https://www.arbeitnow.com/jobs/companies/emma-the-sleep-company/senior-backend-engineer-frankfurt-477176'}","{'title': 'Staff Software Engineer (Ruby or GOlang)', 'job_url': 'https://www.arbeitnow.com/jobs/companies/workato/staff-software-engineer-ruby-or-golang-berlin-frankfurt-munich-16751'}","{'title': 'Backend Developer - Golang (f/m/d)', 'job_url': 'https://www.arbeitnow.com/jobs/companies/justdice/backend-developer-golang-hamburg-420727'}","{'title': 'Senior Backend Engineer (Go) (m/w/d)', 'job_url': 'https://www.arbeitnow.com/jobs/companies/recare-deutschland-gmbh/remote-senior-backend-engineer-go-berlin-391760'}"
"{'title': 'Senior Backend Engineer - Golang', 'job_url': 'https://www.arbeitnow.com/jobs/companies/sumup/senior-backend-engineer-golang-cologne-453284'}","{'title': 'Backend Engineer (Golang)', 'job_url': 'https://www.arbeitnow.com/jobs/companies/amboss/backend-engineer-golang-berlin-313529'}","{'title': 'Senior Software Engineer (Ruby / GOlang)', 'job_url': 'https://www.arbeitnow.com/jobs/companies/workato/senior-software-engineer-ruby-golang-berlin-489336'}","{'title': 'Senior/Staff Golang Engineer (EMEA)', 'job_url': 'https://www.arbeitnow.com/jobs/companies/wundergraph/senior-staff-golang-engineer-emea-frankfurt-145092'}","{'title': 'Senior Backend Engineer', 'job_url': 'https://www.arbeitnow.com/jobs/companies/nebius/senior-backend-engineer-245904'}","{'title': 'Senior Backend Engineer', 'job_url': 'https://www.arbeitnow.com/jobs/companies/emma-the-sleep-company/senior-backend-engineer-frankfurt-477176'}","{'title': 'Staff Software Engineer (Ruby or GOlang)', 'job_url': 'https://www.arbeitnow.com/jobs/companies/workato/staff-software-engineer-ruby-or-golang-berlin-frankfurt-munich-16751'}","{'title': 'Backend Developer - Golang (f/m/d)', 'job_url': 'https://www.arbeitnow.com/jobs/companies/justdice/backend-developer-golang-hamburg-420727'}","{'title': 'Senior Backend Engineer (Go) (m/w/d)', 'job_url': 'https://www.arbeitnow.com/jobs/companies/recare-deutschland-gmbh/remote-senior-backend-engineer-go-berlin-391760'}"
"{'title': 'Senior Backend Engineer - Golang', 'job_url': 'https://www.arbeitnow.com/jobs/companies/sumup/senior-backend-engineer-golang-berlin-137754'}","{'title': 'Backend Engineer (Golang)', 'job_url': 'https://www.arbeitnow.com/jobs/companies/amboss/backend-engineer-golang-berlin-313529'}","{'title': 'Senior Software Engineer (Ruby / GOlang)', 'job_url': 'https://www.arbeitnow.com/jobs/companies/workato/senior-software-engineer-ruby-golang-berlin-489336'}","{'title': 'Senior/Staff Golang Engineer (EMEA)', 'job_url': 'https://www.arbeitnow.com/jobs/companies/wundergraph/senior-staff-golang-engineer-emea-frankfurt-145092'}","{'title': 'Senior Backend Engineer', 'job_url': 'https://www.arbeitnow.com/jobs/companies/nebius/senior-backend-engineer-245904'}","{'title': 'Senior Backend Engineer', 'job_url': 'https://www.arbeitnow.com/jobs/companies/emma-the-sleep-company/senior-backend-engineer-frankfurt-477176'}","{'title': 'Staff Software Engineer (Ruby or GOlang)', 'job_url': 'https://www.arbeitnow.com/jobs/companies/workato/staff-software-engineer-ruby-or-golang-berlin-frankfurt-munich-16751'}","{'title': 'Backend Developer - Golang (f/m/d)', 'job_url': 'https://www.arbeitnow.com/jobs/companies/justdice/backend-developer-golang-hamburg-420727'}","{'title': 'Senior Backend Engineer (Go) (m/w/d)', 'job_url': 'https://www.arbeitnow.com/jobs/companies/recare-deutschland-gmbh/remote-senior-backend-engineer-go-berlin-391760'}"
"{'title': 'BI Consultant Data & Cloud (w/m/d), Deutschland, hybrid', 'job_url': 'https://www.arbeitnow.com/jobs/companies/highcoordination-gmbh/bi-consultant-data-cloud-deutschland-hybrid-singen-270962'}","{'title': 'Data Analytics, Data Science & AI Weiterbildung mit IHK-Abschluss | 100 % Remote', 'job_url': 'https://www.arbeitnow.com/jobs/companies/datasmart-point-gmbh/data-analytics-data-science-ai-weiterbildung-mit-ihk-abschluss-100-remote-berlin-452130'}","{'title': 'Kundenservice Mobilfunk Inbound - Freelancer - EU, außerhalb Deutschland - 100% Remote', 'job_url': 'https://www.arbeitnow.com/jobs/companies/hey-contact-heroes-gmbh/kundenservice-mobilfunk-inbound-freelancer-eu-ausserhalb-deutschland-100-remote-berlin-146674'}","{'title': 'Data Engineer / Cloud Data Platform Engineer (m/w/d)', 'job_url': 'https://www.arbeitnow.com/jobs/companies/group24-ag/data-engineer-cloud-data-platform-engineer-gescher-239435'}","{'title': 'Senior Consultant Cloud Data Engineering (m/w/d)', 'job_url': 'https://www.arbeitnow.com/jobs/companies/collaboration-betters-the-world-gmbh/senior-consultant-cloud-data-engineering-munich-406721'}","{'title': 'Cloud Data Engineer (m/w/d)', 'job_url': 'https://www.arbeitnow.com/jobs/companies/hubside-die-recruitingwerkstatt/cloud-data-engineer-munich-109770'}","{'title': 'Microsoft Cloud & AI Infrastructure (Senior) Consultant (m/w/d)', 'job_url': 'https://www.arbeitnow.com/jobs/companies/windhoff-group/microsoft-cloud-ai-infrastructure-senior-consultant-gescher-115902'}","{'title': 'BI Specialist - Financial Reporting & Data Analytics', 'job_url': 'https://www.arbeitnow.com/jobs/companies/bell-food-group/bi-specialist-financial-reporting-data-analytics-radolfzell-106903'}","{'title': 'Cloud & Fleet Data Engineer', 'job_url': 'https://www.arbeitnow.com/jobs/companies/quantum-systems-gmbh/cloud-fleet-data-engineer-wessling-95796'}"
"{'title': 'Technischer Support für Privatpersonen (40€/h) - Hamburg', 'job_url': 'https://www.arbeitnow.com/jobs/companies/helferline-gmbh/technischer-support-fur-privatpersonen-40eur-h-hamburg-93629'}","{'title': 'Mitarbeiter Technischer Support & Qualitätssicherung Glasfaser (m/w/d)', 'job_url': 'https://www.arbeitnow.com/jobs/companies/stroer-x-gmbh/mitarbeiter-technischer-support-qualitatssicherung-glasfaser-hamburg-162366'}","{'title': 'IT-SUPPORT (m/w/d) in Hamburg', 'job_url': 'https://www.arbeitnow.com/jobs/companies/ganss-personal-gmbh/it-support-in-hamburg-4092'}","{'title': 'Kundenservice Mobilfunk Inbound - Freelancer - EU, außerhalb Deutschland - 100% Remote', 'job_url': 'https://www.arbeitnow.com/jobs/companies/hey-contact-heroes-gmbh/kundenservice-mobilfunk-inbound-freelancer-eu-ausserhalb-deutschland-100-remote-berlin-146674'}","{'title': 'Störungstechniker / Technischer Support (m/w/d)', 'job_url': 'https://www.arbeitnow.com/jobs/companies/stadtritter-gmbh/storungstechniker-technischer-support-potsdam-436168'}","{'title': 'Mitarbeiter Technischer Support & Qualitätssicherung Glasfaser (m/w/d)', 'job_url': 'https://www.arbeitnow.com/jobs/companies/stroer-x-gmbh/mitarbeiter-technischer-support-qualitatssicherung-glasfaser-dusseldorf-179567'}","{'title': 'Mitarbeiter Technischer Support & Qualitätssicherung Glasfaser (m/w/d)', 'job_url': 'https://www.arbeitnow.com/jobs/companies/stroer-x-gmbh/mitarbeiter-technischer-support-qualitatssicherung-glasfaser-koln-147923'}","{'title': 'Customer Support (m/w/d) - 100% Remote (Hamburg & Umgebung)', 'job_url': 'https://www.arbeitnow.com/jobs/companies/funnelcockpit/customer-support-100-remote-hamburg-umgebung-434817'}","{'title': 'Customer Support Specialist (m/w/d)', 'job_url': 'https://www.arbeitnow.com/jobs/companies/doksafe-gmbh/customer-support-specialist-leipzig-67205'}"
"{'title': 'Frankfurt - Technischer Support für Privatpersonen (40€/h) - Selbstständig', 'job_url': 'https://www.arbeitnow.com/jobs/companies/helferline-gmbh/frankfurt-technischer-support-fur-privatpersonen-40eur-h-selbststandig-frankfurt-am-main-263328'}","{'title': 'Microsoft 365 Office Support Specialist (m/f/d)- Frankfurt a.M./Hybrid', 'job_url': 'https://www.arbeitnow.com/jobs/companies/evoila-frankfurt-gmbh/microsoft-365-office-support-specialist-frankfurt-am-hybrid-frankfurt-am-main-170001'}","{'title': 'Kundenservice Mobilfunk Inbound - Freelancer - EU, außerhalb Deutschland - 100% Remote', 'job_url': 'https://www.arbeitnow.com/jobs/companies/hey-contact-heroes-gmbh/kundenservice-mobilfunk-inbound-freelancer-eu-ausserhalb-deutschland-100-remote-berlin-146674'}","{'title': 'Neu 1st Level Onsite IT-SUPPORT (m/w/d) in Frankfurt am Main', 'job_url': 'https://www.arbeitnow.com/jobs/companies/ganss-personal-gmbh/neu-1st-level-onsite-it-support-in-frankfurt-am-main-407035'}","{'title': 'Customer Support Manager - für Kobold (m/w/d) | Frankfurt am Main', 'job_url': 'https://www.arbeitnow.com/jobs/companies/everii-group-gmbh/customer-support-manager-fur-kobold-frankfurt-am-main-49233'}","{'title': 'IT Consultant (m/w/d) für Microsoft 365 - Frankfurt a.M. (Hybrid)', 'job_url': 'https://www.arbeitnow.com/jobs/companies/evoila-frankfurt-gmbh/consultant-microsoft-365-frankfurt-am-hybrid-frankfurt-am-main-195489'}","{'title': 'Störungstechniker / Technischer Support (m/w/d)', 'job_url': 'https://www.arbeitnow.com/jobs/companies/stadtritter-gmbh/storungstechniker-technischer-support-potsdam-436168'}","{'title': 'Planungsingenieur Elektrotechnik / Projektierer (m/w/d) elektrische Gebäudetechnik in Frankfurt am Main (1668)', 'job_url': 'https://www.arbeitnow.com/jobs/companies/bruggen-engineering-gmbh/planungsingenieur-elektrotechnik-projektierer-elektrische-gebaudetechnik-in-frankfurt-am-main-1668-326563'}","{'title': 'Customer Support Manager - SaaS (m/w/d) | Frankfurt am Main', 'job_url': 'https://www.arbeitnow.com/jobs/companies/everii-group-gmbh/customer-support-manager-saas-frankfurt-am-main-295884'}"
"{'title': 'Senior Kosmetiker:in (m/w/d) mit Schwerpunkt Gesichtsbehandlungen', 'job_url': 'https://www.arbeitnow.com/jobs/companies/c1-kosmetik-gmbh/senior-kosmetikerin-mit-schwerpunkt-gesichtsbehandlungen-munich-171915'}","{'title': 'Kosmetikerin / Beauty Expertin (Facials, Lashlift, Maniküre & Pediküre)', 'job_url': 'https://www.arbeitnow.com/jobs/companies/pow-korean-concept/kosmetikerin-beauty-expertin-facials-lashlift-manikure-pedikure-frankfurt-am-main-372400'}","{'title': 'Kosmetikerin in Berlin Mitte', 'job_url': 'https://www.arbeitnow.com/jobs/companies/sanft-schon/kosmetikerin-in-berlin-mitte-150350'}","{'title': 'Kosmetikerin', 'job_url': 'https://www.arbeitnow.com/jobs/companies/evay-cosmetics/kosmetikerin-hagen-229827'}","{'title': 'Kosmetikerin', 'job_url': 'https://www.arbeitnow.com/jobs/companies/kosmetikstudio-hh/kosmetikerin-lohne-250321'}","{'title': 'Kosmetikerin / Kosmetiker', 'job_url': 'https://www.arbeitnow.com/jobs/companies/goldenratio-cosmetic/kosmetikerin-kosmetiker-dusseldorf-445351'}","{'title': 'Kosmetiker:in/ Fußpfleger:in (m/w/d)', 'job_url': 'https://www.arbeitnow.com/jobs/companies/kosmetik-schlachtensee/kosmetikerin-fusspflegerin-berlin-472923'}","{'title': 'Kosmetikerin und/oder Nageldesignerin', 'job_url': 'https://www.arbeitnow.com/jobs/companies/pow-korean-concept/kosmetikerin-und-oder-nageldesignerin-frankfurt-am-main-71421'}","{'title': 'Kosmetikerin (m/w/d) – Medizinisch-ästhetische High-End Praxis', 'job_url': 'https://www.arbeitnow.com/jobs/companies/bag-dres-quist-partg/kosmetikerin-medizinisch-asthetische-high-end-praxis-mainz-213385'}"
"{'title': 'Kosmetiker:in (m/w/d) mit Schwerpunkt Gesichtsbehandlungen', 'job_url': 'https://www.arbeitnow.com/jobs/companies/c1-kosmetik-gmbh/kosmetikerin-mit-schwerpunkt-gesichtsbehandlungen-munich-12152'}","{'title': 'Kosmetikerin / Beauty Expertin (Facials, Lashlift, Maniküre & Pediküre)', 'job_url': 'https://www.arbeitnow.com/jobs/companies/pow-korean-concept/kosmetikerin-beauty-expertin-facials-lashlift-manikure-pedikure-frankfurt-am-main-372400'}","{'title': 'Kosmetikerin in Berlin Mitte', 'job_url': 'https://www.arbeitnow.com/jobs/companies/sanft-schon/kosmetikerin-in-berlin-mitte-150350'}","{'title': 'Kosmetikerin', 'job_url': 'https://www.arbeitnow.com/jobs/companies/evay-cosmetics/kosmetikerin-hagen-229827'}","{'title': 'Kosmetikerin', 'job_url': 'https://www.arbeitnow.com/jobs/companies/kosmetikstudio-hh/kosmetikerin-lohne-250321'}","{'title': 'Kosmetikerin / Kosmetiker', 'job_url': 'https://www.arbeitnow.com/jobs/companies/goldenratio-cosmetic/kosmetikerin-kosmetiker-dusseldorf-445351'}","{'title': 'Kosmetiker:in/ Fußpfleger:in (m/w/d)', 'job_url': 'https://www.arbeitnow.com/jobs/companies/kosmetik-schlachtensee/kosmetikerin-fusspflegerin-berlin-472923'}","{'title': 'Kosmetikerin und/oder Nageldesignerin', 'job_url': 'https://www.arbeitnow.com/jobs/companies/pow-korean-concept/kosmetikerin-und-oder-nageldesignerin-frankfurt-am-main-71421'}","{'title': 'Kosmetikerin (m/w/d) – Medizinisch-ästhetische High-End Praxis', 'job_url': 'https://www.arbeitnow.com/jobs/companies/bag-dres-quist-partg/kosmetikerin-medizinisch-asthetische-high-end-praxis-mainz-213385'}"
"{'title': 'Praktikum Digital Marketing & Sales Consulting (m/w/d) in coolem Start-Up', 'job_url': 'https://www.arbeitnow.com/jobs/companies/digital-trendteam/praktikum-digital-marketing-sales-consulting-in-coolem-start-up-mainz-357382'}","{'title': ""Founder's Associate - Internship or Working Student  (m/w/d)"", 'job_url': 'https://www.arbeitnow.com/jobs/companies/archive-gmbh/founders-associate-internship-or-working-student-munich-181655'}","{'title': 'Intern in Sales & Marketing', 'job_url': 'https://www.arbeitnow.com/jobs/companies/coding-partners/intern-in-sales-marketing-berlin-279360'}","{'title': 'Outbound Sales · UK · Intern / Working Student', 'job_url': 'https://www.arbeitnow.com/jobs/companies/autarcenergy/outbound-sales-uk-intern-working-student-berlin-300162'}","{'title': 'GTM UK · Intern / Working Student', 'job_url': 'https://www.arbeitnow.com/jobs/companies/autarcenergy/gtm-uk-intern-working-student-berlin-171909'}","{'title': 'Praktikum Marketing & Sales (Growth) bei SHAVENT - Remote in DE möglich', 'job_url': 'https://www.arbeitnow.com/jobs/companies/shavent-ara-sustainable-products/praktikum-marketing-sales-growth-bei-shavent-remote-in-de-moglich-munich-229295'}","{'title': 'Working Student/Intern Sales & Business Development (f/m/d)', 'job_url': 'https://www.arbeitnow.com/jobs/companies/oniq/working-student-intern-sales-business-development-cologne-108669'}","{'title': 'REMOTE Praktikum im Bereich Online-Marketing (Digital Publishing)', 'job_url': 'https://www.arbeitnow.com/jobs/companies/depeur-ug/remote-praktikum-im-bereich-online-marketing-digital-publishing-hamburg-75813'}","{'title': 'Growth Marketing Intern / Working Student (d/f/m)', 'job_url': 'https://www.arbeitnow.com/jobs/companies/onetutor/growth-marketing-intern-munich-426405'}"
"{'title': 'Medientechniker / AV-Techniker (m/w/d)', 'job_url': 'https://www.arbeitnow.com/jobs/companies/pestinger-gmbh/medientechniker-av-techniker-dreieich-370940'}",,,,,,,,
"{'title': 'Content Growth Manager YouTube (m/w/d)', 'job_url': 'https://www.arbeitnow.com/jobs/companies/1komma50/content-growth-manager-youtube-hamburg-439470'}","{'title': 'Werkstudent:in YouTube Growth & Analytics (m/w/d)', 'job_url': 'https://www.arbeitnow.com/jobs/companies/hitchon/werkstudentin-youtube-growth-analytics-mainz-282681'}","{'title': 'Influencer Marketing Manager (m/w/d) - YouTube', 'job_url': 'https://www.arbeitnow.com/jobs/companies/adspace/influencer-marketing-manager-youtube-hamburg-474273'}","{'title': 'Junior YouTube Channel Manager (m/f/d) - Full time', 'job_url': 'https://www.arbeitnow.com/jobs/companies/quintus-studios/junior-youtube-channel-manager-full-time-berlin-227419'}","{'title': 'Growth Manager (m/w/d) - Renewable Energy Startup', 'job_url': 'https://www.arbeitnow.com/jobs/companies/sunpeak-capital/growth-manager-renewable-energy-startup-berlin-187808'}","{'title': 'Youtube Influencer Marketing Manager (m/w/d) (Werkstudent)', 'job_url': 'https://www.arbeitnow.com/jobs/companies/adspace/youtube-influencer-marketing-manager-werkstudent-hamburg-56471'}","{'title': 'Minijob: Video Editor/Cutter (m/w/d) für YouTube gesucht!', 'job_url': 'https://www.arbeitnow.com/jobs/companies/taglichtechnik/minijob-video-editor-cutter-fur-youtube-gesucht-munich-304045'}","{'title': 'Social Media Manager & Content Creator (m|w|d)', 'job_url': 'https://www.arbeitnow.com/jobs/companies/wiethe-content-gmbh/social-media-manager-content-creator-mwd-bremen-137717'}","{'title': 'TikTok Shop & Content Growth Manager', 'job_url': 'https://www.arbeitnow.com/jobs/companies/pilcher-ug-prinox/tiktok-shop-content-growth-manager-berlin-38716'}"
"{'title': 'Sales Manager technische Textilien (all genders)', 'job_url': 'https://www.arbeitnow.com/jobs/companies/connectima-gmbh/sales-manager-technische-textilien-all-genders-berlin-314090'}","{'title': 'Kundenservice Mobilfunk Inbound - Freelancer - EU, außerhalb Deutschland - 100% Remote', 'job_url': 'https://www.arbeitnow.com/jobs/companies/hey-contact-heroes-gmbh/kundenservice-mobilfunk-inbound-freelancer-eu-ausserhalb-deutschland-100-remote-berlin-146674'}","{'title': 'Technische Kundenbetreuung / IT Support', 'job_url': 'https://www.arbeitnow.com/jobs/companies/projektron-gmbh/technische-kundenbetreuung-it-support-berlin-459278'}","{'title': 'Technische Qualitätssicherung & Release Manager', 'job_url': 'https://www.arbeitnow.com/jobs/companies/objectway/technische-qualitatssicherung-release-manager-ebersberg-180404'}","{'title': 'Werksstudent - Technische Unterstützung & Datenaufbereitung', 'job_url': 'https://www.arbeitnow.com/jobs/companies/mobaix/werksstudent-technische-unterstutzung-datenaufbereitung-aachen-91948'}","{'title': 'Trainee Technische Vertriebsleitung (m/w/d)', 'job_url': 'https://www.arbeitnow.com/jobs/companies/drixler-energietechnik-gmbh/trainee-technische-vertriebsleitung-deisslingen-170872'}","{'title': 'Salesforce Technical Consultant (all genders)', 'job_url': 'https://www.arbeitnow.com/jobs/companies/infotip-service-gmbh/salesforce-technical-consultant-all-genders-georgensgmund-469021'}","{'title': 'Salesforce Technical Architect (all genders)', 'job_url': 'https://www.arbeitnow.com/jobs/companies/infotip-service-gmbh/salesforce-technical-architect-all-genders-georgensgmund-343960'}","{'title': 'Technische Mitarbeit Umwelttechnik (m/w/d)', 'job_url': 'https://www.arbeitnow.com/jobs/companies/siera/technische-mitarbeit-umwelttechnik-heidelberg-258957'}"
"{'title': 'Content Producer (m/w/d)', 'job_url': 'https://www.arbeitnow.com/jobs/companies/alte-forsterei-1-fc-union-berlin-ev/content-producer-berlin-26318'}","{'title': 'Videograf / Video Producer (m/w/d)', 'job_url': 'https://www.arbeitnow.com/jobs/companies/realstudio-gmbh/videograf-video-producer-berlin-218269'}","{'title': 'Producer (m|w|d)', 'job_url': 'https://www.arbeitnow.com/jobs/companies/wiethe-content-gmbh/producer-mwd-bremen-261920'}","{'title': 'B2B Video Content Creator (Teilzeit oder Freelance) bei Meet5 (m/w/d)', 'job_url': 'https://www.arbeitnow.com/jobs/companies/meet5-gmbh/b2b-video-content-creator-teilzeit-oder-freelance-bei-meet5-frankfurt-am-main-284229'}","{'title': 'Senior Integrated Producer', 'job_url': 'https://www.arbeitnow.com/jobs/companies/jellyfish/senior-integrated-producer-berlin-108438'}","{'title': 'Praktikum (m/w/d) AI Content Creator', 'job_url': 'https://www.arbeitnow.com/jobs/companies/bela-living-gmbh/praktikum-ai-content-creator-berlin-360244'}","{'title': 'Senior Creative Producer (Fixed-term Employment)', 'job_url': 'https://www.arbeitnow.com/jobs/companies/wolt/senior-creative-producer-fixed-term-employment-berlin-458587'}","{'title': 'Content Writer / Manager - Werkstudent:in (m/w/d)', 'job_url': 'https://www.arbeitnow.com/jobs/companies/brand-rising/content-writer-manager-werkstudentin-berlin-438355'}","{'title': 'Digital Marketing Manager (w/m/d)', 'job_url': 'https://www.arbeitnow.com/jobs/companies/achtberlin/digital-marketing-manager-berlin-187122'}"
"{'title': 'Marketing- & Grafikdesigner (m/w/d)', 'job_url': 'https://www.arbeitnow.com/jobs/companies/alte-forsterei-1-fc-union-berlin-ev/marketing-grafikdesigner-berlin-180087'}","{'title': 'Werkstudent Grafikdesigner/in', 'job_url': 'https://www.arbeitnow.com/jobs/companies/bodygen-gmbh/werkstudent-grafikdesigner-in-berlin-396866'}","{'title': 'Grafikdesigner/- in Freiburg', 'job_url': 'https://www.arbeitnow.com/jobs/companies/lang-consulting-gmbh/grafikdesigner-in-vollzeit-freiburg-im-breisgau-119655'}","{'title': 'Grafikdesigner / Mediengestalter (Digital) - 100 % remote (m/w/d)', 'job_url': 'https://www.arbeitnow.com/jobs/companies/retentionclub-gmbh/grafikdesigner-mediengestalter-digital-100-remote-geisa-7464'}","{'title': 'Grafikdesigner (m/w/d) Maschinen & Technik', 'job_url': 'https://www.arbeitnow.com/jobs/companies/ett-verpackungstechnik-gmbh/grafikdesigner-maschinen-technik-moringen-328176'}","{'title': 'Mediengestalter/Grafikdesigner (m/w/d)', 'job_url': 'https://www.arbeitnow.com/jobs/companies/backer-gortz-gmbh/mediengestalter-grafikdesigner-ludwigshafen-21185'}","{'title': 'Grafikdesigner/in – Vollzeit (m/w/d)', 'job_url': 'https://www.arbeitnow.com/jobs/companies/cordes-consulting-gmbh/grafikdesigner-in-vollzeit-hamburg-450770'}","{'title': 'Grafikdesigner / Performance Designer (m/w/d)', 'job_url': 'https://www.arbeitnow.com/jobs/companies/holistic-house-gmbh/grafikdesigner-performance-designer-rosenheim-217205'}","{'title': 'Grafikdesigner für Markenräume (m/w/d)', 'job_url': 'https://www.arbeitnow.com/jobs/companies/wespro-retail-design/designer-retail-interior-berlin-22786'}"
"{'title': 'Performance Marketing Manager (m/w/d)', 'job_url': 'https://www.arbeitnow.com/jobs/companies/alte-forsterei-1-fc-union-berlin-ev/performance-marketing-manager-berlin-492349'}","{'title': 'Werkstudent:in (m/w/d) Performance Marketing', 'job_url': 'https://www.arbeitnow.com/jobs/companies/brachial-krawall-brutal-growth-agency/werkstudentin-performance-marketing-gehrden-356165'}","{'title': 'Performance & Digital Marketing Manager (m/w/d)', 'job_url': 'https://www.arbeitnow.com/jobs/companies/b-cube-gmbh/performance-digital-marketing-manager-brilon-235264'}","{'title': 'Performance & Digital Marketing Manager - Healthcare', 'job_url': 'https://www.arbeitnow.com/jobs/companies/docleads/performance-digital-marketing-manager-healthcare-munich-188336'}","{'title': 'SEA & Performance Marketing Manager (m/w/d)', 'job_url': 'https://www.arbeitnow.com/jobs/companies/kohler-partner-gmbh/sea-performance-marketing-manager-buchholz-in-der-nordheide-289746'}","{'title': 'Werkstudent (m/w/d) - Performance Marketing', 'job_url': 'https://www.arbeitnow.com/jobs/companies/pflegehelfer24-gmbh/werkstudent-performance-marketing-berlin-433563'}","{'title': 'Teamleitung Online Marketing & Performance (m/w/d)', 'job_url': 'https://www.arbeitnow.com/jobs/companies/ada-commerce-gmbh/teamleitung-online-marketing-performance-juchen-389669'}","{'title': 'Mandatory internship performance marketing and social media', 'job_url': 'https://www.arbeitnow.com/jobs/companies/craftly/mandatory-internship-performance-marketing-and-social-media-berlin-408096'}","{'title': 'Werkstudent:in (m/w/d) Digital Marketing & Performance Advertising', 'job_url': 'https://www.arbeitnow.com/jobs/companies/luna-park-gmbh-digital-marketing-agentur/werkstudentin-digital-marketing-performance-advertising-cologne-52423'}"
"{'title': 'Data Engineer / Scientist – Multimodal Clinical Data Integration & AI (m/f/d)', 'job_url': 'https://www.arbeitnow.com/jobs/companies/aipto-techbio/data-engineer-scientist-multimodal-clinical-data-integration-ai-heidelberg-305399'}","{'title': 'Data Analytics, Data Science & AI Weiterbildung mit IHK-Abschluss | 100 % Remote', 'job_url': 'https://www.arbeitnow.com/jobs/companies/datasmart-point-gmbh/data-analytics-data-science-ai-weiterbildung-mit-ihk-abschluss-100-remote-berlin-452130'}","{'title': 'Data Scientist', 'job_url': 'https://www.arbeitnow.com/jobs/companies/hilobyaktiia/remote-data-scientist-germany-475338'}","{'title': 'Data Scientist - AI & Experimentation (m/f/d)', 'job_url': 'https://www.arbeitnow.com/jobs/companies/pflegia/data-scientist-ai-experimentation-berlin-33557'}","{'title': 'Data Scientist / Data Engineer', 'job_url': 'https://www.arbeitnow.com/jobs/companies/nucs-ai/data-scientist-data-engineer-berlin-12132'}","{'title': 'Data Scientist (m/w/d)', 'job_url': 'https://www.arbeitnow.com/jobs/companies/rewire/data-scientist-heidelberg-35882'}","{'title': 'Data Scientist', 'job_url': 'https://www.arbeitnow.com/jobs/companies/globaldimensionsllc/data-scientist-stuttgart-150390'}","{'title': ""Bachelor's & Master's Thesis Opportunities - AI, Medical Imaging & Clinical Software"", 'job_url': 'https://www.arbeitnow.com/jobs/companies/nucs-ai/bachelors-masters-thesis-opportunities-ai-medical-imaging-clinical-software-berlin-95068'}","{'title': 'Data Scientist', 'job_url': 'https://www.arbeitnow.com/jobs/companies/lever-implementation-training-environment/data-scientist-berlin-germany-363083'}"
"{'title': 'Senior Robotics Engineer (m/f/d) – Drone Port', 'job_url': 'https://www.arbeitnow.com/jobs/companies/quantum-systems-gmbh/senior-robotics-engineer-drone-port-gilching-244729'}","{'title': 'Senior Flight Control System Engineer', 'job_url': 'https://www.arbeitnow.com/jobs/companies/maple-aviation/senior-flight-control-system-engineer-ottobrunn-76756'}","{'title': 'Manufacturing (UAV/Drone) Working Student (f/m/d)', 'job_url': 'https://www.arbeitnow.com/jobs/companies/tytan-technologies-gmbh/manufacturing-uav-drone-working-student-munich-149689'}","{'title': 'Algorithm Engineer - Radar Tracking (m/f/d)', 'job_url': 'https://www.arbeitnow.com/jobs/companies/smartmicro/algorithm-engineer-radar-tracking-braunschweig-488959'}","{'title': '(Senior) Machine Learning Engineer, Robot Learning (m/f/d)', 'job_url': 'https://www.arbeitnow.com/jobs/companies/batch-robotics-gmbh/senior-machine-learning-engineer-robot-learning-munich-424832'}","{'title': 'ML Data Engineer (m/f/d) - Sensor Data & Pipelines', 'job_url': 'https://www.arbeitnow.com/jobs/companies/autonomous-teaming/ml-data-engineer-sensor-data-pipelines-munich-deu-455358'}","{'title': 'Senior Computer Vision Engineer - Localization', 'job_url': 'https://www.arbeitnow.com/jobs/companies/se3/senior-computer-vision-engineer-localization-munich-242765'}","{'title': 'Senior Electronics Engineer', 'job_url': 'https://www.arbeitnow.com/jobs/companies/auterion/senior-electronics-engineer-munich-425857'}","{'title': 'Production Engineer – UAV Platform', 'job_url': 'https://www.arbeitnow.com/jobs/companies/24industries/production-engineer-uav-platform-munich-178080'}"
"{'title': 'Working Student – IT Support & Operations (m/f/d)', 'job_url': 'https://www.arbeitnow.com/jobs/companies/quantum-systems-gmbh/working-student-it-support-operations-gilching-203270'}","{'title': 'Working Student – Talent & Operations', 'job_url': 'https://www.arbeitnow.com/jobs/companies/apheris/working-student-talent-operations-germany-berlin-476828'}","{'title': 'Support Engineer (Working Student) - m/f/d', 'job_url': 'https://www.arbeitnow.com/jobs/companies/langdock/support-engineer-working-student-berlin-360440'}","{'title': 'Working Student - Operations  (f/m/d)', 'job_url': 'https://www.arbeitnow.com/jobs/companies/tytan-technologies-gmbh/working-student-operations-munich-262144'}","{'title': 'Working Student (f/m/d) Business Development & Operations', 'job_url': 'https://www.arbeitnow.com/jobs/companies/unternehmertum-ggmbh/working-student-business-development-operations-garching-munchen-345882'}","{'title': 'Working Student (m/w/d) - DevOps Support', 'job_url': 'https://www.arbeitnow.com/jobs/companies/imtf/working-student-devops-support-bensheim-138004'}","{'title': 'Working Student HR & People Operations (m/f/d)', 'job_url': 'https://www.arbeitnow.com/jobs/companies/omegga/working-student-hr-people-operations-munich-261075'}","{'title': 'Product Operations Intern/Working Student (f/m/d)', 'job_url': 'https://www.arbeitnow.com/jobs/companies/liqid-lig/product-operations-intern-working-student-berlin-113113'}","{'title': 'Working Student / Thesis - Strategy Operations & Business Development (f/m/d)', 'job_url': 'https://www.arbeitnow.com/jobs/companies/tactiliarobotics/working-student-thesis-strategy-operations-business-development-munich-136770'}"
"{'title': 'Senior UX/UI Designer (m/w/d)', 'job_url': 'https://www.arbeitnow.com/jobs/companies/abrio-gmbh/senior-ux-ui-designer-frankfurt-147905'}","{'title': 'UI / UX Designer TEAMBOX (m/w/d) – Hamburg', 'job_url': 'https://www.arbeitnow.com/jobs/companies/everii-germany-gmbh-3/ui-ux-designer-teambox-hamburg-85844'}","{'title': 'UI / UX Designer untermStrich (m/w/d) – Hamburg', 'job_url': 'https://www.arbeitnow.com/jobs/companies/everii-germany-gmbh-3/ui-ux-designer-untermstrich-hamburg-181376'}","{'title': 'Senior UI/UX Designer (all genders)', 'job_url': 'https://www.arbeitnow.com/jobs/companies/init-ag/senior-ui-ux-designer-all-genders-munchen-51984'}","{'title': 'Senior UI/UX Designer (all genders)', 'job_url': 'https://www.arbeitnow.com/jobs/companies/init-ag/senior-ui-ux-designer-all-genders-hamburg-259665'}","{'title': 'Senior UI/UX Designer (all genders)', 'job_url': 'https://www.arbeitnow.com/jobs/companies/init-ag/senior-ui-ux-designer-all-genders-koln-135682'}","{'title': 'Senior UI/UX Designer (all genders)', 'job_url': 'https://www.arbeitnow.com/jobs/companies/init-ag/senior-ui-ux-designer-all-genders-mainz-407121'}","{'title': 'Senior UX/UI Designer / Product Designer (m/w/d) E-Commerce in Hannover (Hybrid)', 'job_url': 'https://www.arbeitnow.com/jobs/companies/all4golf-golfversand-hannover-gmbh/senior-ux-ui-designer-product-designer-e-commerce-in-hannover-hybrid-hanover-235181'}","{'title': 'UX/UI Designer | Intch', 'job_url': 'https://www.arbeitnow.com/jobs/companies/hirehire/remote-ux-ui-designer-intch-383599'}"
"{'title': 'Senior B2B Growth Marketing Manager (w/m/d)', 'job_url': 'https://www.arbeitnow.com/jobs/companies/abrio-gmbh/senior-b2b-growth-marketing-manager-frankfurt-203133'}","{'title': 'B2B Growth Marketer', 'job_url': 'https://www.arbeitnow.com/jobs/companies/salesplaybook-ag/b2b-growth-marketer-berlin-468588'}","{'title': 'Marketing Manager (m/w/d) B2B Growth & Performance', 'job_url': 'https://www.arbeitnow.com/jobs/companies/partspace-gmbh/marketing-manager-b2b-growth-performance-munich-272576'}","{'title': 'Growth Lead B2C & B2B (f/m/d)', 'job_url': 'https://www.arbeitnow.com/jobs/companies/zenjob/growth-lead-b2c-b2b-berlin-141796'}","{'title': 'Senior Manager B2B', 'job_url': 'https://www.arbeitnow.com/jobs/companies/wppmedia/senior-manager-b2b-frankfurt-472742'}","{'title': 'Head of Marketing - B2B SaaS Growth - Healthcare/ Start-Up- Hybrid', 'job_url': 'https://www.arbeitnow.com/jobs/companies/mediform-gmbh/head-of-marketing-b2b-saas-growth-healthcare-start-up-hybrid-karlsruhe-455845'}","{'title': '(Senior) Marketing Manager B2B (m/w/d)', 'job_url': 'https://www.arbeitnow.com/jobs/companies/encosa-energy-gmbh/senior-marketing-manager-b2b-munich-380858'}","{'title': 'Senior Growth Manager', 'job_url': 'https://www.arbeitnow.com/jobs/companies/cello/senior-growth-manager-germany-369744'}","{'title': 'Marketing Manager / Marketing Lead, Global B2B', 'job_url': 'https://www.arbeitnow.com/jobs/companies/brinkdoor-ltd-london-zweigniederlassung-erlenbach-schweiz/marketing-manager-marketing-lead-global-b2b-munich-38139'}"
"{'title': 'Senior E-Commerce Consultant (m/w/d)', 'job_url': 'https://www.arbeitnow.com/jobs/companies/abrio-gmbh/senior-e-commerce-consultant-frankfurt-100726'}","{'title': 'Senior Solutions Consultant', 'job_url': 'https://www.arbeitnow.com/jobs/companies/elliptic/senior-solutions-consultant-frankfurt-374007'}","{'title': 'Senior E-Commerce & Marketing Consultant (m/w/d)', 'job_url': 'https://www.arbeitnow.com/jobs/companies/uplifts-gmbh-shopify-cro-agentur/senior-e-commerce-marketing-consultant-dusseldorf-34948'}","{'title': 'Management Consultant - Senior Consultant - Germany', 'job_url': 'https://www.arbeitnow.com/jobs/companies/efficioconsulting/management-consultant-senior-consultant-germany-dusseldorf-19959'}","{'title': 'Junior Consultant / Senior Consultant (m/w/d)', 'job_url': 'https://www.arbeitnow.com/jobs/companies/vdpconsulting-ag/junior-consultant-senior-consultant-hamburg-159017'}","{'title': 'Senior SAP Integration Consultant', 'job_url': 'https://www.arbeitnow.com/jobs/companies/pertemps-erp/senior-sap-integration-consultant-frankfurt-am-main-106542'}","{'title': '(Senior) E-Commerce Consultant / Account Manager (m/f/d)', 'job_url': 'https://www.arbeitnow.com/jobs/companies/primeup-gmbh/senior-e-commerce-consultant-account-manager-hamburg-171193'}","{'title': 'Consultant / Senior Consultant - Strategy & Data (m/w/d)', 'job_url': 'https://www.arbeitnow.com/jobs/companies/dataclue-gmbh/consultant-senior-consultant-strategy-data-grunwald-124028'}","{'title': '(Senior) Consultant - Fokus Hochbau (w/m/d)', 'job_url': 'https://www.arbeitnow.com/jobs/companies/m2p-consulting-gmbh/senior-consultant-fokus-hochbau-frankfurt-am-main-190256'}"
"{'title': 'Art Director', 'job_url': 'https://www.arbeitnow.com/jobs/companies/jobgether/art-director-germany-374962'}","{'title': 'Art Director (m/w/d) Brand, AI & Packaging', 'job_url': 'https://www.arbeitnow.com/jobs/companies/qstar-gmbh/art-director-brand-ai-packaging-hamburg-93536'}","{'title': 'Art Director / Mediengestalter (m/w/d)', 'job_url': 'https://www.arbeitnow.com/jobs/companies/alias-werbung/art-director-mediengestalter-offenbach-466483'}","{'title': 'Senior Art Director (M/W/D)', 'job_url': 'https://www.arbeitnow.com/jobs/companies/mwd-gmbh-co-kg/senior-art-director-berlin-431389'}","{'title': 'Open Application – Creation', 'job_url': 'https://www.arbeitnow.com/jobs/companies/oval-germany-gmbh/open-application-creation-berlin-464365'}","{'title': 'Senior Art Director - Amazon Visual Content (m/w/d)', 'job_url': 'https://www.arbeitnow.com/jobs/companies/marketplace-maniacs-gmbh/senior-art-director-amazon-visual-content-munich-282001'}","{'title': 'Junior Art Director (m/w/d)', 'job_url': 'https://www.arbeitnow.com/jobs/companies/strachwitzgerhard-next-level-interact/junior-art-director-berlin-457638'}","{'title': 'Staff Product Designer, Enterprise Products', 'job_url': 'https://www.arbeitnow.com/jobs/companies/berlitz/remote-staff-product-designer-enterprise-products-376214'}","{'title': 'Art Director (m/w/d)', 'job_url': 'https://www.arbeitnow.com/jobs/companies/intervideo-filmproduktion-gmbh/art-director-mainz-219209'}"
"{'title': 'Applied ML Engineer', 'job_url': 'https://www.arbeitnow.com/jobs/companies/jobgether/applied-ml-engineer-germany-9103'}","{'title': 'Applied AI Engineer', 'job_url': 'https://www.arbeitnow.com/jobs/companies/nexxaai/applied-ai-engineer-munich-germany-hybrid-131230'}","{'title': 'Applied AI Engineer', 'job_url': 'https://www.arbeitnow.com/jobs/companies/bjak/applied-ai-engineer-germany-121817'}","{'title': 'Applied AI Engineer (m/w/d)', 'job_url': 'https://www.arbeitnow.com/jobs/companies/instatiq/applied-ai-engineer-stuttgart-463743'}","{'title': 'Principal AI/ML Scientist & Engineer', 'job_url': 'https://www.arbeitnow.com/jobs/companies/pipedrive/principal-ai-ml-scientist-engineer-germany-berlin-295398'}","{'title': 'Applied AI Engineer, Codex', 'job_url': 'https://www.arbeitnow.com/jobs/companies/openai/applied-ai-engineer-codex-munich-356526'}","{'title': 'ML Product Engineer', 'job_url': 'https://www.arbeitnow.com/jobs/companies/kausable-gmbh/ml-product-engineer-heidelberg-60723'}","{'title': 'Applied AI Engineer', 'job_url': 'https://www.arbeitnow.com/jobs/companies/moss/applied-ai-engineer-berlin-395031'}","{'title': 'Applied AI Engineer - Remote', 'job_url': 'https://www.arbeitnow.com/jobs/companies/dexter-health/applied-ai-engineer-remote-cologne-460022'}"
"{'title': 'Senior Account Manager- Rental Industry', 'job_url': 'https://www.arbeitnow.com/jobs/companies/huzzle/remote-senior-account-manager-rental-industry-germany-322318'}","{'title': 'Senior Enterprise Architect (Insurance Industry)', 'job_url': 'https://www.arbeitnow.com/jobs/companies/techbiz-global-gmbh/remote-senior-enterprise-architect-insurance-industry-aachen-22513'}","{'title': 'Head of Industry - Retail & CPG', 'job_url': 'https://www.arbeitnow.com/jobs/companies/celonis/head-of-industry-retail-cpg-munich-327080'}","{'title': 'Event Manager (Physical & Digital Formats) – Financial Industry', 'job_url': 'https://www.arbeitnow.com/jobs/companies/solactive-ag/event-manager-physical-digital-formats-financial-industry-frankfurt-am-main-262502'}","{'title': 'EMEA Energy Industry Go-To-Market (GTM) Leader', 'job_url': 'https://www.arbeitnow.com/jobs/companies/databricks/emea-energy-industry-go-to-market-gtm-leader-423228'}","{'title': 'Senior Business Development Manager - New Business, UK & Europe', 'job_url': 'https://www.arbeitnow.com/jobs/companies/valsoft-corp/remote-senior-business-development-manager-new-business-uk-europe-germany-248473'}","{'title': 'Senior Sales Manager', 'job_url': 'https://www.arbeitnow.com/jobs/companies/techbiz-global-gmbh/remote-senior-sales-manager-aachen-38201'}","{'title': 'Business / Industry Co-Founder (F/M/D) Role At Startup Guardsphere', 'job_url': 'https://www.arbeitnow.com/jobs/companies/southwestx/business-industry-co-founder-role-at-startup-guardsphere-saarbrucken-110825'}","{'title': 'Senior Account Executive Public Sector (m/w/d)', 'job_url': 'https://www.arbeitnow.com/jobs/companies/natuvion-gmbh/remote-senior-account-executive-public-sector-berlin-73324'}"
"{'title': 'Senior Berater*in und Programm-Manager*in Kooperationen & Collective Impact (m/w/d)', 'job_url': 'https://www.arbeitnow.com/jobs/companies/phineo/senior-beraterin-und-programm-managerin-kooperationen-collective-impact-berlin-357276'}","{'title': 'Mitarbeiter*in Marketing und Kooperationen', 'job_url': 'https://www.arbeitnow.com/jobs/companies/taynie/mitarbeiterin-marketing-und-kooperationen-wesseling-40299'}","{'title': 'Projektmanager*in Kooperationen', 'job_url': 'https://www.arbeitnow.com/jobs/companies/klub44-ggmbh/projektmanagerin-kooperationen-berlin-44996'}","{'title': 'Data Analytics, Data Science & AI Weiterbildung mit IHK-Abschluss | 100 % Remote', 'job_url': 'https://www.arbeitnow.com/jobs/companies/datasmart-point-gmbh/data-analytics-data-science-ai-weiterbildung-mit-ihk-abschluss-100-remote-berlin-452130'}","{'title': 'Kundenservice Mobilfunk Inbound - Freelancer - EU, außerhalb Deutschland - 100% Remote', 'job_url': 'https://www.arbeitnow.com/jobs/companies/hey-contact-heroes-gmbh/kundenservice-mobilfunk-inbound-freelancer-eu-ausserhalb-deutschland-100-remote-berlin-146674'}","{'title': 'Werkstudent:in Social Media & Kooperationen', 'job_url': 'https://www.arbeitnow.com/jobs/companies/weddyplace/werkstudentin-social-media-kooperationen-berlin-208293'}","{'title': 'Projektmanager Kooperationen & Business Development (m/w/d)', 'job_url': 'https://www.arbeitnow.com/jobs/companies/catharos/projektmanager-kooperationen-business-development-berlin-489896'}","{'title': 'Volontär(in) Kommunikation und PR', 'job_url': 'https://www.arbeitnow.com/jobs/companies/picture-puzzle-medien-gmbh-co-kg/volontarin-kommunikation-und-pr-koln-471641'}","{'title': 'Praktikum im Impact Startup', 'job_url': 'https://www.arbeitnow.com/jobs/companies/fainin-gmbh/praktikum-im-impact-startup-hamburg-194382'}"
"{'title': 'New Business Account Executive', 'job_url': 'https://www.arbeitnow.com/jobs/companies/keyloop/new-business-account-executive-germany-weimar-42245'}","{'title': 'Account Executive – New Business', 'job_url': 'https://www.arbeitnow.com/jobs/companies/fiskaly/account-executive-new-business-berlin-berlin-353654'}","{'title': 'Senior Solutions Engineer, New Business', 'job_url': 'https://www.arbeitnow.com/jobs/companies/redwoodsoftware/senior-solutions-engineer-new-business-71624'}","{'title': 'Senior Business Development Manager - New Business, UK & Europe', 'job_url': 'https://www.arbeitnow.com/jobs/companies/valsoft-corp/remote-senior-business-development-manager-new-business-uk-europe-germany-248473'}","{'title': 'Senior Account Manager - New Business', 'job_url': 'https://www.arbeitnow.com/jobs/companies/ambrosys/senior-account-manager-new-business-potsdam-hybrid-304097'}","{'title': 'Founding Account Executive, New Business', 'job_url': 'https://www.arbeitnow.com/jobs/companies/fyxer/remote-founding-account-executive-new-business-100736'}","{'title': 'Business Development Representative', 'job_url': 'https://www.arbeitnow.com/jobs/companies/zip/business-development-representative-munich-77234'}","{'title': 'Senior Enterprise Account Executive - New Business', 'job_url': 'https://www.arbeitnow.com/jobs/companies/jetbrains/remote-senior-enterprise-account-executive-new-business-54601'}","{'title': 'Account Executive – Full-Cycle, New Business (m/f/d)', 'job_url': 'https://www.arbeitnow.com/jobs/companies/mute-labs-gmbh/account-executive-full-cycle-new-business-berlin-292964'}"
"{'title': 'Forward Deployed Engineer', 'job_url': 'https://www.arbeitnow.com/jobs/companies/veo/forward-deployed-engineer-berlin-office-331632'}","{'title': 'Forward Deployed Engineer', 'job_url': 'https://www.arbeitnow.com/jobs/companies/taktile/forward-deployed-engineer-berlin-287440'}","{'title': 'Forward Deployed Engineer', 'job_url': 'https://www.arbeitnow.com/jobs/companies/zauber-technology-gmbh/forward-deployed-engineer-berlin-236942'}","{'title': 'Forward Deployed Engineer', 'job_url': 'https://www.arbeitnow.com/jobs/companies/banyansoftware/forward-deployed-engineer-berlin-berlin-107721'}","{'title': 'Forward Deployed Engineer', 'job_url': 'https://www.arbeitnow.com/jobs/companies/cloudfactory/forward-deployed-engineer-berlin-99601'}","{'title': 'Lead Forward Deployed Engineer', 'job_url': 'https://www.arbeitnow.com/jobs/companies/taktile/lead-forward-deployed-engineer-berlin-56217'}","{'title': 'Forward Deployed Engineer', 'job_url': 'https://www.arbeitnow.com/jobs/companies/anthropic/forward-deployed-engineer-munich-370247'}","{'title': 'Senior Forward Deployed Engineer', 'job_url': 'https://www.arbeitnow.com/jobs/companies/taktile/senior-forward-deployed-engineer-berlin-468439'}","{'title': 'Forward Deployed Engineer - Germany', 'job_url': 'https://www.arbeitnow.com/jobs/companies/neuralconcept/forward-deployed-engineer-germany-munich-408950'}"
"{'title': 'Bilanzbuchhalter:in (w/m/d)', 'job_url': 'https://www.arbeitnow.com/jobs/companies/skalar/bilanzbuchhalterin-munich-477689'}",,,,,,,,
"{'title': 'Senior Product Manager (m/w/d)', 'job_url': 'https://www.arbeitnow.com/jobs/companies/skalar/senior-product-manager-munich-292930'}","{'title': 'Senior Engineering Manager, Product Engineering', 'job_url': 'https://www.arbeitnow.com/jobs/companies/secfix/senior-engineering-manager-product-engineering-munich-25216'}","{'title': '(Senior) Product Manager (m/w/d)', 'job_url': 'https://www.arbeitnow.com/jobs/companies/encosa-energy-gmbh/senior-product-manager-munich-119534'}","{'title': 'Senior Frontend Engineer - React', 'job_url': 'https://www.arbeitnow.com/jobs/companies/researchgate/senior-frontend-engineer-react-berlin-53197'}","{'title': '(Senior) Technical Project Manager', 'job_url': 'https://www.arbeitnow.com/jobs/companies/omegga/senior-technical-project-manager-munich-167943'}","{'title': '(Senior) Global Product & Brand Manager (m/w/d) | Hair Professional', 'job_url': 'https://www.arbeitnow.com/jobs/companies/new-flag-gmbh/senior-global-product-brand-manager-hair-professional-munich-194212'}","{'title': 'Senior Information Security Manager (EU Sovereignty)', 'job_url': 'https://www.arbeitnow.com/jobs/companies/deepl/senior-information-security-manager-eu-sovereignty-munich-247497'}","{'title': '(Senior) Produkt Manager (m/w/d)', 'job_url': 'https://www.arbeitnow.com/jobs/companies/finway/senior-produkt-manager-munich-de-416543'}","{'title': 'Senior Product Manager (f/m/x)', 'job_url': 'https://www.arbeitnow.com/jobs/companies/alago/senior-product-manager-munich-365431'}"
"{'title': 'GTM Intern - New Products (AI x Greentech) (m/f/d)', 'job_url': 'https://www.arbeitnow.com/jobs/companies/reonic/gtm-intern-new-products-ai-x-greentech-berlin-48318'}","{'title': 'GTM Internship', 'job_url': 'https://www.arbeitnow.com/jobs/companies/peec-ai/gtm-internship-berlin-331254'}","{'title': 'GTM Enablement Intern', 'job_url': 'https://www.arbeitnow.com/jobs/companies/peec-ai/gtm-enablement-intern-berlin-204344'}","{'title': 'Visiting GTM Fellow (Intern)', 'job_url': 'https://www.arbeitnow.com/jobs/companies/lyceum/visiting-gtm-fellow-intern-berlin-229439'}","{'title': 'GTM - Intern (Sales)', 'job_url': 'https://www.arbeitnow.com/jobs/companies/comstruct-ict/gtm-intern-sales-munich-318261'}","{'title': 'GTM UK · Intern / Working Student', 'job_url': 'https://www.arbeitnow.com/jobs/companies/autarcenergy/gtm-uk-intern-working-student-berlin-171909'}","{'title': 'Head of GTM Systems & AI (m/f/d)', 'job_url': 'https://www.arbeitnow.com/jobs/companies/360learning/remote-head-of-gtm-systems-ai-294580'}","{'title': 'GTM AI Engineer (m/f/d)', 'job_url': 'https://www.arbeitnow.com/jobs/companies/moonfare/gtm-ai-engineer-berlin-100743'}","{'title': 'Internship Product Management Energy Products & Tariffs (m/f/d)', 'job_url': 'https://www.arbeitnow.com/jobs/companies/1komma50/internship-product-management-energy-products-tariffs-berlin-219539'}"
"{'title': 'First Hire GTM - New Products (AI x Greentech) (m/f/d)', 'job_url': 'https://www.arbeitnow.com/jobs/companies/reonic/first-hire-gtm-new-products-ai-x-greentech-berlin-465046'}","{'title': 'GTM AI Engineer (m/f/d)', 'job_url': 'https://www.arbeitnow.com/jobs/companies/moonfare/gtm-ai-engineer-berlin-100743'}","{'title': 'Head of GTM Systems & AI (m/f/d)', 'job_url': 'https://www.arbeitnow.com/jobs/companies/360learning/remote-head-of-gtm-systems-ai-294580'}","{'title': 'Content Marketer (f/m/x) - AI-First', 'job_url': 'https://www.arbeitnow.com/jobs/companies/doinstruct/content-marketer-ai-first-berlin-257961'}","{'title': 'Marketing - First Hire (m/f/d), German Speaking', 'job_url': 'https://www.arbeitnow.com/jobs/companies/naroiq/marketing-first-hire-german-speaking-berlin-88185'}","{'title': 'Founding GTM @ Embedded AI Efficiency Layer, Berlin', 'job_url': 'https://www.arbeitnow.com/jobs/companies/atlanticvc/founding-gtm-at-embedded-ai-efficiency-layer-berlin-416157'}","{'title': 'Senior GTM Systems AI and Automation Engineer', 'job_url': 'https://www.arbeitnow.com/jobs/companies/camunda/remote-senior-gtm-systems-ai-and-automation-engineer-43415'}","{'title': 'Senior GTM Engineer', 'job_url': 'https://www.arbeitnow.com/jobs/companies/gtm-base/senior-gtm-engineer-berlin-78655'}","{'title': 'GTM Enablement Intern', 'job_url': 'https://www.arbeitnow.com/jobs/companies/peec-ai/gtm-enablement-intern-berlin-204344'}"
"{'title': 'Growth Product Manager - Italy (AI x Greentech) (m/f/d)', 'job_url': 'https://www.arbeitnow.com/jobs/companies/reonic/growth-product-manager-italy-ai-x-greentech-berlin-467649'}","{'title': 'Key Account Manager Italy - Focus Business Development (all genders)', 'job_url': 'https://www.arbeitnow.com/jobs/companies/glow25/remote-key-account-manager-italy-focus-business-development-all-genders-155987'}","{'title': 'Growth Manager (AI x Renewables)', 'job_url': 'https://www.arbeitnow.com/jobs/companies/autarcenergy/growth-manager-ai-x-renewables-berlin-342548'}","{'title': 'Growth manager (JetBrains AI)', 'job_url': 'https://www.arbeitnow.com/jobs/companies/jetbrains/growth-manager-jetbrains-ai-berlin-munich-126444'}","{'title': 'Enterprise Technical Account Executive - m/f/d - Italy', 'job_url': 'https://www.arbeitnow.com/jobs/companies/langdock/enterprise-technical-account-executive-italy-berlin-348446'}","{'title': 'Sr Growth Marketer (f/m/x)', 'job_url': 'https://www.arbeitnow.com/jobs/companies/doinstruct/sr-growth-marketer-berlin-82106'}","{'title': 'Product Engineer (Growth) // AI Music Video Platform', 'job_url': 'https://www.arbeitnow.com/jobs/companies/neural-frames/product-engineer-growth-ai-music-video-platform-berlin-86165'}","{'title': 'Commercial Lead Portfolio Growth (m/f/d)', 'job_url': 'https://www.arbeitnow.com/jobs/companies/buena/growth-marketing-lead-berlin-162310'}","{'title': 'Senior Product Manager – Growth & Acquisition (f/m/d)', 'job_url': 'https://www.arbeitnow.com/jobs/companies/liqid-lig/senior-product-manager-growth-acquisition-berlin-102968'}"
"{'title': 'Growth Product Manager - UK (AI x Greentech) (m/f/d)', 'job_url': 'https://www.arbeitnow.com/jobs/companies/reonic/growth-product-manager-uk-ai-x-greentech-berlin-12354'}","{'title': 'Country Manager UK (m/w/d)', 'job_url': 'https://www.arbeitnow.com/jobs/companies/syte-gmbh/country-manager-uk-munster-327601'}","{'title': '(Senior) Key Account Manager - UK Market', 'job_url': 'https://www.arbeitnow.com/jobs/companies/airup/senior-key-account-manager-uk-market-265535'}","{'title': 'Senior Category Manager, Womenswear UK/EU', 'job_url': 'https://www.arbeitnow.com/jobs/companies/quince/senior-category-manager-womenswear-uk-eu-411447'}","{'title': 'Outbound Sales · UK · Intern / Working Student', 'job_url': 'https://www.arbeitnow.com/jobs/companies/autarcenergy/outbound-sales-uk-intern-working-student-berlin-300162'}","{'title': 'GTM UK · Intern / Working Student', 'job_url': 'https://www.arbeitnow.com/jobs/companies/autarcenergy/gtm-uk-intern-working-student-berlin-171909'}","{'title': 'Senior Business Development Manager - New Business, UK & Europe', 'job_url': 'https://www.arbeitnow.com/jobs/companies/valsoft-corp/remote-senior-business-development-manager-new-business-uk-europe-germany-248473'}","{'title': 'Growth Manager (AI x Renewables)', 'job_url': 'https://www.arbeitnow.com/jobs/companies/autarcenergy/growth-manager-ai-x-renewables-berlin-342548'}","{'title': 'Growth manager (JetBrains AI)', 'job_url': 'https://www.arbeitnow.com/jobs/companies/jetbrains/growth-manager-jetbrains-ai-berlin-munich-126444'}"
"{'title': 'Software Engineering Intern (AI x Greentech) (m/f/d)', 'job_url': 'https://www.arbeitnow.com/jobs/companies/reonic/software-engineering-intern-ai-x-greentech-berlin-214362'}","{'title': 'Software Engineering Internship (3 Months)', 'job_url': 'https://www.arbeitnow.com/jobs/companies/minutes-90/software-engineering-internship-3-months-buchloe-36221'}","{'title': 'Internship', 'job_url': 'https://www.arbeitnow.com/jobs/companies/nomos/internship-berlin-434979'}","{'title': 'Internship - Success Architect', 'job_url': 'https://www.arbeitnow.com/jobs/companies/telli/internship-success-architect-berlin-344942'}","{'title': 'Internship - Deployment Strategist', 'job_url': 'https://www.arbeitnow.com/jobs/companies/telli/internship-deployment-strategist-berlin-108929'}","{'title': 'Internship - Strategy & BizOps', 'job_url': 'https://www.arbeitnow.com/jobs/companies/telli/internship-strategy-bizops-berlin-76558'}","{'title': ""Internship - Founders' Office"", 'job_url': 'https://www.arbeitnow.com/jobs/companies/telli/internship-founders-office-berlin-204572'}","{'title': 'Talent Marketing Internship', 'job_url': 'https://www.arbeitnow.com/jobs/companies/andercore/talent-marketing-internship-berlin-217056'}","{'title': 'GTM Internship', 'job_url': 'https://www.arbeitnow.com/jobs/companies/peec-ai/gtm-internship-berlin-331254'}"
"{'title': 'Expert Hardware Test Engineer (f/m/d)', 'job_url': 'https://www.arbeitnow.com/jobs/companies/orbem/expert-hardware-test-engineer-munich-307127'}","{'title': '(Senior) Electronics Engineer, Hardware & Firmware (f/m/d)', 'job_url': 'https://www.arbeitnow.com/jobs/companies/tactiliarobotics/senior-electronics-engineer-hardware-firmware-munich-12309'}","{'title': 'Senior Platform & Hardware Applications Engineer (f/m/d)', 'job_url': 'https://www.arbeitnow.com/jobs/companies/black-semiconductor-gmbh/senior-platform-hardware-applications-engineer-aachen-423311'}","{'title': 'Working Student (m/f/d) – Hardware Testing & Validation', 'job_url': 'https://www.arbeitnow.com/jobs/companies/robco/working-student-hardware-testing-validation-munich-268805'}","{'title': 'Technical Lead Autonomy Hardware (m/f/d)', 'job_url': 'https://www.arbeitnow.com/jobs/companies/quantum-systems-gmbh/technical-lead-autonomy-hardware-munchen-139857'}","{'title': 'Senior Avionics Hardware Engineer (m/f/d)', 'job_url': 'https://www.arbeitnow.com/jobs/companies/isaraerospace/senior-avionics-hardware-engineer-ottobrunn-bavaria-129132'}","{'title': 'Senior Embedded Software Engineer- Hardware', 'job_url': 'https://www.arbeitnow.com/jobs/companies/sumup/senior-embedded-software-engineer-hardware-berlin-235398'}","{'title': 'Senior Hardware Compute Architect (f/m/d)', 'job_url': 'https://www.arbeitnow.com/jobs/companies/black-semiconductor-gmbh/senior-hardware-compute-architect-aachen-70422'}","{'title': 'Senior Embedded Software Engineer- Hardware', 'job_url': 'https://www.arbeitnow.com/jobs/companies/sumup/senior-embedded-software-engineer-hardware-berlin-470158'}"
"{'title': 'Senior Director of Product (f/m/d)', 'job_url': 'https://www.arbeitnow.com/jobs/companies/orbem/senior-director-of-product-munich-193471'}","{'title': '(Senior) Product Manager (m/f/x)', 'job_url': 'https://www.arbeitnow.com/jobs/companies/progyny-global/senior-product-manager-berlin-427251'}","{'title': '(Senior) Product Designer (m/f/d)', 'job_url': 'https://www.arbeitnow.com/jobs/companies/dataguard/senior-product-designer-munich-341319'}","{'title': 'Senior Product Manager (f/m/d)', 'job_url': 'https://www.arbeitnow.com/jobs/companies/zenjob/senior-product-manager-berlin-251220'}","{'title': 'Senior Product Manager (f/m/x)', 'job_url': 'https://www.arbeitnow.com/jobs/companies/alago/senior-product-manager-munich-365431'}","{'title': 'Senior Platform Engineer (m/f/d)', 'job_url': 'https://www.arbeitnow.com/jobs/companies/autoscout24/senior-platform-engineer-310177'}","{'title': 'Senior Software Engineer (m/f/x)', 'job_url': 'https://www.arbeitnow.com/jobs/companies/eye-security/senior-software-engineer-berlin-21104'}","{'title': '(Senior) Design System Engineer (f/m/d)', 'job_url': 'https://www.arbeitnow.com/jobs/companies/zeal-network/senior-design-system-engineer-hamburg-354077'}","{'title': 'Senior Product Operations Manager (m/f/d)', 'job_url': 'https://www.arbeitnow.com/jobs/companies/berlitz/remote-senior-product-operations-manager-56491'}"
"{'title': 'Principal of Information Security (f/m/d)', 'job_url': 'https://www.arbeitnow.com/jobs/companies/orbem/principal-of-information-security-munich-347765'}","{'title': 'Principal Information Security Manager - remote working within Germany', 'job_url': 'https://www.arbeitnow.com/jobs/companies/staffbase/principal-information-security-manager-remote-working-within-germany-234823'}","{'title': 'Principal Security Engineer', 'job_url': 'https://www.arbeitnow.com/jobs/companies/pipedrive/principal-security-engineer-germany-berlin-458235'}","{'title': 'Information Security & Compliance Officer (f/m/d)', 'job_url': 'https://www.arbeitnow.com/jobs/companies/spread-gmbh/information-security-compliance-officer-berlin-427881'}","{'title': '(Senior) Information Security Officer (German)', 'job_url': 'https://www.arbeitnow.com/jobs/companies/hawk/senior-information-security-officer-german-munich-259447'}","{'title': 'Junior Consultant Information Security (m/f/d)', 'job_url': 'https://www.arbeitnow.com/jobs/companies/dataguard/junior-consultant-information-security-munich-71440'}","{'title': 'Information Security Lead', 'job_url': 'https://www.arbeitnow.com/jobs/companies/secfix/information-security-lead-berlin-385700'}","{'title': 'Information Security / Resilience Manager (m/w/d)', 'job_url': 'https://www.arbeitnow.com/jobs/companies/nviso/information-security-resilience-manager-munich-85105'}","{'title': 'Principal Engineer, Product Security (m/f/x)', 'job_url': 'https://www.arbeitnow.com/jobs/companies/commercetools/principal-engineer-product-security-munchen-bayern-353065'}"
"{'title': 'Sales Manager (w/m/d) Außendienst - Rhein-Main-Gebiet', 'job_url': 'https://www.arbeitnow.com/jobs/companies/salonkee/sales-manager-aussendienst-rhein-main-gebiet-frankfurt-452262'}","{'title': 'Account Executive (x/f/m) Außendienst', 'job_url': 'https://www.arbeitnow.com/jobs/companies/doctolib/account-executive-aussendienst-343015'}","{'title': 'Regional Sales Manager - DACH', 'job_url': 'https://www.arbeitnow.com/jobs/companies/elliptic/regional-sales-manager-dach-frankfurt-90824'}","{'title': 'Sales Manager Cybersecurity (m/w/d)', 'job_url': 'https://www.arbeitnow.com/jobs/companies/nomios/sales-manager-cybersecurity-frankfurt-am-main-305981'}","{'title': 'Werkstudent (m/w/d) Sales & Business Development (apeiron)', 'job_url': 'https://www.arbeitnow.com/jobs/companies/ginmon-gmbh/werkstudent-sales-business-development-apeiron-frankfurt-477135'}","{'title': 'Werkstudent (m/w/d) Sales & Business Development (apeiron)', 'job_url': 'https://www.arbeitnow.com/jobs/companies/ginmon-gmbh/werkstudent-sales-business-development-apeiron-frankfurt-344296'}","{'title': 'Enterprise Account Executive - German Speaking', 'job_url': 'https://www.arbeitnow.com/jobs/companies/elliptic/enterprise-account-executive-german-speaking-frankfurt-192991'}","{'title': 'Sales Manager Cybersecurity (m/w/d)', 'job_url': 'https://www.arbeitnow.com/jobs/companies/nomios/sales-manager-cybersecurity-frankfurt-am-main-496474'}","{'title': 'Senior Solution Sales Manager - m/f/d (R-19497)', 'job_url': 'https://www.arbeitnow.com/jobs/companies/dnb/senior-solution-sales-manager-r-19497-frankfurt-germany-18249'}"
"{'title': 'Sales Development Representative (German Speaking)', 'job_url': 'https://www.arbeitnow.com/jobs/companies/sanity/remote-sales-development-representative-german-speaking-153392'}","{'title': 'Senior Sales Development Representative (m/f/x) - German Speaking', 'job_url': 'https://www.arbeitnow.com/jobs/companies/demoup-cliplister/senior-sales-development-representative-german-speaking-berlin-8656'}","{'title': 'Sales Development Representative  (German Speaking)', 'job_url': 'https://www.arbeitnow.com/jobs/companies/harvey/sales-development-representative-german-speaking-munich-474199'}","{'title': 'Sales Development Representative - German Speaking (Relocation to Barcelona)', 'job_url': 'https://www.arbeitnow.com/jobs/companies/perk/sales-development-representative-german-speaking-relocation-to-barcelona-berlin-374343'}","{'title': 'B2B Sales Executive (German-speaking)', 'job_url': 'https://www.arbeitnow.com/jobs/companies/the-global-talent-co/b2b-sales-executive-german-speaking-berlin-463091'}","{'title': 'B2B Sales Executive (German-Speaking)', 'job_url': 'https://www.arbeitnow.com/jobs/companies/the-global-talent-co/b2b-sales-executive-german-speaking-berlin-391670'}","{'title': 'Sales Development Representative', 'job_url': 'https://www.arbeitnow.com/jobs/companies/peec-ai/sales-development-representative-berlin-214641'}","{'title': 'Sales Director (German-speaking)', 'job_url': 'https://www.arbeitnow.com/jobs/companies/the-global-talent-co/sales-director-german-speaking-berlin-406680'}","{'title': 'Sales Development Representative', 'job_url': 'https://www.arbeitnow.com/jobs/companies/onhires/sales-development-representative-germany-378839'}"
"{'title': 'Senior Software Developer - Java (all genders)', 'job_url': 'https://www.arbeitnow.com/jobs/companies/lightspeedhq/senior-software-developer-java-all-genders-berlin-93696'}","{'title': 'Senior Java Software Engineer', 'job_url': 'https://www.arbeitnow.com/jobs/companies/1global/senior-java-software-engineer-berlin-1939'}","{'title': 'Senior Java Backend Developer (m/w/d)', 'job_url': 'https://www.arbeitnow.com/jobs/companies/virtual7-gmbh/senior-java-backend-developer-karlsruhe-273491'}","{'title': 'Senior Java Fullstack Developer (m/w/d)', 'job_url': 'https://www.arbeitnow.com/jobs/companies/virtual7-gmbh/senior-java-fullstack-developer-hamburg-471534'}","{'title': 'Beratender Senior Java Entwickler (m/w/d)', 'job_url': 'https://www.arbeitnow.com/jobs/companies/mitblick-ag/beratender-senior-java-entwickler-stuttgart-87399'}","{'title': 'Senior Java Fullstack Entwickler (m/w/d) für Brandenburg, Braunschweig, Berlin', 'job_url': 'https://www.arbeitnow.com/jobs/companies/hyplus-technology-gmbh/senior-java-fullstack-entwickler-fur-brandenburg-braunschweig-berlin-brunswick-476805'}","{'title': 'Senior Java/Angular Fullstack Developer (m/w/d)', 'job_url': 'https://www.arbeitnow.com/jobs/companies/fastrocket-gmbh/senior-java-angular-fullstack-developer-regen-200015'}","{'title': 'Senior Java Fullstack Developer (m/w/d)', 'job_url': 'https://www.arbeitnow.com/jobs/companies/virtual7-gmbh/senior-java-fullstack-developer-hamburg-483640'}","{'title': 'Java Full Stack Developer (m/f/d)', 'job_url': 'https://www.arbeitnow.com/jobs/companies/epay/java-full-stack-developer-martinsried-85702'}"
"{'title': 'Initiativbewerbung Werkstudent:in Softwareentwicklung (m/w/d) - Karlsruhe', 'job_url': 'https://www.arbeitnow.com/jobs/companies/knuddels-gmbh-co-kg/remote-initiativbewerbung-werkstudentin-softwareentwicklung-karlsruhe-187707'}","{'title': 'Initiativbewerbung (m/w/d)', 'job_url': 'https://www.arbeitnow.com/jobs/companies/nitrado-marbis-gmbh/initiativbewerbung-berlin-40163'}","{'title': 'Initiativbewerbung', 'job_url': 'https://www.arbeitnow.com/jobs/companies/leafworks-gmbh/initiativbewerbung-berlin-119215'}","{'title': 'Initiativbewerbung', 'job_url': 'https://www.arbeitnow.com/jobs/companies/intermate-media-gmbh/initiativbewerbung-berlin-62262'}","{'title': 'Initiativbewerbung und Praktikumsstelle', 'job_url': 'https://www.arbeitnow.com/jobs/companies/nt-neue-technologie-ag/initiativbewerbung-und-praktikumsstelle-erfurt-413263'}","{'title': 'Vertriebsunterstützer Gewerbekundenberatung (m/w/d)  am Standort Karlsruhe', 'job_url': 'https://www.arbeitnow.com/jobs/companies/sparkasse-karlsruhe/vertriebsunterstutzer-gewerbekundenberatung-am-standort-karlsruhe-328773'}","{'title': 'Initiativbewerbung', 'job_url': 'https://www.arbeitnow.com/jobs/companies/nettrek-gmbh-co-kg/initiativbewerbung-dorsten-301021'}","{'title': 'Initiativbewerbung', 'job_url': 'https://www.arbeitnow.com/jobs/companies/ewerk-group/initiativbewerbung-leipzig-75490'}","{'title': 'Initiativbewerbung', 'job_url': 'https://www.arbeitnow.com/jobs/companies/tippingpoints-gmbh/initiativbewerbung-bonn-138235'}"
"{'title': 'Werkstudent:in Automation, KI & Prozessmanagement (m/w/d) - remote oder Karlsruhe', 'job_url': 'https://www.arbeitnow.com/jobs/companies/knuddels-gmbh-co-kg/werkstudentin-automation-ki-prozessmanagement-remote-oder-karlsruhe-481745'}","{'title': 'Kundenservice Mobilfunk Inbound - Freelancer - EU, außerhalb Deutschland - 100% Remote', 'job_url': 'https://www.arbeitnow.com/jobs/companies/hey-contact-heroes-gmbh/kundenservice-mobilfunk-inbound-freelancer-eu-ausserhalb-deutschland-100-remote-berlin-146674'}","{'title': 'Social Media & KI-Automation Manager (m/w/d) - 100% Remote, Vollzeit | Start: ab sofort', 'job_url': 'https://www.arbeitnow.com/jobs/companies/endo-health-gmbh/social-media-ki-automation-manager-100-remote-vollzeit-start-ab-sofort-chemnitz-238743'}","{'title': 'Data Analytics, Data Science & AI Weiterbildung mit IHK-Abschluss | 100 % Remote', 'job_url': 'https://www.arbeitnow.com/jobs/companies/datasmart-point-gmbh/data-analytics-data-science-ai-weiterbildung-mit-ihk-abschluss-100-remote-berlin-452130'}","{'title': 'Automation Operations Lead (m/w/d)', 'job_url': 'https://www.arbeitnow.com/jobs/companies/ecoturn-gmbh/automation-operations-lead-munich-342596'}","{'title': 'Praktikant:in KI-gestützte Produktentwicklung Bahnbranche (m/w/d)', 'job_url': 'https://www.arbeitnow.com/jobs/companies/aicorn-gmbh/praktikantin-ki-gestutzte-produktentwicklung-bahnbranche-karlsruhe-335038'}","{'title': 'KI Automation & Content Builder (m/w/d)', 'job_url': 'https://www.arbeitnow.com/jobs/companies/meetergo-gmbh/ki-automation-content-builder-cologne-270474'}","{'title': 'Finance & AI Automation Intern (Remote Full-time)', 'job_url': 'https://www.arbeitnow.com/jobs/companies/soda-data-nv/finance-ai-automation-intern-remote-full-time-germany-308319'}","{'title': 'Finance & AI Automation Intern (Remote Part-time)', 'job_url': 'https://www.arbeitnow.com/jobs/companies/soda-data-nv/finance-ai-automation-intern-remote-part-time-germany-30155'}"
"{'title': 'Senior Data Scientist (m/w/d) mit Führungsverantwortung - remote oder Karlsruhe', 'job_url': 'https://www.arbeitnow.com/jobs/companies/knuddels-gmbh-co-kg/senior-data-scientist-mit-fuhrungsverantwortung-remote-oder-karlsruhe-120481'}","{'title': 'Data Analytics, Data Science & AI Weiterbildung mit IHK-Abschluss | 100 % Remote', 'job_url': 'https://www.arbeitnow.com/jobs/companies/datasmart-point-gmbh/data-analytics-data-science-ai-weiterbildung-mit-ihk-abschluss-100-remote-berlin-452130'}","{'title': 'Kundenservice Mobilfunk Inbound - Freelancer - EU, außerhalb Deutschland - 100% Remote', 'job_url': 'https://www.arbeitnow.com/jobs/companies/hey-contact-heroes-gmbh/kundenservice-mobilfunk-inbound-freelancer-eu-ausserhalb-deutschland-100-remote-berlin-146674'}","{'title': 'Senior Bauleiter (m/w/d) Hochbau in Stuttgart oder Karlsruhe', 'job_url': 'https://www.arbeitnow.com/jobs/companies/skalbach-gmbh/senior-bauleiter-hochbau-in-stuttgart-oder-karlsruhe-98380'}","{'title': 'Vertriebsunterstützer Gewerbekundenberatung (m/w/d)  am Standort Karlsruhe', 'job_url': 'https://www.arbeitnow.com/jobs/companies/sparkasse-karlsruhe/vertriebsunterstutzer-gewerbekundenberatung-am-standort-karlsruhe-328773'}","{'title': 'Projektleiter Energiecontracting (m/w/d) am Standort Karlsruhe oder Berlin', 'job_url': 'https://www.arbeitnow.com/jobs/companies/calefacto-gmbh/projektleiter-energiecontracting-am-standort-karlsruhe-oder-berlin-243421'}","{'title': 'Senior Bauleiter (m/w/d) - Stuttgart, München, Karlsruhe', 'job_url': 'https://www.arbeitnow.com/jobs/companies/skalbach-gmbh/senior-bauleiter-stuttgart-munchen-karlsruhe-247947'}","{'title': 'Senior Bauleiter (m/w/d) Ingenieurbau – Stuttgart / Karlsruhe', 'job_url': 'https://www.arbeitnow.com/jobs/companies/skalbach-gmbh/senior-bauleiter-ingenieurbau-stuttgart-karlsruhe-377365'}","{'title': 'Werkstudent Automatisierung mit KI und LowCode Tools  18€ / Remote', 'job_url': 'https://www.arbeitnow.com/jobs/companies/it-beratung-d-meyer-talentplatzde/werkstudent-automatisierung-mit-ki-und-lowcode-tools-18eur-remote-essen-419683'}"
"{'title': 'Senior Data Scientist (m/w/d) mit Führungsverantwortung in Teilzeit - remote oder Karlsruhe', 'job_url': 'https://www.arbeitnow.com/jobs/companies/knuddels-gmbh-co-kg/senior-data-scientist-mit-fuhrungsverantwortung-in-teilzeit-remote-oder-karlsruhe-236374'}","{'title': 'Data Analytics, Data Science & AI Weiterbildung mit IHK-Abschluss | 100 % Remote', 'job_url': 'https://www.arbeitnow.com/jobs/companies/datasmart-point-gmbh/data-analytics-data-science-ai-weiterbildung-mit-ihk-abschluss-100-remote-berlin-452130'}","{'title': 'Kundenservice Mobilfunk Inbound - Freelancer - EU, außerhalb Deutschland - 100% Remote', 'job_url': 'https://www.arbeitnow.com/jobs/companies/hey-contact-heroes-gmbh/kundenservice-mobilfunk-inbound-freelancer-eu-ausserhalb-deutschland-100-remote-berlin-146674'}","{'title': 'Senior Bauleiter (m/w/d) Hochbau in Stuttgart oder Karlsruhe', 'job_url': 'https://www.arbeitnow.com/jobs/companies/skalbach-gmbh/senior-bauleiter-hochbau-in-stuttgart-oder-karlsruhe-98380'}","{'title': 'Online Marketing Assistenz (m/w/d) Teilzeit - remote oder hybrid', 'job_url': 'https://www.arbeitnow.com/jobs/companies/logbuch-verlag-gmbh/online-marketing-assistenz-teilzeit-remote-oder-hybrid-tegernheim-46912'}","{'title': 'IT - Administrator:in (Vollzeit oder Teilzeit), HO möglich', 'job_url': 'https://www.arbeitnow.com/jobs/companies/ebi-computerlosungen/it-administratorin-vollzeit-oder-teilzeit-ho-moglich-karlsruhe-432665'}","{'title': 'Kaufm. Sachbearbeiter (m/w/d) mit Schwerpunkt Buchhaltung in Vollzeit oder Teilzeit', 'job_url': 'https://www.arbeitnow.com/jobs/companies/kk-petfood-gmbh/kaufm-sachbearbeiter-mit-schwerpunkt-buchhaltung-in-vollzeit-oder-teilzeit-perleberg-122246'}","{'title': 'Steuerfachangestellte(r) in Voll- oder Teilzeit', 'job_url': 'https://www.arbeitnow.com/jobs/companies/meerkamp-steuerberatungsgesellschaft-mbh/steuerfachangestellter-in-voll-oder-teilzeit-mulheim-91558'}","{'title': 'Projektmanager (m/w/d) - Remote oder Büro', 'job_url': 'https://www.arbeitnow.com/jobs/companies/kaulartz-office/projektmanager-remote-oder-buro-kall-6992'}"
"{'title': 'Softwaretester Online Spiele (m/w/d)', 'job_url': 'https://www.arbeitnow.com/jobs/companies/cipsoft-gmbh/softwaretester-online-spiele-regensburg-1353'}","{'title': 'Data Analytics, Data Science & AI Weiterbildung mit IHK-Abschluss | 100 % Remote', 'job_url': 'https://www.arbeitnow.com/jobs/companies/datasmart-point-gmbh/data-analytics-data-science-ai-weiterbildung-mit-ihk-abschluss-100-remote-berlin-452130'}","{'title': 'Softwaretester (m/w/d)', 'job_url': 'https://www.arbeitnow.com/jobs/companies/systhemis-ag/softwaretester-wurzburg-61302'}","{'title': 'Softwaretester*in Testautomatisierung (m/w/d)', 'job_url': 'https://www.arbeitnow.com/jobs/companies/iti/softwaretesterin-testautomatisierung-berlin-6525'}","{'title': 'Fachlicher Softwaretester (m/w/d) Bankanwendungen', 'job_url': 'https://www.arbeitnow.com/jobs/companies/cpu-consulting-software-gmbh/fachlicher-softwaretester-bankanwendungen-karlsruhe-385783'}","{'title': 'Fachlicher Softwaretester (m/w/d) Bankanwendungen', 'job_url': 'https://www.arbeitnow.com/jobs/companies/cpu-consulting-software-gmbh/fachlicher-softwaretester-bankanwendungen-munich-347230'}","{'title': 'Softwaretester (m/w/d) – Healthcare SaaS', 'job_url': 'https://www.arbeitnow.com/jobs/companies/dmrz/softwaretester-healthcare-saas-dusseldorf-463967'}","{'title': 'Werkstudent Softwaretester & Quality Assurance (m/w/d) TruckScout24', 'job_url': 'https://www.arbeitnow.com/jobs/companies/truckscout24/werkstudent-softwaretester-quality-assurance-truckscout24-essen-195016'}","{'title': 'QA Engineer/Softwaretester Automotive-Software (m/w/d)', 'job_url': 'https://www.arbeitnow.com/jobs/companies/bwsolution-gmbh/qa-engineer-softwaretester-automotive-software-hamburg-451494'}"
"{'title': 'Account Executive, Enterprise', 'job_url': 'https://www.arbeitnow.com/jobs/companies/creatio/account-executive-enterprise-munich-86871'}","{'title': 'Enterprise Account Executive', 'job_url': 'https://www.arbeitnow.com/jobs/companies/blp-digital-ag/enterprise-account-executive-munich-378901'}","{'title': 'Applied AI Engineer, Enterprise', 'job_url': 'https://www.arbeitnow.com/jobs/companies/anthropic/applied-ai-engineer-enterprise-munich-284302'}","{'title': 'Account Executive, Enterprise', 'job_url': 'https://www.arbeitnow.com/jobs/companies/flexport/account-executive-enterprise-264244'}","{'title': 'Enterprise Account Executive - Dach', 'job_url': 'https://www.arbeitnow.com/jobs/companies/mondaycom/enterprise-account-executive-dach-munich-269410'}","{'title': 'Senior Enterprise Account Executive', 'job_url': 'https://www.arbeitnow.com/jobs/companies/blp-digital-ag/senior-enterprise-account-executive-munich-422830'}","{'title': 'Account Executive, Enterprise Sales - DACH', 'job_url': 'https://www.arbeitnow.com/jobs/companies/pendo/account-executive-enterprise-sales-dach-munich-37910'}","{'title': 'Account Executive - Enterprise - DACH', 'job_url': 'https://www.arbeitnow.com/jobs/companies/wordsmith/account-executive-enterprise-dach-munich-206405'}","{'title': 'Enterprise Architect Director', 'job_url': 'https://www.arbeitnow.com/jobs/companies/celonis/enterprise-architect-director-munich-111182'}"
"{'title': 'Senior Product Owner – NetSuite', 'job_url': 'https://www.arbeitnow.com/jobs/companies/lovehoney-group/senior-product-owner-netsuite-berlin-474263'}","{'title': 'Senior Technical Project Manager (m/f/d)', 'job_url': 'https://www.arbeitnow.com/jobs/companies/berlitz/remote-senior-technical-project-manager-2971'}","{'title': 'Senior Backend Engineer  (m/f/d) - Agent SDK', 'job_url': 'https://www.arbeitnow.com/jobs/companies/voize/senior-backend-engineer-agent-sdk-berlin-132273'}","{'title': 'Senior Accountant / Bilanzbuchhalter (m/w/d)', 'job_url': 'https://www.arbeitnow.com/jobs/companies/cube-green-energy-topco-ltd/senior-accountant-bilanzbuchhalter-berlin-office-378795'}","{'title': 'Senior Fullstack Engineer (m/f/d) - AI Health tech', 'job_url': 'https://www.arbeitnow.com/jobs/companies/voize/senior-fullstack-engineer-ai-health-tech-berlin-33319'}","{'title': 'Senior ERP Solutions Consultant', 'job_url': 'https://www.arbeitnow.com/jobs/companies/zip/senior-erp-solutions-consultant-munich-334598'}","{'title': 'Senior Android Engineer CI/CD - (Freelancer)', 'job_url': 'https://www.arbeitnow.com/jobs/companies/voize/senior-android-engineer-ci-cd-freelancer-berlin-320334'}","{'title': 'Senior/Staff Product Engineer (Full Stack) (m/f/d)', 'job_url': 'https://www.arbeitnow.com/jobs/companies/epilot-gmbh/remote-senior-staff-product-engineer-full-stack-koln-435694'}","{'title': 'Senior AI Engineer', 'job_url': 'https://www.arbeitnow.com/jobs/companies/rematiq-gmbh/senior-ai-engineer-berlin-206600'}"
"{'title': 'GTM Associate - Munich', 'job_url': 'https://www.arbeitnow.com/jobs/companies/legora/gtm-associate-munich-132163'}","{'title': 'GTM Associate', 'job_url': 'https://www.arbeitnow.com/jobs/companies/comstruct-ict/gtm-associate-munich-41367'}","{'title': 'Legal Engineer Manager, Munich', 'job_url': 'https://www.arbeitnow.com/jobs/companies/harvey/legal-engineer-manager-munich-99874'}","{'title': 'Account Executive, Mid Market - Munich', 'job_url': 'https://www.arbeitnow.com/jobs/companies/harvey/account-executive-mid-market-munich-467206'}","{'title': 'EMEA Energy Industry Go-To-Market (GTM) Leader', 'job_url': 'https://www.arbeitnow.com/jobs/companies/databricks/emea-energy-industry-go-to-market-gtm-leader-423228'}","{'title': 'Visiting GTM Associate', 'job_url': 'https://www.arbeitnow.com/jobs/companies/peec-ai/visiting-gtm-associate-berlin-378744'}","{'title': 'Founder’s Associate', 'job_url': 'https://www.arbeitnow.com/jobs/companies/netbird/founders-associate-berlin-79509'}","{'title': 'Founding Account Executive – Nordics', 'job_url': 'https://www.arbeitnow.com/jobs/companies/tacto/founding-account-executive-nordics-munich-475390'}","{'title': 'Founding Account Executive – Benelux', 'job_url': 'https://www.arbeitnow.com/jobs/companies/tacto/founding-account-executive-benelux-munich-135842'}"
"{'title': 'Full-Stack Engineer (f/m/d)', 'job_url': 'https://www.arbeitnow.com/jobs/companies/zenjob/full-stack-engineer-berlin-261058'}","{'title': 'Full Stack Engineer', 'job_url': 'https://www.arbeitnow.com/jobs/companies/glassflow/full-stack-engineer-berlin-385834'}","{'title': 'Senior Go Engineer, Full Stack', 'job_url': 'https://www.arbeitnow.com/jobs/companies/topi/senior-go-engineer-full-stack-berlin-germany-384853'}","{'title': 'Fullstack Engineer (f/m/d)', 'job_url': 'https://www.arbeitnow.com/jobs/companies/monpay/fullstack-engineer-berlin-205123'}","{'title': 'Senior Fullstack Engineer (m/f/d)', 'job_url': 'https://www.arbeitnow.com/jobs/companies/moonscale/senior-fullstack-engineer-munich-213391'}","{'title': 'Full Stack Engineer', 'job_url': 'https://www.arbeitnow.com/jobs/companies/bjak/full-stack-engineer-germany-64967'}","{'title': 'Junior Fullstack Engineer', 'job_url': 'https://www.arbeitnow.com/jobs/companies/haiilo-1/junior-fullstack-engineer-hamburg-410395'}","{'title': 'Senior Software Engineer FullStack Kotlin / React - Berlin (f/m/d)', 'job_url': 'https://www.arbeitnow.com/jobs/companies/doctolib/senior-software-engineer-fullstack-kotlin-react-berlin-berlin-berlin-469096'}","{'title': 'Fullstack Engineer (f/m/d)', 'job_url': 'https://www.arbeitnow.com/jobs/companies/spread-group/fullstack-engineer-leipzig-285098'}"
"{'title': '(Senior) Enterprise Sales & Partner Manager (f/m/d)', 'job_url': 'https://www.arbeitnow.com/jobs/companies/zenjob/senior-enterprise-sales-partner-manager-berlin-65957'}","{'title': 'Senior Sales Manager, Regional Enterprise', 'job_url': 'https://www.arbeitnow.com/jobs/companies/wolt-english/senior-sales-manager-regional-enterprise-berlin-460113'}","{'title': 'Senior Sales Manager, Regional Enterprise', 'job_url': 'https://www.arbeitnow.com/jobs/companies/wolt/senior-sales-manager-regional-enterprise-berlin-55031'}","{'title': '(Senior) Enterprise Sales Manager', 'job_url': 'https://www.arbeitnow.com/jobs/companies/zauber-technology-gmbh/senior-enterprise-sales-manager-berlin-154373'}","{'title': 'Senior Partner Sales Executive', 'job_url': 'https://www.arbeitnow.com/jobs/companies/blp-digital-ag/senior-partner-sales-executive-munich-459307'}","{'title': 'Partner Sales Manager (m/w/d)', 'job_url': 'https://www.arbeitnow.com/jobs/companies/galvany/partner-sales-manager-berlin-156661'}","{'title': 'Enterprise Sales Leader DACH', 'job_url': 'https://www.arbeitnow.com/jobs/companies/n8n/enterprise-sales-leader-dach-berlin-348518'}","{'title': 'Partner Sales Manager - Battery Solutions', 'job_url': 'https://www.arbeitnow.com/jobs/companies/trawa/partner-sales-manager-battery-solutions-berlin-56959'}","{'title': 'Partner Sales Manager - Renewable Supply', 'job_url': 'https://www.arbeitnow.com/jobs/companies/trawa/partner-sales-manager-renewable-supply-berlin-92920'}"
"{'title': 'Electronics / Embedded Robotics Engineer', 'job_url': 'https://www.arbeitnow.com/jobs/companies/sensmore/electronics-embedded-robotics-engineer-potsdam-201047'}","{'title': '(Senior) Electronics Engineer, Hardware & Firmware (f/m/d)', 'job_url': 'https://www.arbeitnow.com/jobs/companies/tactiliarobotics/senior-electronics-engineer-hardware-firmware-munich-12309'}","{'title': 'Senior Electronics Engineer', 'job_url': 'https://www.arbeitnow.com/jobs/companies/auterion/senior-electronics-engineer-munich-425857'}","{'title': 'Embedded Software Engineer (m/f/d)', 'job_url': 'https://www.arbeitnow.com/jobs/companies/tytan-technologies-gmbh/embedded-software-engineer-munich-256528'}","{'title': 'Senior Embedded Software Engineer', 'job_url': 'https://www.arbeitnow.com/jobs/companies/the-exploration-company/senior-embedded-software-engineer-munich-67547'}","{'title': 'Software Engineer - Embedded Systems', 'job_url': 'https://www.arbeitnow.com/jobs/companies/applied/software-engineer-embedded-systems-stuttgart-332108'}","{'title': 'Senior Power Electronics Engineer', 'job_url': 'https://www.arbeitnow.com/jobs/companies/hypersonica/senior-power-electronics-engineer-munich-347348'}","{'title': 'Senior Electronics Developer - Power Electronics (m/w/x)', 'job_url': 'https://www.arbeitnow.com/jobs/companies/k-tronik-gmbh/senior-electronics-developer-power-electronics-nuremberg-445542'}","{'title': 'Senior Embedded Software Engineer I', 'job_url': 'https://www.arbeitnow.com/jobs/companies/cesiumastro/senior-embedded-software-engineer-i-munich-germany-258724'}"
"{'title': 'Machine Learning Engineer', 'job_url': 'https://www.arbeitnow.com/jobs/companies/sensmore/machine-learning-engineer-berlin-331781'}","{'title': 'Machine Learning Engineer', 'job_url': 'https://www.arbeitnow.com/jobs/companies/phantasma-labs/machine-learning-engineer-berlin-435827'}","{'title': 'Senior Machine Learning Engineer', 'job_url': 'https://www.arbeitnow.com/jobs/companies/tools-for-humanity/senior-machine-learning-engineer-munich-149730'}","{'title': 'Senior Machine Learning Engineer I', 'job_url': 'https://www.arbeitnow.com/jobs/companies/sumup/senior-machine-learning-engineer-i-berlin-409615'}","{'title': 'Senior Machine Learning Engineer I', 'job_url': 'https://www.arbeitnow.com/jobs/companies/sumup/senior-machine-learning-engineer-i-berlin-296351'}","{'title': 'Machine Learning Scientist', 'job_url': 'https://www.arbeitnow.com/jobs/companies/nucs-ai/remote-machine-learning-scientist-berlin-103209'}","{'title': 'Senior/Staff Machine Learning Engineer', 'job_url': 'https://www.arbeitnow.com/jobs/companies/vestiairecollective/senior-staff-machine-learning-engineer-berlin-489442'}","{'title': 'Machine Learning Engineer (m/f/x)', 'job_url': 'https://www.arbeitnow.com/jobs/companies/caronsale/machine-learning-engineer-berlin-36406'}","{'title': 'Research Engineer – Machine Learning & Medical Imaging', 'job_url': 'https://www.arbeitnow.com/jobs/companies/imfusion/research-engineer-machine-learning-medical-imaging-munich-432050'}"
"{'title': 'Working Student - Mechatronics Assembly Technician (20 hrs)', 'job_url': 'https://www.arbeitnow.com/jobs/companies/sensmore/working-student-mechatronics-assembly-technician-20-hrs-potsdam-51085'}","{'title': 'Working Student Manufacturing Engineer (all genders)', 'job_url': 'https://www.arbeitnow.com/jobs/companies/vaeridion/working-student-manufacturing-engineer-all-genders-gauting-45036'}","{'title': 'Working Student Ground Robotics (m/f/d)', 'job_url': 'https://www.arbeitnow.com/jobs/companies/quantum-systems-gmbh/working-student-ground-robotics-gilching-344406'}","{'title': 'Working Student Ground Robotics (m/f/d)', 'job_url': 'https://www.arbeitnow.com/jobs/companies/quantum-systems-gmbh/working-student-ground-robotics-gilching-390704'}","{'title': 'Working Student Software Engineer', 'job_url': 'https://www.arbeitnow.com/jobs/companies/d-labs-gmbh/working-student-software-engineer-potsdam-436123'}","{'title': 'Manufacturing (UAV/Drone) Working Student (f/m/d)', 'job_url': 'https://www.arbeitnow.com/jobs/companies/tytan-technologies-gmbh/manufacturing-uav-drone-working-student-munich-149689'}","{'title': '(Mid/Senior) Robotics or Mechatronics Technician/Engineer (m/f/d)', 'job_url': 'https://www.arbeitnow.com/jobs/companies/agilerobotsse/mid-senior-robotics-or-mechatronics-technician-engineer-munich-bavaria-215306'}","{'title': 'Working Student Integrations', 'job_url': 'https://www.arbeitnow.com/jobs/companies/dataleap/working-student-integrations-munich-363179'}","{'title': 'Working Student - Microfactory (f/m/d)', 'job_url': 'https://www.arbeitnow.com/jobs/companies/munich-electrification/working-student-microfactory-munich-194757'}"
"{'title': 'Senior Product Designer (M/F/*)', 'job_url': 'https://www.arbeitnow.com/jobs/companies/amber/senior-product-designer-m-f-aachen-470611'}","{'title': 'Senior Product Manager', 'job_url': 'https://www.arbeitnow.com/jobs/companies/haiilo-1/senior-product-manager-hamburg-425919'}","{'title': 'Senior High-Speed Analog/RF System Architect (f/m/d)', 'job_url': 'https://www.arbeitnow.com/jobs/companies/black-semiconductor-gmbh/senior-high-speed-analog-rf-system-architect-aachen-273260'}","{'title': 'Senior Product Designer - Heartbeat AI (m/f/d)', 'job_url': 'https://www.arbeitnow.com/jobs/companies/1komma50/senior-product-designer-heartbeat-ai-berlin-348478'}","{'title': '(Senior) Product Designer - Mobile (m/w/d)', 'job_url': 'https://www.arbeitnow.com/jobs/companies/galvany/senior-product-designer-mobile-berlin-69566'}","{'title': '(Senior) Backend Engineer (f/m/d)', 'job_url': 'https://www.arbeitnow.com/jobs/companies/bunch/senior-backend-engineer-berlin-15050'}","{'title': 'Senior Product Manager | Capital Management (f/m/d)', 'job_url': 'https://www.arbeitnow.com/jobs/companies/bunch/senior-product-manager-capital-management-berlin-31654'}","{'title': 'Senior Software Engineer (f/m/x)', 'job_url': 'https://www.arbeitnow.com/jobs/companies/enpal/senior-software-engineer-berlin-237624'}","{'title': 'Senior SoC Architect (f/m/d)', 'job_url': 'https://www.arbeitnow.com/jobs/companies/black-semiconductor-gmbh/senior-soc-architect-aachen-145846'}"
"{'title': 'Marketing Manager', 'job_url': 'https://www.arbeitnow.com/jobs/companies/dandy/remote-marketing-manager-279190'}","{'title': 'GTM Enablement Manager (all genders)', 'job_url': 'https://www.arbeitnow.com/jobs/companies/wemolo/gtm-enablement-manager-all-genders-munchen-147843'}","{'title': 'Product Sales Manager (all genders)', 'job_url': 'https://www.arbeitnow.com/jobs/companies/wemolo/product-sales-manager-all-genders-munchen-7783'}","{'title': 'Remote Manager (Director) Partnerships DACH (m/f/d)', 'job_url': 'https://www.arbeitnow.com/jobs/companies/roompricegenie/remote-manager-director-partnerships-dach-179805'}","{'title': 'Marketing Manager - LATAM', 'job_url': 'https://www.arbeitnow.com/jobs/companies/amboss/marketing-manager-latam-berlin-122347'}","{'title': 'RevOps Systems Manager (all genders)', 'job_url': 'https://www.arbeitnow.com/jobs/companies/wemolo/revops-systems-manager-all-genders-munchen-191245'}","{'title': 'Partnerships Associate Manager - GER', 'job_url': 'https://www.arbeitnow.com/jobs/companies/moss/partnerships-associate-manager-ger-berlin-277213'}","{'title': 'Social-Media Marketing Manager (m/w/d)', 'job_url': 'https://www.arbeitnow.com/jobs/companies/heilbronnlebtde/social-media-marketing-manager-heilbronn-395100'}","{'title': 'Senior Partnership Manager - DE (f/m/d)', 'job_url': 'https://www.arbeitnow.com/jobs/companies/moss/senior-partnership-manager-de-berlin-499675'}"
"{'title': 'Founding GTM Business Development Representative', 'job_url': 'https://www.arbeitnow.com/jobs/companies/dandy/founding-gtm-business-development-representative-berlin-194864'}","{'title': 'GTM Enablement Manager (all genders)', 'job_url': 'https://www.arbeitnow.com/jobs/companies/wemolo/gtm-enablement-manager-all-genders-munchen-147843'}","{'title': 'Founding GTM @ Embedded AI Efficiency Layer, Berlin', 'job_url': 'https://www.arbeitnow.com/jobs/companies/atlanticvc/founding-gtm-at-embedded-ai-efficiency-layer-berlin-416157'}","{'title': 'GTM', 'job_url': 'https://www.arbeitnow.com/jobs/companies/nomos/gtm-berlin-104042'}","{'title': 'Founding Head of Sales', 'job_url': 'https://www.arbeitnow.com/jobs/companies/ygo/founding-head-of-sales-berlin-149546'}","{'title': 'Senior GTM Engineer', 'job_url': 'https://www.arbeitnow.com/jobs/companies/gtm-base/senior-gtm-engineer-berlin-78655'}","{'title': 'LinkedIn GTM Consultant', 'job_url': 'https://www.arbeitnow.com/jobs/companies/salesplaybook-ag/linkedin-gtm-consultant-berlin-315487'}","{'title': 'Founding Sales Development Representative (SDR DACH)', 'job_url': 'https://www.arbeitnow.com/jobs/companies/vivid/founding-sales-development-representative-sdr-dach-berlin-25398'}","{'title': 'Founding Account Executive (d/w/m)', 'job_url': 'https://www.arbeitnow.com/jobs/companies/mailody-gmbh/founding-account-executive-berlin-183463'}"
"{'title': 'Founding SMB Account Executive', 'job_url': 'https://www.arbeitnow.com/jobs/companies/dandy/founding-smb-account-executive-berlin-320117'}","{'title': 'Founding Sales Development Representative (SDR DACH)', 'job_url': 'https://www.arbeitnow.com/jobs/companies/vivid/founding-sales-development-representative-sdr-dach-berlin-25398'}","{'title': 'Account Executive - SMB', 'job_url': 'https://www.arbeitnow.com/jobs/companies/peec-ai/account-executive-smb-berlin-386338'}","{'title': 'Account Executive DACH - SMB (m/f/d)', 'job_url': 'https://www.arbeitnow.com/jobs/companies/agicap/account-executive-dach-smb-berlin-295404'}","{'title': 'Account Executive - SMB (German-speaking)', 'job_url': 'https://www.arbeitnow.com/jobs/companies/secfix/account-executive-smb-german-speaking-munich-114844'}","{'title': 'Account Executive DACH - SMB (m/f/d)', 'job_url': 'https://www.arbeitnow.com/jobs/companies/agicap/account-executive-dach-smb-dusseldorf-132019'}","{'title': 'Founding Account Executive SMB | Dutch Market (m/f/d)', 'job_url': 'https://www.arbeitnow.com/jobs/companies/superchat/founding-account-executive-smb-dutch-market-berlin-berlin-89681'}","{'title': 'SMB Sales Account Executive (m/f/d)', 'job_url': 'https://www.arbeitnow.com/jobs/companies/wellhub/smb-sales-account-executive-munich-72021'}","{'title': 'Business Development Representative - SMB (German-speaking)', 'job_url': 'https://www.arbeitnow.com/jobs/companies/secfix/business-development-representative-smb-german-speaking-munich-2184'}"
"{'title': 'Growth Intern - Automation & AI (w/m/d)', 'job_url': 'https://www.arbeitnow.com/jobs/companies/vrey/growth-intern-automation-ai-berlin-212022'}","{'title': ""Praktikum - Founder's Associate (AI Automation, Growth & Performance Marketing)"", 'job_url': 'https://www.arbeitnow.com/jobs/companies/grannel/praktikum-founders-associate-ai-automation-growth-performance-marketing-munich-416202'}","{'title': 'Business Automation & AI Intern/Working Student (f/m/d)', 'job_url': 'https://www.arbeitnow.com/jobs/companies/liqid-lig/business-automation-ai-intern-working-student-berlin-490216'}","{'title': 'Finance & AI Automation Intern (Remote Full-time)', 'job_url': 'https://www.arbeitnow.com/jobs/companies/soda-data-nv/finance-ai-automation-intern-remote-full-time-germany-308319'}","{'title': 'Finance & AI Automation Intern (Remote Part-time)', 'job_url': 'https://www.arbeitnow.com/jobs/companies/soda-data-nv/finance-ai-automation-intern-remote-part-time-germany-30155'}","{'title': 'Data Analytics, Data Science & AI Weiterbildung mit IHK-Abschluss | 100 % Remote', 'job_url': 'https://www.arbeitnow.com/jobs/companies/datasmart-point-gmbh/data-analytics-data-science-ai-weiterbildung-mit-ihk-abschluss-100-remote-berlin-452130'}","{'title': 'Growth Intern (f/m/d) - Mandatory 6 Months Unpaid Internship', 'job_url': 'https://www.arbeitnow.com/jobs/companies/quid/growth-intern-mandatory-6-months-unpaid-internship-berlin-227219'}","{'title': 'Growth Engineer (Intern)', 'job_url': 'https://www.arbeitnow.com/jobs/companies/emidat-gmbh/growth-engineer-intern-munich-478115'}","{'title': 'Digital Marketing Intern (Strategy, Growth & Content Systems)', 'job_url': 'https://www.arbeitnow.com/jobs/companies/viralapp/digital-marketing-intern-strategy-growth-content-systems-berlin-134007'}"
"{'title': '(Junior) Data & Automation Manager - Energy Operations (m/w/d)', 'job_url': 'https://www.arbeitnow.com/jobs/companies/vrey/junior-data-automation-manager-energy-operations-berlin-226218'}","{'title': 'Data Analytics, Data Science & AI Weiterbildung mit IHK-Abschluss | 100 % Remote', 'job_url': 'https://www.arbeitnow.com/jobs/companies/datasmart-point-gmbh/data-analytics-data-science-ai-weiterbildung-mit-ihk-abschluss-100-remote-berlin-452130'}","{'title': 'Data Protection Specialist – Energy, Customer Service (m/w/d)', 'job_url': 'https://www.arbeitnow.com/jobs/companies/octopus-energy-group/data-protection-specialist-energy-customer-service-munchen-de-384353'}","{'title': 'Data & Operations Specialist', 'job_url': 'https://www.arbeitnow.com/jobs/companies/anyone-ai/remote-data-operations-specialist-336817'}","{'title': '(Senior) Product Manager - Energy (m/f/d)', 'job_url': 'https://www.arbeitnow.com/jobs/companies/1komma50/senior-product-manager-energy-berlin-480855'}","{'title': 'Werkstudent:in Process & Operations - Energy (m/w/d)', 'job_url': 'https://www.arbeitnow.com/jobs/companies/1komma50/werkstudentin-process-operations-energy-berlin-237967'}","{'title': 'Internship Process & Operations - Energy (m/f/d)', 'job_url': 'https://www.arbeitnow.com/jobs/companies/1komma50/internship-process-operations-energy-berlin-246803'}","{'title': '(Senior) Product Manager Energy (m/f/d)', 'job_url': 'https://www.arbeitnow.com/jobs/companies/1komma50/senior-product-manager-energy-berlin-311865'}","{'title': 'Senior Analytics Engineer (f/m/x) - Enpal Energy', 'job_url': 'https://www.arbeitnow.com/jobs/companies/enpal/senior-analytics-engineer-enpal-energy-berlin-8015'}"
"{'title': 'Key Account Manager Enterprise (m/w/d)', 'job_url': 'https://www.arbeitnow.com/jobs/companies/vrey/key-account-manager-enterprise-berlin-490302'}","{'title': 'Enterprise Account Executive (m/w/d) - Germany', 'job_url': 'https://www.arbeitnow.com/jobs/companies/stackfuel/enterprise-account-executive-germany-berlin-433063'}","{'title': 'Enterprise Solutions Engineer', 'job_url': 'https://www.arbeitnow.com/jobs/companies/churchdesk/enterprise-solutions-engineer-berlin-258735'}","{'title': 'Enterprise Account Executive (m/f/d)', 'job_url': 'https://www.arbeitnow.com/jobs/companies/360learning/remote-enterprise-account-executive-401432'}","{'title': 'Strategic Enterprise Account Executive (m/w/d) - Germany', 'job_url': 'https://www.arbeitnow.com/jobs/companies/stackfuel/strategic-enterprise-account-executive-germany-berlin-420151'}","{'title': 'Account Executive, Enterprise', 'job_url': 'https://www.arbeitnow.com/jobs/companies/creatio/account-executive-enterprise-munich-86871'}","{'title': 'Enterprise Account Executive', 'job_url': 'https://www.arbeitnow.com/jobs/companies/mongodb/enterprise-account-executive-261961'}","{'title': 'Enterprise Account Executive - Dach', 'job_url': 'https://www.arbeitnow.com/jobs/companies/mondaycom/enterprise-account-executive-dach-munich-269410'}","{'title': 'Account Director Enterprise (DC)', 'job_url': 'https://www.arbeitnow.com/jobs/companies/eunetworks/account-director-enterprise-dc-berlin-berlin-frankfurt-am-main-hesse-hannover-lower-saxony-munchen-bavaria-238697'}"
"{'title': '(Senior) Business Development Representative (f/m/d)', 'job_url': 'https://www.arbeitnow.com/jobs/companies/zeit-ai/senior-business-development-representative-munich-127503'}","{'title': 'Growth Operations Manager (JetBrains AI)', 'job_url': 'https://www.arbeitnow.com/jobs/companies/jetbrains/remote-growth-operations-manager-jetbrains-ai-497793'}","{'title': 'Senior Business Development Manager, Financial Institutions - Germany (f/m/d)', 'job_url': 'https://www.arbeitnow.com/jobs/companies/upvest/senior-business-development-manager-financial-institutions-germany-berlin-229270'}","{'title': 'Senior IT Infrastructure & Network Engineer (f/m/d)', 'job_url': 'https://www.arbeitnow.com/jobs/companies/eleqtron-gmbh/senior-it-infrastructure-network-engineer-hamburg-127102'}","{'title': '(Senior) Account Executive, Embedded Investments - Europe (f/m/d)', 'job_url': 'https://www.arbeitnow.com/jobs/companies/upvest/senior-account-executive-embedded-investments-europe-berlin-250674'}","{'title': 'Associate Account Executive Germany (f/m/d)', 'job_url': 'https://www.arbeitnow.com/jobs/companies/upvest/associate-account-executive-germany-berlin-293879'}","{'title': 'Senior Sales Development Representative, Global Accounts (m/f/d)', 'job_url': 'https://www.arbeitnow.com/jobs/companies/berlitz/remote-senior-sales-development-representative-global-accounts-432945'}","{'title': 'Associate Business Development Manager, Financial Institutions - Germany (f/m/d)', 'job_url': 'https://www.arbeitnow.com/jobs/companies/upvest/associate-business-development-manager-financial-institutions-germany-berlin-356215'}","{'title': 'Account Executive (m/f/d)', 'job_url': 'https://www.arbeitnow.com/jobs/companies/bliro/account-executive-munich-405058'}"
"{'title': 'Forward-Deployed Engineer (f/m/d)', 'job_url': 'https://www.arbeitnow.com/jobs/companies/zeit-ai/forward-deployed-engineer-munich-470648'}","{'title': 'Forward Deployed Engineer (DACH)', 'job_url': 'https://www.arbeitnow.com/jobs/companies/mercura/forward-deployed-engineer-dach-munich-336122'}","{'title': 'Forward Deployed Engineer', 'job_url': 'https://www.arbeitnow.com/jobs/companies/8returns-gmbh/forward-deployed-engineer-berlin-72305'}","{'title': 'Forward Deployed Engineer', 'job_url': 'https://www.arbeitnow.com/jobs/companies/nxt-applied-gmbh/forward-deployed-engineer-dusseldorf-97312'}","{'title': 'Forward Deployed Engineer', 'job_url': 'https://www.arbeitnow.com/jobs/companies/zauber-technology-gmbh/forward-deployed-engineer-berlin-236942'}","{'title': 'Forward Deployed Engineer', 'job_url': 'https://www.arbeitnow.com/jobs/companies/tacto/forward-deployed-engineer-munich-370203'}","{'title': 'Forward Deployed Engineer', 'job_url': 'https://www.arbeitnow.com/jobs/companies/anthropic/forward-deployed-engineer-munich-370247'}","{'title': 'Forward Deployed Engineer (m/f/d)', 'job_url': 'https://www.arbeitnow.com/jobs/companies/praxipal/forward-deployed-engineer-berlin-461213'}","{'title': 'Forward Deployed Engineer', 'job_url': 'https://www.arbeitnow.com/jobs/companies/cloudfactory/forward-deployed-engineer-berlin-99601'}"
"{'title': '(Junior) Account Executive (f/m/d)', 'job_url': 'https://www.arbeitnow.com/jobs/companies/zeit-ai/junior-account-executive-munich-178314'}","{'title': 'Account Executive (m/f/d)', 'job_url': 'https://www.arbeitnow.com/jobs/companies/bliro/account-executive-munich-405058'}","{'title': 'Junior Field Sales Executive (m/f/d) - Munich', 'job_url': 'https://www.arbeitnow.com/jobs/companies/saltz/junior-field-sales-executive-munich-128624'}","{'title': 'Account Executive (m/f/d) - Stuttgart', 'job_url': 'https://www.arbeitnow.com/jobs/companies/saltz/account-executive-stuttgart-201661'}","{'title': 'Junior Field Sales Executive (m/f/d) - Berlin', 'job_url': 'https://www.arbeitnow.com/jobs/companies/saltz/junior-field-sales-executive-berlin-151320'}","{'title': 'Business Development Representative BDR (German-speaking)', 'job_url': 'https://www.arbeitnow.com/jobs/companies/bowatt/business-development-representative-bdr-german-speaking-munich-280835'}","{'title': 'Field Sales Executive (m/f/d) - Munich', 'job_url': 'https://www.arbeitnow.com/jobs/companies/saltz/field-sales-executive-munich-473075'}","{'title': 'US Market & Sales Development Rep - Munich (Native English Required) (m/w/d)', 'job_url': 'https://www.arbeitnow.com/jobs/companies/bliro/us-market-sales-development-rep-munich-native-english-required-438536'}","{'title': 'Associate Account Executive Germany (f/m/d)', 'job_url': 'https://www.arbeitnow.com/jobs/companies/upvest/associate-account-executive-germany-berlin-293879'}"
"{'title': 'Biology Expert - AI Trainer (Germany)', 'job_url': 'https://www.arbeitnow.com/jobs/companies/anyone-ai/biology-expert-ai-trainer-germany-berlin-98154'}","{'title': 'Data Analytics, Data Science & AI Weiterbildung mit IHK-Abschluss | 100 % Remote', 'job_url': 'https://www.arbeitnow.com/jobs/companies/datasmart-point-gmbh/data-analytics-data-science-ai-weiterbildung-mit-ihk-abschluss-100-remote-berlin-452130'}","{'title': 'Trainer EMEA', 'job_url': 'https://www.arbeitnow.com/jobs/companies/360learning/remote-trainer-emea-178634'}","{'title': 'Trainer', 'job_url': 'https://www.arbeitnow.com/jobs/companies/wayve/trainer-321622'}","{'title': 'Verkäufer – Trainer (m/w/d)', 'job_url': 'https://www.arbeitnow.com/jobs/companies/backerei-exner/verkaufer-trainer-berlin-363661'}","{'title': 'Trainer / Subject Matter Expert – Digital Business Fundamentals (m/w/d) - 100% remote', 'job_url': 'https://www.arbeitnow.com/jobs/companies/digital-career-institute/trainer-subject-matter-expert-digital-business-fundamentals-100-remote-deutschlandweit-germany-wide-331326'}","{'title': 'AI Solution Expert (m/w/d)', 'job_url': 'https://www.arbeitnow.com/jobs/companies/fcf-fox-corporate-finance-gmbh/ai-solution-expert-munich-99891'}","{'title': 'Warehouse Trainer / Trainer Logistik (m/w/d)', 'job_url': 'https://www.arbeitnow.com/jobs/companies/rohlik/warehouse-trainer-trainer-logistik-bischofsheim-98411'}","{'title': 'Field Trainer Nordrhein-Westfalen', 'job_url': 'https://www.arbeitnow.com/jobs/companies/van-de-velde/remote-field-trainer-nordrhein-westfalen-koln-45338'}"
"{'title': 'Full-Stack Developer - AI Trainer (Germany)', 'job_url': 'https://www.arbeitnow.com/jobs/companies/anyone-ai/full-stack-developer-ai-trainer-germany-berlin-312624'}","{'title': 'Data Analytics, Data Science & AI Weiterbildung mit IHK-Abschluss | 100 % Remote', 'job_url': 'https://www.arbeitnow.com/jobs/companies/datasmart-point-gmbh/data-analytics-data-science-ai-weiterbildung-mit-ihk-abschluss-100-remote-berlin-452130'}","{'title': 'Full Stack Developer', 'job_url': 'https://www.arbeitnow.com/jobs/companies/vetaion-gmbh/full-stack-developer-garching-275638'}","{'title': 'Senior Full Stack Developer für ein AI-first Unternehmen', 'job_url': 'https://www.arbeitnow.com/jobs/companies/recall-space-gmbh/senior-full-stack-developer-fur-ein-ai-first-unternehmen-mannheim-215750'}","{'title': 'Trainer', 'job_url': 'https://www.arbeitnow.com/jobs/companies/wayve/trainer-321622'}","{'title': 'Fullstack Developer (m/w/d) AI & SaaS Startups', 'job_url': 'https://www.arbeitnow.com/jobs/companies/metanoia-it-solutions-gmbh/fullstack-developer-ai-saas-startups-hamburg-402943'}","{'title': 'Full-Stack Developer', 'job_url': 'https://www.arbeitnow.com/jobs/companies/funded/full-stack-developer-munich-61421'}","{'title': 'Full Stack Developer', 'job_url': 'https://www.arbeitnow.com/jobs/companies/pt-software/full-stack-developer-frankfurt-am-main-477064'}","{'title': 'Senior Full Stack Developer (m/w/d)', 'job_url': 'https://www.arbeitnow.com/jobs/companies/techbiz-global-gmbh/senior-full-stack-developer-berlin-424110'}"
"{'title': 'Data & Operations Specialist', 'job_url': 'https://www.arbeitnow.com/jobs/companies/anyone-ai/remote-data-operations-specialist-336817'}","{'title': 'Data Analytics, Data Science & AI Weiterbildung mit IHK-Abschluss | 100 % Remote', 'job_url': 'https://www.arbeitnow.com/jobs/companies/datasmart-point-gmbh/data-analytics-data-science-ai-weiterbildung-mit-ihk-abschluss-100-remote-berlin-452130'}","{'title': 'Veeam Data Cloud Vault Solution Specialist', 'job_url': 'https://www.arbeitnow.com/jobs/companies/veeamsoftware/remote-veeam-data-cloud-vault-solution-specialist-215456'}","{'title': 'Staff Data Scientist', 'job_url': 'https://www.arbeitnow.com/jobs/companies/duck-duck-go/remote-staff-data-scientist-33041'}","{'title': 'Principal Software Engineer - Data Lakes', 'job_url': 'https://www.arbeitnow.com/jobs/companies/fivetran/remote-principal-software-engineer-data-lakes-205806'}","{'title': 'Software Engineer, Backend - Data Layer', 'job_url': 'https://www.arbeitnow.com/jobs/companies/camunda/remote-software-engineer-backend-data-layer-361726'}","{'title': 'Senior Data Scientist (German-speaking)', 'job_url': 'https://www.arbeitnow.com/jobs/companies/dataiku/remote-senior-data-scientist-german-speaking-224551'}","{'title': 'Senior Software Engineer, Backend - Data Layer', 'job_url': 'https://www.arbeitnow.com/jobs/companies/camunda/remote-senior-software-engineer-backend-data-layer-479869'}","{'title': 'Senior Software Engineer, Backend - Data Streaming', 'job_url': 'https://www.arbeitnow.com/jobs/companies/camunda/remote-senior-software-engineer-backend-data-streaming-333804'}"
"{'title': 'Senior/Staff Golang Engineer (EMEA)', 'job_url': 'https://www.arbeitnow.com/jobs/companies/wundergraph/senior-staff-golang-engineer-emea-frankfurt-145092'}","{'title': 'Staff Software Engineer (Ruby or GOlang)', 'job_url': 'https://www.arbeitnow.com/jobs/companies/workato/staff-software-engineer-ruby-or-golang-berlin-frankfurt-munich-16751'}","{'title': 'Senior Software Engineer (Ruby / GOlang)', 'job_url': 'https://www.arbeitnow.com/jobs/companies/workato/senior-software-engineer-ruby-golang-berlin-489336'}","{'title': 'Backend Engineer (Golang)', 'job_url': 'https://www.arbeitnow.com/jobs/companies/amboss/backend-engineer-golang-berlin-313529'}","{'title': 'Backend Engineer (Golang) - Transfers EU', 'job_url': 'https://www.arbeitnow.com/jobs/companies/sumup/backend-engineer-golang-transfers-eu-berlin-10798'}","{'title': 'Senior Backend Engineer - Golang', 'job_url': 'https://www.arbeitnow.com/jobs/companies/sumup/senior-backend-engineer-golang-berlin-254897'}","{'title': 'Senior Backend Engineer - Golang', 'job_url': 'https://www.arbeitnow.com/jobs/companies/sumup/senior-backend-engineer-golang-cologne-161797'}","{'title': 'Backend Engineer (Golang) - Transfers EU', 'job_url': 'https://www.arbeitnow.com/jobs/companies/sumup/backend-engineer-golang-transfers-eu-berlin-291024'}","{'title': 'Backend Engineer (Golang) - Bank Balance', 'job_url': 'https://www.arbeitnow.com/jobs/companies/sumup/backend-engineer-golang-bank-balance-berlin-30862'}"
"{'title': 'Social Media Manager (m/f/d)', 'job_url': 'https://www.arbeitnow.com/jobs/companies/deepslate/social-media-manager-berlin-228354'}","{'title': 'Marketing Manager (f/m/d) - Mandatory 6 Months unpaid Internship', 'job_url': 'https://www.arbeitnow.com/jobs/companies/awtomated/marketing-manager-mandatory-6-months-unpaid-internship-berlin-277162'}","{'title': 'Marketing Lead (m/f/d)', 'job_url': 'https://www.arbeitnow.com/jobs/companies/ygo/marketing-lead-berlin-324660'}","{'title': '(Senior) Social Media Manager (m/w/d) Fashion | Berlin | momox SE', 'job_url': 'https://www.arbeitnow.com/jobs/companies/momox/senior-social-media-manager-fashion-berlin-momox-se-60747'}","{'title': 'Social Media Manager (f/m/d)', 'job_url': 'https://www.arbeitnow.com/jobs/companies/zenjob/social-media-manager-berlin-45020'}","{'title': 'Social Media Manager (m/w/d)', 'job_url': 'https://www.arbeitnow.com/jobs/companies/6pm-gmbh/social-media-manager-berlin-25916'}","{'title': 'Marketing Manager (m/f/d)', 'job_url': 'https://www.arbeitnow.com/jobs/companies/maomao-technologies/marketing-manager-berlin-407978'}","{'title': 'Junior Marketing Manager Denmark (m/f/d)', 'job_url': 'https://www.arbeitnow.com/jobs/companies/mammutmarsch-ug/junior-marketing-manager-denmark-berlin-161533'}","{'title': 'Junior YouTube Channel Manager (m/f/d) - Full time', 'job_url': 'https://www.arbeitnow.com/jobs/companies/quintus-studios/junior-youtube-channel-manager-full-time-berlin-227419'}"
"{'title': 'Werkstudent*in | Lead Intelligence & CRM-Datenmanagement (m/w/d)', 'job_url': 'https://www.arbeitnow.com/jobs/companies/vebego-facility-services-germany/werkstudentin-lead-intelligence-crm-datenmanagement-wuppertal-465889'}","{'title': 'Lead/Principal Process Intelligence & Supply Chain Transformation Consultant - Manufacturing/Production', 'job_url': 'https://www.arbeitnow.com/jobs/companies/celonis/lead-principal-process-intelligence-supply-chain-transformation-consultant-manufacturing-production-munich-257659'}","{'title': 'Senior Business Intelligence Lead (all genders)', 'job_url': 'https://www.arbeitnow.com/jobs/companies/reev/senior-business-intelligence-lead-all-genders-munchen-386242'}","{'title': 'Werkstudent Business Intelligence & Data Analytics (m/w/d)', 'job_url': 'https://www.arbeitnow.com/jobs/companies/waldemar-link-gmbh-co-kg/werkstudent-business-intelligence-data-analytics-norderstedt-20447'}","{'title': 'Business Intelligence Spezialist (gn)', 'job_url': 'https://www.arbeitnow.com/jobs/companies/bitac-gmbh/business-intelligence-spezialist-gn-wegberg-228912'}","{'title': 'Werkstudent (Mensch) Business Intelligence & Business Development', 'job_url': 'https://www.arbeitnow.com/jobs/companies/wppmedia/werkstudent-mensch-business-intelligence-business-development-hamburg-213765'}","{'title': 'Growth Intelligence & AI Analyst', 'job_url': 'https://www.arbeitnow.com/jobs/companies/lovebetter-gesellschaft-fur-mannliche-sexualitat-mbh/growth-intelligence-ai-analyst-berlin-219401'}","{'title': 'Senior Threat Intelligence Consultant (m/w/d)', 'job_url': 'https://www.arbeitnow.com/jobs/companies/nviso/senior-threat-intelligence-consultant-munich-325306'}","{'title': 'Senior Threat Intelligence Consultant (m/w/d)', 'job_url': 'https://www.arbeitnow.com/jobs/companies/nviso/senior-threat-intelligence-consultant-frankfurt-am-main-417131'}"
"{'title': 'Teamleiter (m/w/d) im Finanzvertrieb (German Speaking)', 'job_url': 'https://www.arbeitnow.com/jobs/companies/peter-stenmans/teamleiter-im-finanzvertrieb-german-speaking-berlin-63234'}","{'title': 'Teamleiter (m/w/d) im Finanzvertrieb (German Speaking)', 'job_url': 'https://www.arbeitnow.com/jobs/companies/xpertsone/teamleiter-im-finanzvertrieb-german-speaking-celle-60132'}","{'title': 'Teamleiter (m/w/d) im Finanzvertrieb (German Speaking)', 'job_url': 'https://www.arbeitnow.com/jobs/companies/andreas-plumari-buro-fur-deutsche-vermogensberatung/teamleiter-im-finanzvertrieb-german-speaking-donaueschingen-39042'}","{'title': 'Mitarbeiter im Finanzvertrieb', 'job_url': 'https://www.arbeitnow.com/jobs/companies/tedesco-capital/mitarbeiter-im-finanzvertrieb-hufingen-48390'}","{'title': 'Trainee (m/w/d) im Finanzvertrieb – Karriere mit Struktur, Verantwortung und Perspektive (German Speaking)', 'job_url': 'https://www.arbeitnow.com/jobs/companies/kevin-kehr/trainee-im-finanzvertrieb-karriere-mit-struktur-verantwortung-und-perspektive-german-speaking-hamburg-138105'}","{'title': 'Trainee (m/w/d) im Finanzvertrieb – Karriere mit Struktur, Verantwortung und Perspektive (German Speaking)', 'job_url': 'https://www.arbeitnow.com/jobs/companies/kevin-kehr/trainee-im-finanzvertrieb-karriere-mit-struktur-verantwortung-und-perspektive-german-speaking-hamburg-399642'}","{'title': 'Trainee (m/w/d) im Finanzvertrieb – Karriere mit Struktur, Verantwortung und Perspektive (German Speaking)', 'job_url': 'https://www.arbeitnow.com/jobs/companies/kevin-kehr/remote-trainee-im-finanzvertrieb-karriere-mit-struktur-verantwortung-und-perspektive-german-speaking-hamburg-229570'}","{'title': 'Trainee (m/w/d) im Finanzvertrieb – Karriere mit Struktur, Verantwortung und Perspektive (German Speaking)', 'job_url': 'https://www.arbeitnow.com/jobs/companies/kevin-kehr/remote-trainee-im-finanzvertrieb-karriere-mit-struktur-verantwortung-und-perspektive-german-speaking-hamburg-129498'}","{'title': 'Nebenjob Finanzvertrieb (m/w/d)', 'job_url': 'https://www.arbeitnow.com/jobs/companies/finanzkanzlei-tanyo-leu-partner/vertriebsmitarbeiter-im-nebenberuf-puchheim-136508'}"
"{'title': 'Teilzeitkraft Küche (f/m/d)', 'job_url': 'https://www.arbeitnow.com/jobs/companies/munich-electrification/teilzeitkraft-kuche-munich-492007'}",,,,,,,,
"{'title': 'Enterprise Account Executive - Munich', 'job_url': 'https://www.arbeitnow.com/jobs/companies/langchain/enterprise-account-executive-munich-germany-242396'}","{'title': 'Enterprise Solutions Engineer - Munich', 'job_url': 'https://www.arbeitnow.com/jobs/companies/dash0/enterprise-solutions-engineer-munich-279266'}","{'title': 'Enterprise Account Executive - Munich (m/w/d)', 'job_url': 'https://www.arbeitnow.com/jobs/companies/ideals/enterprise-account-executive-munich-387269'}","{'title': 'Account Executive, Enterprise', 'job_url': 'https://www.arbeitnow.com/jobs/companies/flexport/account-executive-enterprise-264244'}","{'title': 'Future Enterprise Account Executive Opportunities', 'job_url': 'https://www.arbeitnow.com/jobs/companies/mirakl/future-enterprise-account-executive-opportunities-munchen-bavaria-22087'}","{'title': 'Enterprise Account Executive (m/w/d) - Germany', 'job_url': 'https://www.arbeitnow.com/jobs/companies/stackfuel/enterprise-account-executive-germany-berlin-433063'}","{'title': 'Enterprise Account Executive', 'job_url': 'https://www.arbeitnow.com/jobs/companies/blp-digital-ag/enterprise-account-executive-munich-378901'}","{'title': 'Assistant to the CRO - Germany, Munich', 'job_url': 'https://www.arbeitnow.com/jobs/companies/neuralconcept/assistant-to-the-cro-germany-munich-364145'}","{'title': 'Strategic Enterprise Account Executive (m/w/d) - Germany', 'job_url': 'https://www.arbeitnow.com/jobs/companies/stackfuel/strategic-enterprise-account-executive-germany-berlin-420151'}"
"{'title': 'Founders Associate – COO Office  -Product Communication & Change Management (all genders)', 'job_url': 'https://www.arbeitnow.com/jobs/companies/lio/founders-associate-coo-office-product-communication-change-management-all-genders-munich-220412'}","{'title': 'Founders Associate (all genders)', 'job_url': 'https://www.arbeitnow.com/jobs/companies/partscloud-gmbh/founders-associate-all-genders-stuttgart-349146'}","{'title': 'Founders Associate - AI & Product', 'job_url': 'https://www.arbeitnow.com/jobs/companies/melotech/founders-associate-ai-product-berlin-37879'}","{'title': 'Founders Associate Intern: AI Product Consultant (m/w/d)', 'job_url': 'https://www.arbeitnow.com/jobs/companies/qado-gmbh/founders-associate-intern-ai-product-consultant-munich-488371'}","{'title': 'Founders Associate (Sales)', 'job_url': 'https://www.arbeitnow.com/jobs/companies/peec-ai/founders-associate-sales-berlin-287268'}","{'title': 'Founders Associate Praktikum (all genders)', 'job_url': 'https://www.arbeitnow.com/jobs/companies/code-gaia/founders-associate-praktikum-all-genders-berlin-371403'}","{'title': 'Founders Associate Intern', 'job_url': 'https://www.arbeitnow.com/jobs/companies/logistica-os/founders-associate-intern-munich-367785'}","{'title': 'Founders Associate - Engagement Innovation (all genders)', 'job_url': 'https://www.arbeitnow.com/jobs/companies/justplay-gmbh/founders-associate-engagement-innovation-all-genders-berlin-421793'}","{'title': 'Founders Associate (m/w/d)', 'job_url': 'https://www.arbeitnow.com/jobs/companies/elmi-power-gmbh/founders-associate-vollzeit-niddatal-164416'}"
"{'title': 'Sales Engineer (all genders)', 'job_url': 'https://www.arbeitnow.com/jobs/companies/lio/sales-engineer-all-genders-munich-367859'}","{'title': 'Sales Development Representative (all genders)', 'job_url': 'https://www.arbeitnow.com/jobs/companies/integral-de/sales-development-representative-all-genders-berlin-226107'}","{'title': 'Legal Engineer Manager, Munich', 'job_url': 'https://www.arbeitnow.com/jobs/companies/harvey/legal-engineer-manager-munich-99874'}","{'title': 'Legal Engineer (Transactional or In-house)', 'job_url': 'https://www.arbeitnow.com/jobs/companies/harvey/legal-engineer-transactional-or-in-house-munich-442981'}","{'title': 'Customer Value Engineer', 'job_url': 'https://www.arbeitnow.com/jobs/companies/comstruct-ict/customer-value-engineer-munich-156077'}","{'title': 'Applied AI Engineer, Codex', 'job_url': 'https://www.arbeitnow.com/jobs/companies/openai/applied-ai-engineer-codex-munich-356526'}","{'title': 'Sales Executive', 'job_url': 'https://www.arbeitnow.com/jobs/companies/lumaai/sales-executive-munich-169741'}","{'title': 'Strategic Account Executive, DACH', 'job_url': 'https://www.arbeitnow.com/jobs/companies/harvey/strategic-account-executive-dach-munich-475'}","{'title': 'Sales Development Representative  (German Speaking)', 'job_url': 'https://www.arbeitnow.com/jobs/companies/harvey/sales-development-representative-german-speaking-munich-474199'}"
"{'title': 'Founders Associate Internship - COO Office (all genders)', 'job_url': 'https://www.arbeitnow.com/jobs/companies/lio/founders-associate-internship-coo-office-all-genders-munich-332937'}","{'title': 'Founders Associate Intern', 'job_url': 'https://www.arbeitnow.com/jobs/companies/logistica-os/founders-associate-intern-munich-367785'}","{'title': ""Internship - Founders' Office"", 'job_url': 'https://www.arbeitnow.com/jobs/companies/telli/internship-founders-office-berlin-204572'}","{'title': 'Technical Founders Associate (Intern)', 'job_url': 'https://www.arbeitnow.com/jobs/companies/lyceum/technical-founders-associate-intern-berlin-271662'}","{'title': 'Founders Associate (all genders)', 'job_url': 'https://www.arbeitnow.com/jobs/companies/partscloud-gmbh/founders-associate-all-genders-stuttgart-349146'}","{'title': 'Founders Associate Praktikum (all genders)', 'job_url': 'https://www.arbeitnow.com/jobs/companies/code-gaia/founders-associate-praktikum-all-genders-berlin-371403'}","{'title': 'Founders Associate (Intern)', 'job_url': 'https://www.arbeitnow.com/jobs/companies/zauber-technology-gmbh/founders-associate-intern-berlin-45681'}","{'title': 'Founders Associate - Intern', 'job_url': 'https://www.arbeitnow.com/jobs/companies/fixfirst/founders-associate-intern-berlin-218230'}","{'title': 'Internship Founders Associate (m/w/d)', 'job_url': 'https://www.arbeitnow.com/jobs/companies/lunary/internship-founders-associate-hamburg-338576'}"
"{'title': 'Solution Architect (all genders)', 'job_url': 'https://www.arbeitnow.com/jobs/companies/lio/solution-architect-all-genders-munich-100948'}","{'title': '(Senior) Salesforce Solution Architect (m/f/x)', 'job_url': 'https://www.arbeitnow.com/jobs/companies/salesfive-gmbh/senior-salesforce-solution-architect-munich-488547'}","{'title': 'Senior Battery Algorithms Engineer (all genders)', 'job_url': 'https://www.arbeitnow.com/jobs/companies/vaeridion/senior-battery-algorithms-engineer-all-genders-munich-260515'}","{'title': 'Senior Architect (all genders)', 'job_url': 'https://www.arbeitnow.com/jobs/companies/raysono/senior-architect-all-genders-munchen-231765'}","{'title': 'Solution Architect Connectivity Orchestrierung & Automatisierung (all genders)', 'job_url': 'https://www.arbeitnow.com/jobs/companies/accenture/solution-architect-connectivity-orchestrierung-automatisierung-all-genders-aachen-492003'}","{'title': 'Technical Architect (all genders)', 'job_url': 'https://www.arbeitnow.com/jobs/companies/thorit/technical-architect-all-genders-boblingen-214967'}","{'title': 'Product Solution Architect, Connectivity Solutions (all genders)', 'job_url': 'https://www.arbeitnow.com/jobs/companies/distribusion-technologies/product-solution-architect-connectivity-solutions-all-genders-berlin-2657'}","{'title': 'Product Solution Architect, Connectivity Solutions (all genders)', 'job_url': 'https://www.arbeitnow.com/jobs/companies/distribusion-technologies/remote-product-solution-architect-connectivity-solutions-all-genders-berlin-209377'}","{'title': 'Expert Solution Architect, AI & Enterprise (all genders)', 'job_url': 'https://www.arbeitnow.com/jobs/companies/thorit/expert-solution-architect-ai-enterprise-all-genders-boblingen-13441'}"
"{'title': 'IT Administration & Automation Manager (all genders)', 'job_url': 'https://www.arbeitnow.com/jobs/companies/lio/it-administration-automation-manager-all-genders-munich-303004'}","{'title': 'IT-Administration', 'job_url': 'https://www.arbeitnow.com/jobs/companies/projektron-gmbh/it-administration-berlin-10863'}","{'title': 'Netzwerk- / IT-Administration', 'job_url': 'https://www.arbeitnow.com/jobs/companies/projektron-gmbh/netzwerk-it-administration-berlin-325039'}","{'title': 'Data Analytics, Data Science & AI Weiterbildung mit IHK-Abschluss | 100 % Remote', 'job_url': 'https://www.arbeitnow.com/jobs/companies/datasmart-point-gmbh/data-analytics-data-science-ai-weiterbildung-mit-ihk-abschluss-100-remote-berlin-452130'}","{'title': 'IT System Administrator (all genders)', 'job_url': 'https://www.arbeitnow.com/jobs/companies/nfon/it-system-administrator-all-genders-munich-104563'}","{'title': 'Working Student System Administration (all genders)', 'job_url': 'https://www.arbeitnow.com/jobs/companies/helpling/working-student-system-administration-all-genders-berlin-323973'}","{'title': 'CAD & PLM Administration Intern', 'job_url': 'https://www.arbeitnow.com/jobs/companies/the-exploration-company/cad-plm-administration-intern-munich-199018'}","{'title': 'Office Manager – Empfang & Administration (all genders)', 'job_url': 'https://www.arbeitnow.com/jobs/companies/sunday-natural/office-manager-empfang-administration-all-genders-berlin-415339'}","{'title': 'Systemspezialist:in Software und IT-Administration', 'job_url': 'https://www.arbeitnow.com/jobs/companies/comnet-naval-communication-gmbh/systemspezialistin-software-und-it-administration-bremen-337121'}"
"{'title': 'Commercial Analyst, DACH', 'job_url': 'https://www.arbeitnow.com/jobs/companies/heidi/commercial-analyst-dach-berlin-423207'}","{'title': 'Data Analytics, Data Science & AI Weiterbildung mit IHK-Abschluss | 100 % Remote', 'job_url': 'https://www.arbeitnow.com/jobs/companies/datasmart-point-gmbh/data-analytics-data-science-ai-weiterbildung-mit-ihk-abschluss-100-remote-berlin-452130'}","{'title': 'Senior Partner Manager - DACH', 'job_url': 'https://www.arbeitnow.com/jobs/companies/tellent/senior-partner-manager-dach-cologne-358398'}","{'title': 'Account Executive - Enterprise - DACH', 'job_url': 'https://www.arbeitnow.com/jobs/companies/wordsmith/account-executive-enterprise-dach-munich-206405'}","{'title': 'Enterprise AE & Player-Coach - DACH', 'job_url': 'https://www.arbeitnow.com/jobs/companies/nebuly/enterprise-ae-player-coach-dach-germany-373490'}","{'title': 'Business Development Manager, DACH', 'job_url': 'https://www.arbeitnow.com/jobs/companies/siteminder/business-development-manager-dach-berlin-481413'}","{'title': 'Founding AE - DACH', 'job_url': 'https://www.arbeitnow.com/jobs/companies/nebuly/founding-ae-dach-germany-433694'}","{'title': 'Account Executive Enterprise DACH', 'job_url': 'https://www.arbeitnow.com/jobs/companies/1password/account-executive-enterprise-dach-germany-298371'}","{'title': 'Business Development Director (DACH)', 'job_url': 'https://www.arbeitnow.com/jobs/companies/destinusgroup/business-development-director-dach-munich-116681'}"
"{'title': 'Customer Success Manager, DACH', 'job_url': 'https://www.arbeitnow.com/jobs/companies/heidi/customer-success-manager-dach-berlin-67553'}","{'title': 'Senior Customer Success Manager - DACH', 'job_url': 'https://www.arbeitnow.com/jobs/companies/constructor/senior-customer-success-manager-dach-munich-236289'}","{'title': 'Customer Success - DACH', 'job_url': 'https://www.arbeitnow.com/jobs/companies/elevenlabs-jobs/customer-success-dach-germany-408924'}","{'title': 'Customer Success - DACH', 'job_url': 'https://www.arbeitnow.com/jobs/companies/elevenlabs-jobs/customer-success-dach-germany-303166'}","{'title': 'Senior Customer Success Manager (f/m/x)', 'job_url': 'https://www.arbeitnow.com/jobs/companies/sparetech/senior-customer-success-manager-430541'}","{'title': 'Customer Success Manager - German Speaking', 'job_url': 'https://www.arbeitnow.com/jobs/companies/nooxit-gmbh/customer-success-manager-german-speaking-berlin-122753'}","{'title': 'Enterprise Customer Success Team Lead DACH', 'job_url': 'https://www.arbeitnow.com/jobs/companies/sosafe/enterprise-customer-success-team-lead-dach-cologne-412735'}","{'title': 'Senior Customer Success Manager', 'job_url': 'https://www.arbeitnow.com/jobs/companies/walkme/senior-customer-success-manager-berlin-428918'}","{'title': 'Staff Customer Success Manager', 'job_url': 'https://www.arbeitnow.com/jobs/companies/kong/staff-customer-success-manager-berlin-28579'}"
"{'title': 'Deidesheim: Ausbildung zur Medizinischen Fachangestellten (m/w/d)', 'job_url': 'https://www.arbeitnow.com/jobs/companies/praxiseins/deidesheim-ausbildung-zur-medizinischen-fachangestellten-471329'}","{'title': 'Ausbildungsplatz zur Medizinischen Fachangestellten (m/w/d) - Option: frühzeitiger Einstieg als bezahlte/r Trainee', 'job_url': 'https://www.arbeitnow.com/jobs/companies/orthopadische-unfallchirurgische-handchirurgische-gemeinschaftspraxis-butzbach/ausbildungsplatz-zur-zum-mfa-option-fruhzeitiger-einstieg-als-bezahlte-r-trainee-butzbach-435801'}","{'title': 'Ausbildung zum/zur Steuerfachangestellten (m/w/d)', 'job_url': 'https://www.arbeitnow.com/jobs/companies/methmann-hansen-steuerberatungsgesellschaft-mbh/ausbildung-zum-zur-steuerfachangestellten-flensburg-22781'}","{'title': 'Ausbildung zum/zur Steuerfachangestellten (m/w/d)', 'job_url': 'https://www.arbeitnow.com/jobs/companies/weisse-kerst-steuerberatungsgesellschaft/ausbildung-zum-zur-steuerfachangestellten-gotha-298337'}","{'title': 'Ausbildung zum Industriekaufmann / zur Industriekauffrau (m/w/d)', 'job_url': 'https://www.arbeitnow.com/jobs/companies/industrypart-gmbh/ausbildung-zum-industriekaufmann-zur-industriekauffrau-bensheim-196537'}","{'title': 'Ausbildung zum/zur Fachinformatiker_in (m/w/d) 2027', 'job_url': 'https://www.arbeitnow.com/jobs/companies/stadtverwaltung-dorsten/ausbildung-zum-zur-fachinformatiker-in-2027-dorsten-86521'}","{'title': 'Ausbildung zur Kauffrau / zum Kaufmann für Büromanagement (m/w/d)', 'job_url': 'https://www.arbeitnow.com/jobs/companies/pronorm-mainz-brandschutztechnik-gmbh/ausbildung-zur-kauffrau-zum-kaufmann-fur-buromanagement-mainz-190620'}","{'title': 'Ausbildung zum Kaufmann / zur Kauffrau für Marketingkommunikation (m/w/d)', 'job_url': 'https://www.arbeitnow.com/jobs/companies/sunlab-gmbh/ausbildung-zum-kaufmann-zur-kauffrau-fur-marketingkommunikation-aschaffenburg-102779'}","{'title': 'Ausbildung zum/zur Kaufmann/-frau für Büromanagement', 'job_url': 'https://www.arbeitnow.com/jobs/companies/bergler-gmbh-co-kg/ausbildung-zum-zur-kaufmann-frau-fur-buromanagement-weiherhammer-91696'}"
"{'title': 'Head of Product - Clients (f/m/d)', 'job_url': 'https://www.arbeitnow.com/jobs/companies/upvest/head-of-product-clients-berlin-362275'}","{'title': 'Head of Product Design', 'job_url': 'https://www.arbeitnow.com/jobs/companies/almedia/head-of-product-design-berlin-386553'}","{'title': 'Head of Product | Customer Journey', 'job_url': 'https://www.arbeitnow.com/jobs/companies/trawa/head-of-product-customer-journey-berlin-109212'}","{'title': 'Head of Product Marketing', 'job_url': 'https://www.arbeitnow.com/jobs/companies/berlitz/remote-head-of-product-marketing-285123'}","{'title': 'Head of Product Management', 'job_url': 'https://www.arbeitnow.com/jobs/companies/dieproduktmacher/head-of-product-management-munchen-380580'}","{'title': 'Head of Product', 'job_url': 'https://www.arbeitnow.com/jobs/companies/andercore/head-of-product-berlin-210344'}","{'title': 'Head of Product (m/w/d)', 'job_url': 'https://www.arbeitnow.com/jobs/companies/doonails/head-of-product-koln-432145'}","{'title': 'Head of Product (f/m/d)', 'job_url': 'https://www.arbeitnow.com/jobs/companies/plancraft/remote-head-of-product-198990'}","{'title': 'Head of Product - Platform Growth (f/m/d)', 'job_url': 'https://www.arbeitnow.com/jobs/companies/imago-stock-people-gmbh/head-of-product-platform-growth-berlin-347574'}"
"{'title': 'Technical Program Manager, Go', 'job_url': 'https://www.arbeitnow.com/jobs/companies/superhuman/technical-program-manager-go-berlin-217695'}","{'title': 'AI Go-live Specialist', 'job_url': 'https://www.arbeitnow.com/jobs/companies/almetra/ai-go-live-specialist-berlin-349085'}","{'title': 'Founding Backend Engineer(Go)', 'job_url': 'https://www.arbeitnow.com/jobs/companies/cygrid-gmbh/founding-backend-engineergo-berlin-133902'}","{'title': 'Senior Go Engineer, Full Stack', 'job_url': 'https://www.arbeitnow.com/jobs/companies/topi/senior-go-engineer-full-stack-berlin-germany-384853'}","{'title': 'AI Go-live intern', 'job_url': 'https://www.arbeitnow.com/jobs/companies/almetra/ai-go-live-intern-berlin-111599'}","{'title': 'Head of Finance and Operations', 'job_url': 'https://www.arbeitnow.com/jobs/companies/rematiq-gmbh/head-of-finance-and-operations-berlin-327630'}","{'title': 'Founding Backend Engineer(Go)', 'job_url': 'https://www.arbeitnow.com/jobs/companies/techbiz-global-gmbh/founding-backend-engineergo-berlin-36030'}","{'title': 'Founding Backend Engineer(Go)', 'job_url': 'https://www.arbeitnow.com/jobs/companies/techbiz-global-gmbh/founding-backend-engineergo-berlin-147504'}","{'title': '(Senior) Go to Market Scaling Manager - Germany (m/f/d)', 'job_url': 'https://www.arbeitnow.com/jobs/companies/1komma50/senior-go-to-market-scaling-manager-germany-berlin-307706'}"
"{'title': 'Manager, Data Platform', 'job_url': 'https://www.arbeitnow.com/jobs/companies/kayak/manager-data-platform-berlin-456879'}","{'title': 'Data Analytics, Data Science & AI Weiterbildung mit IHK-Abschluss | 100 % Remote', 'job_url': 'https://www.arbeitnow.com/jobs/companies/datasmart-point-gmbh/data-analytics-data-science-ai-weiterbildung-mit-ihk-abschluss-100-remote-berlin-452130'}","{'title': 'Engineering Manager, Computing Platform', 'job_url': 'https://www.arbeitnow.com/jobs/companies/wolt-english/engineering-manager-computing-platform-berlin-403767'}","{'title': 'Engineering Manager, Computing Platform', 'job_url': 'https://www.arbeitnow.com/jobs/companies/wolt/engineering-manager-computing-platform-berlin-497311'}","{'title': 'Product Manager - Quest Platform', 'job_url': 'https://www.arbeitnow.com/jobs/companies/xsolla/product-manager-quest-platform-berlin-germany-320786'}","{'title': 'Senior Platform Engineer, Event Streaming Platform (Kafka)', 'job_url': 'https://www.arbeitnow.com/jobs/companies/wolt-english/senior-platform-engineer-event-streaming-platform-kafka-berlin-274171'}","{'title': 'Senior Platform Engineer, Event Streaming Platform (Kafka)', 'job_url': 'https://www.arbeitnow.com/jobs/companies/wolt/senior-platform-engineer-event-streaming-platform-kafka-berlin-105281'}","{'title': 'Data Platform Engineer', 'job_url': 'https://www.arbeitnow.com/jobs/companies/sumup/data-platform-engineer-berlin-462000'}","{'title': 'Data Platform Engineer', 'job_url': 'https://www.arbeitnow.com/jobs/companies/sumup/data-platform-engineer-berlin-376146'}"
"{'title': 'Engineering Manager, K4B', 'job_url': 'https://www.arbeitnow.com/jobs/companies/kayak/engineering-manager-k4b-berlin-160572'}","{'title': 'Staff Customer Success Manager', 'job_url': 'https://www.arbeitnow.com/jobs/companies/kong/staff-customer-success-manager-berlin-28579'}","{'title': 'Engineering Manager (f/m/d/x)', 'job_url': 'https://www.arbeitnow.com/jobs/companies/emil-group-gmbh/engineering-manager-x-berlin-346535'}","{'title': 'Senior Frontend Engineer - React', 'job_url': 'https://www.arbeitnow.com/jobs/companies/researchgate/senior-frontend-engineer-react-berlin-53197'}","{'title': 'Engineering Compliance and CSV Manager', 'job_url': 'https://www.arbeitnow.com/jobs/companies/amboss/engineering-compliance-and-csv-manager-berlin-77442'}","{'title': 'Software Engineering Manager (m/f/x)', 'job_url': 'https://www.arbeitnow.com/jobs/companies/progyny-global/software-engineering-manager-berlin-138036'}","{'title': 'Technical Program Manager, Go', 'job_url': 'https://www.arbeitnow.com/jobs/companies/superhuman/technical-program-manager-go-berlin-217695'}","{'title': 'Engineering Manager ERP (f/m/x)', 'job_url': 'https://www.arbeitnow.com/jobs/companies/enpal/engineering-manager-erp-berlin-142699'}","{'title': 'Engineering Manager (m/f/d)', 'job_url': 'https://www.arbeitnow.com/jobs/companies/join/engineering-manager-berlin-275182'}"
"{'title': 'Senior Engineering Manager, K4B', 'job_url': 'https://www.arbeitnow.com/jobs/companies/kayak/senior-engineering-manager-k4b-berlin-381616'}","{'title': 'Senior Frontend Engineer - React', 'job_url': 'https://www.arbeitnow.com/jobs/companies/researchgate/senior-frontend-engineer-react-berlin-53197'}","{'title': 'Staff Customer Success Manager', 'job_url': 'https://www.arbeitnow.com/jobs/companies/kong/staff-customer-success-manager-berlin-28579'}","{'title': 'Senior Product Manager (fintech)', 'job_url': 'https://www.arbeitnow.com/jobs/companies/techbiz-global-gmbh/remote-senior-product-manager-fintech-berlin-424858'}","{'title': 'Senior Product Manager Claims', 'job_url': 'https://www.arbeitnow.com/jobs/companies/techbiz-global/senior-product-manager-fintech-insurance-berlin-27597'}","{'title': 'Senior Engineering Manager, Infrastructure (all genders)', 'job_url': 'https://www.arbeitnow.com/jobs/companies/distribusion-technologies/remote-senior-engineering-manager-infrastructure-all-genders-berlin-73042'}","{'title': 'Senior Learning Developer', 'job_url': 'https://www.arbeitnow.com/jobs/companies/ontarget-communications/senior-learning-developer-berlin-19964'}","{'title': 'Senior Program Manager', 'job_url': 'https://www.arbeitnow.com/jobs/companies/cesiumastro/senior-program-manager-munich-germany-173227'}","{'title': 'Senior Product Manager Claims', 'job_url': 'https://www.arbeitnow.com/jobs/companies/techbiz-global-gmbh/remote-senior-product-manager-claims-berlin-145076'}"
"{'title': 'Senior Data Engineer', 'job_url': 'https://www.arbeitnow.com/jobs/companies/kayak/senior-data-engineer-berlin-168686'}","{'title': 'Data Analytics, Data Science & AI Weiterbildung mit IHK-Abschluss | 100 % Remote', 'job_url': 'https://www.arbeitnow.com/jobs/companies/datasmart-point-gmbh/data-analytics-data-science-ai-weiterbildung-mit-ihk-abschluss-100-remote-berlin-452130'}","{'title': 'Data Center Engineer II', 'job_url': 'https://www.arbeitnow.com/jobs/companies/digitalocean/data-center-engineer-ii-41239'}","{'title': 'Senior Data Engineer', 'job_url': 'https://www.arbeitnow.com/jobs/companies/glsnxt/senior-data-engineer-berlin-42119'}","{'title': 'Senior Data Engineer', 'job_url': 'https://www.arbeitnow.com/jobs/companies/liqid-lig/senior-data-engineer-berlin-462279'}","{'title': 'Senior Software Engineer', 'job_url': 'https://www.arbeitnow.com/jobs/companies/wolt-english/senior-software-engineer-berlin-185162'}","{'title': 'Senior Software Engineer', 'job_url': 'https://www.arbeitnow.com/jobs/companies/wolt/senior-software-engineer-berlin-33055'}","{'title': 'Senior Software Engineer', 'job_url': 'https://www.arbeitnow.com/jobs/companies/zetaglobal/senior-software-engineer-berlin-119055'}","{'title': 'Senior GTM Engineer', 'job_url': 'https://www.arbeitnow.com/jobs/companies/gtm-base/senior-gtm-engineer-berlin-78655'}"
"{'title': 'AML Oversight Working Student', 'job_url': 'https://www.arbeitnow.com/jobs/companies/trading212/aml-oversight-working-student-berlin-37098'}","{'title': 'Working Student, Legal (German-speaking)', 'job_url': 'https://www.arbeitnow.com/jobs/companies/via/working-student-legal-german-speaking-berlin-182093'}","{'title': 'Working Student', 'job_url': 'https://www.arbeitnow.com/jobs/companies/novaspace/working-student-munich-germany-3649'}","{'title': 'Working Student', 'job_url': 'https://www.arbeitnow.com/jobs/companies/flix/working-student-berlin-494488'}","{'title': 'Working Student Integrations', 'job_url': 'https://www.arbeitnow.com/jobs/companies/dataleap/working-student-integrations-munich-363179'}","{'title': 'Working Student - Brand Communications', 'job_url': 'https://www.arbeitnow.com/jobs/companies/clovirtualfashion/working-student-brand-communications-munich-284962'}","{'title': 'Working Student – Talent & Operations', 'job_url': 'https://www.arbeitnow.com/jobs/companies/apheris/working-student-talent-operations-germany-berlin-476828'}","{'title': 'Working Student Marketing - Content Creation', 'job_url': 'https://www.arbeitnow.com/jobs/companies/deeploi-this-is-it/working-student-marketing-content-creation-berlin-301313'}","{'title': 'Working Student - Recruiting (Volume Hiring)', 'job_url': 'https://www.arbeitnow.com/jobs/companies/voize/working-student-recruiting-volume-hiring-berlin-438422'}"
"{'title': 'Senior Compliance Officer', 'job_url': 'https://www.arbeitnow.com/jobs/companies/trading212/senior-compliance-officer-berlin-435632'}","{'title': 'Senior Legal & Regulatory Compliance Officer (m/f/d)', 'job_url': 'https://www.arbeitnow.com/jobs/companies/schulz-cie-consulting-gmbh/senior-legal-regulatory-compliance-officer-munich-272959'}","{'title': 'Compliance Officer (m/w/d)', 'job_url': 'https://www.arbeitnow.com/jobs/companies/schulz-cie-consulting-gmbh/compliance-officer-unterfohring-225177'}","{'title': 'Security Engineer', 'job_url': 'https://www.arbeitnow.com/jobs/companies/qdranttech/security-engineer-berlin-49434'}","{'title': 'DORA & Information Security Officer (m/w/d)', 'job_url': 'https://www.arbeitnow.com/jobs/companies/schulz-cie-consulting-gmbh/dora-information-security-officer-munich-4932'}","{'title': 'Senior IT Internal Auditor', 'job_url': 'https://www.arbeitnow.com/jobs/companies/sumup/senior-it-internal-auditor-berlin-486780'}","{'title': 'Senior Engineering Manager, Ad Performance Recommendation', 'job_url': 'https://www.arbeitnow.com/jobs/companies/smartly/senior-engineering-manager-ad-performance-recommendation-berlin-242083'}","{'title': 'Senior Forward Deployed Engineer (m/w/d)', 'job_url': 'https://www.arbeitnow.com/jobs/companies/overfly-gmbh/senior-forward-deployed-engineer-berlin-206950'}","{'title': 'Senior Category Manager (Commercial)', 'job_url': 'https://www.arbeitnow.com/jobs/companies/pergolux/senior-category-manager-commercial-berlin-262419'}"
"{'title': '(Junior) Relationship Manager Investments (m/w/d)', 'job_url': 'https://www.arbeitnow.com/jobs/companies/liqid-lam/junior-relationship-manager-investments-berlin-407146'}","{'title': '(Senior) Account Executive, Embedded Investments - Europe (f/m/d)', 'job_url': 'https://www.arbeitnow.com/jobs/companies/upvest/senior-account-executive-embedded-investments-europe-berlin-250674'}","{'title': 'Senior Product Manager - Client Experience & Engagement (f/m/d)', 'job_url': 'https://www.arbeitnow.com/jobs/companies/liqid-lig/senior-product-manager-client-experience-engagement-berlin-430799'}","{'title': 'Sales Manager (m/w/d) Photovoltaik', 'job_url': 'https://www.arbeitnow.com/jobs/companies/pvmarktplatzde/sales-manager-photovoltaik-stuttgart-168472'}","{'title': 'CRM Campaign Managers (Talent Pool) (div/f/m)', 'job_url': 'https://www.arbeitnow.com/jobs/companies/dept/crm-campaign-managers-talent-pool-di-133157'}","{'title': 'Head of Finance (m/f/d)', 'job_url': 'https://www.arbeitnow.com/jobs/companies/l1ve-gmbh/head-of-finance-berlin-373281'}","{'title': 'Senior Business Development Manager, Financial Institutions - Germany (f/m/d)', 'job_url': 'https://www.arbeitnow.com/jobs/companies/upvest/senior-business-development-manager-financial-institutions-germany-berlin-229270'}","{'title': 'Associate Business Development Manager, Financial Institutions - Germany (f/m/d)', 'job_url': 'https://www.arbeitnow.com/jobs/companies/upvest/associate-business-development-manager-financial-institutions-germany-berlin-356215'}","{'title': 'Network Intern (f/m/d)', 'job_url': 'https://www.arbeitnow.com/jobs/companies/upvest/network-intern-berlin-307939'}"
"{'title': 'Office Manager (m/w/d) - mit Perspektive People Operations', 'job_url': 'https://www.arbeitnow.com/jobs/companies/cosuno/office-manager-mit-perspektive-people-operations-berlin-on-site-194572'}","{'title': 'People Operations & Workplace Experience Specialist', 'job_url': 'https://www.arbeitnow.com/jobs/companies/airwallex/people-operations-workplace-experience-specialist-berlin-420756'}","{'title': 'People & Operations Manager', 'job_url': 'https://www.arbeitnow.com/jobs/companies/seqana-gmbh/people-operations-manager-berlin-16394'}","{'title': 'People Operations Manager', 'job_url': 'https://www.arbeitnow.com/jobs/companies/proxima-fusion-gmbh/people-operations-manager-munich-328167'}","{'title': 'Data Analytics, Data Science & AI Weiterbildung mit IHK-Abschluss | 100 % Remote', 'job_url': 'https://www.arbeitnow.com/jobs/companies/datasmart-point-gmbh/data-analytics-data-science-ai-weiterbildung-mit-ihk-abschluss-100-remote-berlin-452130'}","{'title': '(Senior) People Operations & Excellence Manager (f/m/d)', 'job_url': 'https://www.arbeitnow.com/jobs/companies/plancraft/senior-people-operations-excellence-manager-hamburg-213283'}","{'title': 'People Operations Manager (German speaking)', 'job_url': 'https://www.arbeitnow.com/jobs/companies/amboss/people-operations-manager-german-speaking-berlin-120709'}","{'title': 'Working Student - People and Culture (Site operations) (f/m/d)', 'job_url': 'https://www.arbeitnow.com/jobs/companies/tytan-technologies-gmbh/working-student-people-and-culture-site-operations-munich-305773'}","{'title': 'Senior People Application Manager (m/f/d)', 'job_url': 'https://www.arbeitnow.com/jobs/companies/raisin/senior-people-application-manager-berlin-berlin-136979'}"
"{'title': 'Product Marketing Manager (m/w/d)', 'job_url': 'https://www.arbeitnow.com/jobs/companies/minerva-biolabs-gmbh/product-marketing-manager-berlin-279965'}","{'title': 'Product Marketing Manager (f/m/x)', 'job_url': 'https://www.arbeitnow.com/jobs/companies/workist-gmbh/product-marketing-manager-berlin-39547'}","{'title': 'Praktkant*in Brand & Product Marketing (m/w/d)', 'job_url': 'https://www.arbeitnow.com/jobs/companies/amperecloud-gmbh/praktkantin-brand-product-marketing-berlin-126694'}","{'title': 'Product Marketing Manager (m/w/d)', 'job_url': 'https://www.arbeitnow.com/jobs/companies/caya-gmbh/product-marketing-manager-berlin-118286'}","{'title': '(Senior) CRM Manager (f/m/d)', 'job_url': 'https://www.arbeitnow.com/jobs/companies/juit-gmbh/senior-crm-manager-berlin-410837'}","{'title': 'Senior Marketing Manager (m/w/d)', 'job_url': 'https://www.arbeitnow.com/jobs/companies/complori/senior-marketing-manager-berlin-70246'}","{'title': 'Senior Marketing Manager (m/w/d)', 'job_url': 'https://www.arbeitnow.com/jobs/companies/complori/senior-marketing-manager-berlin-387466'}","{'title': 'PR & Communications Manager (m/f/d)', 'job_url': 'https://www.arbeitnow.com/jobs/companies/l1ve-gmbh/pr-communications-manager-berlin-350215'}","{'title': 'Performance Marketing Manager', 'job_url': 'https://www.arbeitnow.com/jobs/companies/nailscamp-gmbh/performance-marketing-manager-berlin-135070'}"
"{'title': 'Senior Brand Manager:in vor Ort (Rent a Marketing Team)', 'job_url': 'https://www.arbeitnow.com/jobs/companies/leisure-one-gmbh/senior-brand-managerin-vor-ort-rent-a-marketing-team-hamburg-399684'}","{'title': '(Senior-) Consultant (m/w/d) - Remote + vor Ort beim Kunden', 'job_url': 'https://www.arbeitnow.com/jobs/companies/mhlr-advisory/senior-consultant-remote-vor-ort-beim-kunden-braunschweig-331287'}","{'title': 'Creative Strategist (m/w/d) - Vollzeit, vor Ort in Lingen', 'job_url': 'https://www.arbeitnow.com/jobs/companies/commerce-ventures-gmbh/creative-strategist-vollzeit-vor-ort-in-lingen-359612'}","{'title': 'Content Creator:in (m/w/d) - Vollzeit (Vor Ort, Home-Office möglich)', 'job_url': 'https://www.arbeitnow.com/jobs/companies/inkster-gmbh/content-creatorin-vollzeit-vor-ort-home-office-moglich-hamburg-227229'}","{'title': 'Consultant / Senior Consultant (m/w/d) - Remote und vor Ort beim Kunden', 'job_url': 'https://www.arbeitnow.com/jobs/companies/mhlr-advisory/consultant-senior-consultant-remote-und-vor-ort-beim-kunden-braunschweig-139536'}","{'title': 'Junior AI-Automation Specialist (m/w/d) – vor Ort in Dortmund', 'job_url': 'https://www.arbeitnow.com/jobs/companies/atz-ag/junior-ai-automation-specialist-vor-ort-in-dortmund-258748'}","{'title': 'Online Marketing & Sales Allrounder (m/w/d) - Arbeit mit Sinn - vor Ort in Forchheim', 'job_url': 'https://www.arbeitnow.com/jobs/companies/herzog-windeck-marketing/online-marketing-sales-allrounder-arbeit-mit-sinn-vor-ort-in-forchheim-168091'}","{'title': 'IT-Techniker / Fachinformatiker Systemintegration (m/w/d) | Remote/Home Office mit regionalen Vor-Ort-Einsätzen', 'job_url': 'https://www.arbeitnow.com/jobs/companies/medsolve/it-techniker-fachinformatiker-systemintegration-remote-home-office-mit-regionalen-vor-ort-einsatzen-eschborn-203119'}","{'title': 'AI Engineer / Agentic AI Engineer - Remote (Deutschland) mit gelegentlichem Vor-Ort-Tag', 'job_url': 'https://www.arbeitnow.com/jobs/companies/arcode-systems/ai-engineer-agentic-ai-engineer-remote-deutschland-mit-gelegentlichem-vor-ort-tag-bamberg-355247'}"
"{'title': 'Software-Entwickler (m/w/d) Simulation', 'job_url': 'https://www.arbeitnow.com/jobs/companies/encontec-gmbh/software-entwickler-simulation-aalen-262008'}","{'title': 'Software Engineer - Simulation Platform', 'job_url': 'https://www.arbeitnow.com/jobs/companies/proxima-fusion-gmbh/software-engineer-simulation-platform-munich-424378'}","{'title': 'TLM Simulation Architect', 'job_url': 'https://www.arbeitnow.com/jobs/companies/machineware-gmbh/tlm-simulation-architect-aachen-192774'}","{'title': 'Praktikant*in - Simulation', 'job_url': 'https://www.arbeitnow.com/jobs/companies/miebach-consulting-gmbh/praktikantin-simulation-frankfurt-am-main-499151'}","{'title': 'Werkstudent*in Simulation', 'job_url': 'https://www.arbeitnow.com/jobs/companies/miebach-consulting-gmbh/werkstudentin-simulation-frankfurt-am-main-381751'}","{'title': 'Software-Entwickler (m/w/d) Simulation', 'job_url': 'https://www.arbeitnow.com/jobs/companies/actana-consulting-services-gmbh/software-entwickler-simulation-oberkochen-6734'}","{'title': 'System Software Engineer (gn) Cloud & Simulation', 'job_url': 'https://www.arbeitnow.com/jobs/companies/wandelbots-gmbh/system-software-engineer-gn-cloud-simulation-dresden-405805'}","{'title': 'Senior Simulation Engineer, Computational Physics', 'job_url': 'https://www.arbeitnow.com/jobs/companies/proxima-fusion-gmbh/senior-simulation-engineer-computational-physics-munich-435897'}","{'title': 'Mechanical Engineer – Design & Simulation (f/m/d)', 'job_url': 'https://www.arbeitnow.com/jobs/companies/focused/mechanical-engineer-design-simulation-darmstadt-490387'}"
"{'title': 'Software-Entwickler (m/w/d) C++', 'job_url': 'https://www.arbeitnow.com/jobs/companies/encontec-gmbh/software-entwickler-c-aalen-406663'}","{'title': 'Softwareentwickler (m/w/d) C++ und C#', 'job_url': 'https://www.arbeitnow.com/jobs/companies/finovesta-gmbh/softwareentwickler-c-und-c-dusseldorf-205075'}","{'title': 'Softwareentwickler C++ (m/w/d)', 'job_url': 'https://www.arbeitnow.com/jobs/companies/sensys-magnetometers-survey-solutions/softwareentwickler-c-bad-saarow-342981'}","{'title': 'Softwareentwickler C++ (m/w/d)', 'job_url': 'https://www.arbeitnow.com/jobs/companies/mh-software-gmbh/softwareentwickler-c-karlsruhe-182043'}","{'title': 'Senior Softwareentwickler C# (m/w/d)', 'job_url': 'https://www.arbeitnow.com/jobs/companies/airsphere-gmbh/senior-softwareentwickler-c-seefeld-382389'}","{'title': 'Softwareentwickler C#/.NET (w/m/d)', 'job_url': 'https://www.arbeitnow.com/jobs/companies/strategiep-personalberatung/softwareentwickler-c-net-bremen-148417'}","{'title': 'Senior Softwareentwickler (m/w/d) C++ Testautomatisierung', 'job_url': 'https://www.arbeitnow.com/jobs/companies/proway-gmbh/senior-softwareentwickler-c-testautomatisierung-ulm-64938'}","{'title': 'C++ Softwareentwickler (m/w/d) für Paymentanwendungen', 'job_url': 'https://www.arbeitnow.com/jobs/companies/weat-electronic-datenservice-gmbh/c-softwareentwickler-fur-paymentanwendungen-dusseldorf-496094'}","{'title': 'Senior Softwareentwickler C#/.NET (m/w) Besuchermanagementsystem VISIT', 'job_url': 'https://www.arbeitnow.com/jobs/companies/astrum-it-gmbh/senior-softwareentwickler-c-net-m-w-besuchermanagementsystem-visit-nuremberg-1106'}"
"{'title': 'Interim Einkaufsleitung / Senior Procurement Manager (m/w/d)', 'job_url': 'https://www.arbeitnow.com/jobs/companies/enomyc-gmbh/remote-interim-einkaufsleitung-senior-procurement-manager-stuttgart-453015'}","{'title': 'Research Consultant Interim Management (m/w/d)', 'job_url': 'https://www.arbeitnow.com/jobs/companies/keyplayer-interim-management-gmbh-co-kg/research-consultant-interim-management-munich-62695'}","{'title': 'Interim Controller (gn) SaaS / Grafana', 'job_url': 'https://www.arbeitnow.com/jobs/companies/elani-sports-gmbh/interim-controller-gn-saas-grafana-hamburg-144238'}","{'title': 'Geschäftsführender Partner (m/w/d) für Interim Manager und Berater: Mandate im Retainer statt Projekte im Tagessatz', 'job_url': 'https://www.arbeitnow.com/jobs/companies/thexton-armstrong-nord-und-ost-deutschland/geschaftsfuhrender-partner-fur-interim-manager-und-berater-mandate-im-retainer-statt-projekte-im-tagessatz-berlin-451484'}","{'title': 'Interim Staff Systems Engineer - IT & Infrastructure (d/f/m)', 'job_url': 'https://www.arbeitnow.com/jobs/companies/taxfix/interim-staff-systems-engineer-it-infrastructure-berlin-379431'}","{'title': 'Interim/Freelance Director of IT, Security & Infrastructure (d/f/m)', 'job_url': 'https://www.arbeitnow.com/jobs/companies/taxfix/interim-freelance-director-of-it-security-infrastructure-berlin-165250'}","{'title': 'Leitung Finanzen interim (m/w/d)', 'job_url': 'https://www.arbeitnow.com/jobs/companies/maass-coaching-and-consulting/leitung-finanzen-interim-hamburg-327813'}","{'title': 'Senior Buyer', 'job_url': 'https://www.arbeitnow.com/jobs/companies/hypersonica/senior-buyer-munich-or-london-90250'}","{'title': '(Senior) Purchasing Manager / Strategic Buyer (all genders)', 'job_url': 'https://www.arbeitnow.com/jobs/companies/sunday-natural/senior-purchasing-manager-strategic-buyer-all-genders-berlin-257077'}"
"{'title': 'Teamleiter – Druck (m/w/d)', 'job_url': 'https://www.arbeitnow.com/jobs/companies/storiogroup/teamleiter-druck-kirchheim-bei-munchen-184592'}","{'title': '3D-Druck-Techniker:in (Teilzeit) für FDM-3D-Druck & Online-Handel (m/w/d)', 'job_url': 'https://www.arbeitnow.com/jobs/companies/thrid/3d-druck-technikerin-teilzeit-fur-fdm-3d-druck-online-handel-neuss-60447'}","{'title': 'Konstrukteur / Produktentwickler (m/w/d) für Prüfadapter & Testvorrichtungen - CAD / 3D-Druck', 'job_url': 'https://www.arbeitnow.com/jobs/companies/eloprint/konstrukteur-produktentwickler-fur-prufadapter-testvorrichtungen-cad-3d-druck-esslingen-187886'}","{'title': 'Software Engineer (m/w/d) für 3D-Druck & Slicing-Algorithmen', 'job_url': 'https://www.arbeitnow.com/jobs/companies/layer-performance-gmbh/software-engineer-fur-3d-druck-slicing-algorithmen-aachen-130778'}","{'title': 'Werkstudent*in für den Bereich Maschinenbau / 3D Druck / Formenbau  (m/w/d)', 'job_url': 'https://www.arbeitnow.com/jobs/companies/mouth-propaganda-gmbh/werkstudentin-fur-den-bereich-maschinenbau-3d-druck-formenbau-cologne-98483'}","{'title': 'Teamleiter Automotive', 'job_url': 'https://www.arbeitnow.com/jobs/companies/kondi-gmbh/teamleiter-automotive-heilbronn-11105'}","{'title': 'Teamleiter CRM / E-Mail Marketing (d/w/m)', 'job_url': 'https://www.arbeitnow.com/jobs/companies/mailody-gmbh/teamleiter-crm-e-mail-marketing-berlin-401490'}","{'title': 'Teamleiter (m/w/d)', 'job_url': 'https://www.arbeitnow.com/jobs/companies/rohlik/teamleiter-bischofsheim-445053'}","{'title': 'Teamleiter (m/w/d)', 'job_url': 'https://www.arbeitnow.com/jobs/companies/more-holding-gmbh/teamleiter-frankfurt-am-main-65080'}"
"{'title': 'Projektmanager Influencer Marketing (m/w/d)', 'job_url': 'https://www.arbeitnow.com/jobs/companies/likegroup-gmbh/projektmanager-influencer-marketing-frankfurt-am-main-20495'}","{'title': 'WerkstudentIn Influencer Marketing (m/w/d)', 'job_url': 'https://www.arbeitnow.com/jobs/companies/ykone-gmbh/werkstudentin-influencer-marketing-munich-295752'}","{'title': 'PraktikantIn Influencer Marketing (m/w/d)', 'job_url': 'https://www.arbeitnow.com/jobs/companies/ykone-gmbh/praktikantin-influencer-marketing-munich-315212'}","{'title': 'Influencer Marketing Manager (m/w/d)', 'job_url': 'https://www.arbeitnow.com/jobs/companies/more-money-more-love/influencer-marketing-manager-dusseldorf-331568'}","{'title': 'Influencer Marketing - Werkstudent (M/W/D)', 'job_url': 'https://www.arbeitnow.com/jobs/companies/social-cloud/influencer-marketing-werkstudent-hamburg-391318'}","{'title': 'Trainee (m/w/d) - Influencer Marketing', 'job_url': 'https://www.arbeitnow.com/jobs/companies/maxplus-advertising-gmbh/trainee-influencer-marketing-wiesbaden-463071'}","{'title': 'Influencer Marketing Manager (m/w/d)', 'job_url': 'https://www.arbeitnow.com/jobs/companies/gocomo-gmbh/influencer-marketing-manager-berlin-57756'}","{'title': 'Influencer Marketing Manager (m/w/d)', 'job_url': 'https://www.arbeitnow.com/jobs/companies/benuta-gmbh/influencer-marketing-manager-cologne-109160'}","{'title': 'Influencer Marketing Manager (m/w/d) - YouTube', 'job_url': 'https://www.arbeitnow.com/jobs/companies/adspace/influencer-marketing-manager-youtube-hamburg-474273'}"
"{'title': 'Stellvertretende Teamleitung Zentrale Abrechnung (m/w/d)', 'job_url': 'https://www.arbeitnow.com/jobs/companies/brandner-kg/stellvertretende-teamleitung-zentrale-abrechnung-krumbach-19670'}","{'title': 'Teamleitung Accounting/Head of Accounting (all)', 'job_url': 'https://www.arbeitnow.com/jobs/companies/selected-heads-gmbh/teamleitung-accounting-head-of-accounting-all-berlin-250571'}","{'title': 'Sachbearbeiter Abrechnung Sprechstundenbedarf & Pflegeboxen (m/w/d)', 'job_url': 'https://www.arbeitnow.com/jobs/companies/pharmazon24-gmbh/sachbearbeiter-abrechnung-sprechstundenbedarf-pflegeboxen-munich-363229'}","{'title': 'Abrechnungsfachkraft (m/w/d) - Ambulante ärztliche Abrechnung', 'job_url': 'https://www.arbeitnow.com/jobs/companies/privatinstitut-fur-klinikmanagement-gmbh/ambulante-abrechnungsmanagerin-ebm-goa-cologne-189623'}","{'title': 'Freelance Senior Product Manager (w/m/d) - Abrechnung & ERP', 'job_url': 'https://www.arbeitnow.com/jobs/companies/arsipa-gmbh/remote-freelance-senior-product-manager-abrechnung-erp-berlin-327587'}","{'title': 'Teamleitung Buchhaltung (m/w/d)', 'job_url': 'https://www.arbeitnow.com/jobs/companies/evangelische-diakonieschwesternschaft-herrenberg-korntal-ev/teamleitung-buchhaltung-herrenberg-319039'}","{'title': 'Freelance Senior Product Manager / Product Consultant (w/m/d) – Abrechnung & ERP | Remote', 'job_url': 'https://www.arbeitnow.com/jobs/companies/arsipa-gmbh/freelance-senior-product-manager-product-consultant-abrechnung-erp-remote-berlin-489009'}","{'title': 'Stv. Bereichsleitung After Sales (m/w/d)', 'job_url': 'https://www.arbeitnow.com/jobs/companies/volentum-deutschland-gmbh/stv-bereichsleitung-after-sales-goslar-444084'}","{'title': 'Teamleitung Buchhaltung / Finance (m/w/d)', 'job_url': 'https://www.arbeitnow.com/jobs/companies/sera-werke-heimtierbedarf-j-ravnak-gmbh-cokg/teamleitung-buchhaltung-finance-heinsberg-151371'}"
"{'title': 'Senior IT-Projektmanager / Technical Consultant (m/w/d)', 'job_url': 'https://www.arbeitnow.com/jobs/companies/it-studio-rech-gmbh/senior-it-projektmanager-technical-consultant-wurzburg-62128'}","{'title': 'Senior IT Administrator (m/w/d)', 'job_url': 'https://www.arbeitnow.com/jobs/companies/think-about-it-gmbh/senior-it-administrator-bochum-63502'}","{'title': '(Senior) Consultant Transportprozesse (m/w/d)', 'job_url': 'https://www.arbeitnow.com/jobs/companies/flexus-ag/senior-consultant-transportprozesse-wurzburg-218605'}","{'title': 'Senior Technischer Consultant IT-Sicherheit (m/w/d)', 'job_url': 'https://www.arbeitnow.com/jobs/companies/the-bristol-group-deutschland-gmbh/senior-technischer-consultant-it-sicherheit-langen-221128'}","{'title': 'IT Administrator / (Senior) IT Administrator', 'job_url': 'https://www.arbeitnow.com/jobs/companies/apex-ai/it-administrator-senior-it-administrator-munich-4279'}","{'title': 'Senior IT-/OT Network & Security Administrator (m/w/d), Ref. 1380', 'job_url': 'https://www.arbeitnow.com/jobs/companies/ip-systems-gmbh/senior-it-ot-network-security-administrator-ref-1380-cologne-472826'}","{'title': 'Microsoft Purview Senior Consultant (m/w/d)', 'job_url': 'https://www.arbeitnow.com/jobs/companies/nviso/microsoft-purview-senior-consultant-frankfurt-am-main-183899'}","{'title': 'Senior AI Architect & Consultant (m/w/d)', 'job_url': 'https://www.arbeitnow.com/jobs/companies/mayflower-gmbh/senior-ai-architect-consultant-wurzburg-57514'}","{'title': 'Senior IT Solution Architect (m/w/d)', 'job_url': 'https://www.arbeitnow.com/jobs/companies/noris-network-ag/senior-it-solution-architect-nuremberg-59249'}"
"{'title': 'Working Student HR & People Operations (m/f/d)', 'job_url': 'https://www.arbeitnow.com/jobs/companies/omegga/working-student-hr-people-operations-munich-261075'}","{'title': 'Working Student - People and Culture (Site operations) (f/m/d)', 'job_url': 'https://www.arbeitnow.com/jobs/companies/tytan-technologies-gmbh/working-student-people-and-culture-site-operations-munich-305773'}","{'title': 'Working Student People Operations (m/f/d)', 'job_url': 'https://www.arbeitnow.com/jobs/companies/statista/working-student-people-operations-hamburg-385054'}","{'title': 'Working Student – Talent & Operations', 'job_url': 'https://www.arbeitnow.com/jobs/companies/apheris/working-student-talent-operations-germany-berlin-476828'}","{'title': 'Working Student HR & Recruitment (m/f/d)', 'job_url': 'https://www.arbeitnow.com/jobs/companies/ecovacs-europe-gmbh/working-student-hr-recruitment-dusseldorf-345642'}","{'title': 'HR Management Intern / Working Student (m/w/d)', 'job_url': 'https://www.arbeitnow.com/jobs/companies/trusteq-gmbh/hr-management-intern-working-student-munchen-464190'}","{'title': 'Working Student - People & Culture (all genders)', 'job_url': 'https://www.arbeitnow.com/jobs/companies/justplay-gmbh/working-student-people-culture-all-genders-berlin-175262'}","{'title': 'Working Student - Operations  (f/m/d)', 'job_url': 'https://www.arbeitnow.com/jobs/companies/tytan-technologies-gmbh/working-student-operations-munich-262144'}","{'title': 'Working Student (f/m/d) Business Development & Operations', 'job_url': 'https://www.arbeitnow.com/jobs/companies/unternehmertum-ggmbh/working-student-business-development-operations-garching-munchen-345882'}"
"{'title': 'Applied AI Engineer, Codex', 'job_url': 'https://www.arbeitnow.com/jobs/companies/openai/applied-ai-engineer-codex-munich-356526'}","{'title': 'Applied AI Engineer - Remote', 'job_url': 'https://www.arbeitnow.com/jobs/companies/dexter-health/applied-ai-engineer-remote-cologne-460022'}","{'title': 'Applied AI Engineer', 'job_url': 'https://www.arbeitnow.com/jobs/companies/moss/applied-ai-engineer-berlin-395031'}","{'title': 'Applied AI Engineer, Enterprise', 'job_url': 'https://www.arbeitnow.com/jobs/companies/anthropic/applied-ai-engineer-enterprise-munich-284302'}","{'title': 'Applied AI Engineer', 'job_url': 'https://www.arbeitnow.com/jobs/companies/nexxaai/applied-ai-engineer-munich-germany-hybrid-131230'}","{'title': 'Applied AI Engineer', 'job_url': 'https://www.arbeitnow.com/jobs/companies/bjak/applied-ai-engineer-germany-161054'}","{'title': 'Applied AI Engineer', 'job_url': 'https://www.arbeitnow.com/jobs/companies/bjak/applied-ai-engineer-germany-121817'}","{'title': 'Applied AI, Technical Lead, Forward Deployed AI Engineer', 'job_url': 'https://www.arbeitnow.com/jobs/companies/mistralai/applied-ai-technical-lead-forward-deployed-ai-engineer-munich-480362'}","{'title': 'Applied AI Developer - Remote', 'job_url': 'https://www.arbeitnow.com/jobs/companies/dexter-health/applied-ai-developer-remote-cologne-318093'}"
"{'title': 'Enterprise Customer Success Team Lead DACH', 'job_url': 'https://www.arbeitnow.com/jobs/companies/sosafe/enterprise-customer-success-team-lead-dach-cologne-412735'}","{'title': 'Senior Customer Success Manager - DACH', 'job_url': 'https://www.arbeitnow.com/jobs/companies/constructor/senior-customer-success-manager-dach-munich-236289'}","{'title': 'Customer Success Leader, Southern Europe & DACH', 'job_url': 'https://www.arbeitnow.com/jobs/companies/harvey/customer-success-leader-southern-europe-dach-munich-383189'}","{'title': 'Customer Success Manager, Enterprise, EMEA', 'job_url': 'https://www.arbeitnow.com/jobs/companies/harvey/customer-success-manager-enterprise-emea-munich-297175'}","{'title': 'Director, Customer Success, EMEA', 'job_url': 'https://www.arbeitnow.com/jobs/companies/gitlab/remote-director-customer-success-emea-429624'}","{'title': 'Customer Success - DACH', 'job_url': 'https://www.arbeitnow.com/jobs/companies/elevenlabs-jobs/customer-success-dach-germany-408924'}","{'title': 'Customer Success - DACH', 'job_url': 'https://www.arbeitnow.com/jobs/companies/elevenlabs-jobs/customer-success-dach-germany-303166'}","{'title': 'Customer Success Manager - AMER', 'job_url': 'https://www.arbeitnow.com/jobs/companies/camunda/remote-customer-success-manager-amer-94355'}","{'title': 'Senior Customer Success Manager', 'job_url': 'https://www.arbeitnow.com/jobs/companies/walkme/senior-customer-success-manager-berlin-428918'}"
"{'title': ""Director of Sales Development (SDR's) EMEA"", 'job_url': 'https://www.arbeitnow.com/jobs/companies/sosafe/director-of-sales-development-sdrs-emea-cologne-251946'}","{'title': 'Business Development Representative (EMEA)', 'job_url': 'https://www.arbeitnow.com/jobs/companies/qdranttech/business-development-representative-emea-berlin-28458'}","{'title': 'Channel Director EMEA', 'job_url': 'https://www.arbeitnow.com/jobs/companies/firemon/remote-channel-director-emea-407159'}","{'title': 'Senior Sales Manager - EMEA', 'job_url': 'https://www.arbeitnow.com/jobs/companies/inmobi/senior-sales-manager-emea-cologne-149449'}","{'title': 'Business Development Representative', 'job_url': 'https://www.arbeitnow.com/jobs/companies/zip/business-development-representative-munich-77234'}","{'title': 'Enterprise Account Executive (EMEA FSP 2)', 'job_url': 'https://www.arbeitnow.com/jobs/companies/magnet-forensics/enterprise-account-executive-emea-fsp-2-germany-65040'}","{'title': 'VP Sales, EMEA', 'job_url': 'https://www.arbeitnow.com/jobs/companies/cohere/vp-sales-emea-berlin-394823'}","{'title': 'Director, Customer Success, EMEA', 'job_url': 'https://www.arbeitnow.com/jobs/companies/gitlab/remote-director-customer-success-emea-429624'}","{'title': 'Regional Costing, Insights & Consulting Director EMEA (m/f/d)', 'job_url': 'https://www.arbeitnow.com/jobs/companies/a2mac1/regional-costing-insights-consulting-director-emea-munich-255286'}"
"{'title': 'Mid-Market Sales Development Representative DACH (m/w/d)', 'job_url': 'https://www.arbeitnow.com/jobs/companies/sosafe/mid-market-sales-development-representative-dach-cologne-40003'}","{'title': 'Account Executive - DACH (Mid Market)', 'job_url': 'https://www.arbeitnow.com/jobs/companies/openup/account-executive-dach-mid-market-22539'}","{'title': 'Sales Director DACH', 'job_url': 'https://www.arbeitnow.com/jobs/companies/exeon-analytics/remote-sales-director-dach-335357'}","{'title': 'Sales Director - DACH', 'job_url': 'https://www.arbeitnow.com/jobs/companies/openup/sales-director-dach-368517'}","{'title': 'Enterprise Sales Leader DACH', 'job_url': 'https://www.arbeitnow.com/jobs/companies/n8n/enterprise-sales-leader-dach-berlin-348518'}","{'title': 'Sales Director,  DACH', 'job_url': 'https://www.arbeitnow.com/jobs/companies/fireblocks/sales-director-dach-berlin-berlin-451992'}","{'title': 'Regional Sales Manager - DACH', 'job_url': 'https://www.arbeitnow.com/jobs/companies/elliptic/regional-sales-manager-dach-frankfurt-90824'}","{'title': 'Senior Solution Consultant (Pre-Sales) - DACH', 'job_url': 'https://www.arbeitnow.com/jobs/companies/ampeco-global/senior-solution-consultant-pre-sales-dach-germany-267150'}","{'title': 'Senior Sales Engineer - DACH', 'job_url': 'https://www.arbeitnow.com/jobs/companies/camunda/remote-senior-sales-engineer-dach-492983'}"
"{'title': 'Sales Development Representative DACH (m/w/d) - Public Sector', 'job_url': 'https://www.arbeitnow.com/jobs/companies/sosafe/sales-development-representative-dach-public-sector-cologne-316946'}","{'title': 'Enterprise Account Executive, Public Sector, DACH', 'job_url': 'https://www.arbeitnow.com/jobs/companies/anthropic/enterprise-account-executive-public-sector-dach-munich-121504'}","{'title': 'Senior Sales Engineer, Public Sector - Germany', 'job_url': 'https://www.arbeitnow.com/jobs/companies/zscaler/senior-sales-engineer-public-sector-germany-66235'}","{'title': 'Account Executive, Public Sector', 'job_url': 'https://www.arbeitnow.com/jobs/companies/avepoint/account-executive-public-sector-munich-379863'}","{'title': 'Head of Sales EMEA, Public Sector', 'job_url': 'https://www.arbeitnow.com/jobs/companies/cohere/head-of-sales-emea-public-sector-berlin-301131'}","{'title': 'Senior Account Executive Public Sector (m/w/d)', 'job_url': 'https://www.arbeitnow.com/jobs/companies/natuvion-gmbh/remote-senior-account-executive-public-sector-berlin-73324'}","{'title': 'Consultant Public Sector (all genders)', 'job_url': 'https://www.arbeitnow.com/jobs/companies/init-ag/consultant-public-sector-all-genders-koln-308530'}","{'title': 'Senior Account Executive, Public Sector Germany', 'job_url': 'https://www.arbeitnow.com/jobs/companies/dataiku/remote-senior-account-executive-public-sector-germany-490816'}","{'title': 'Consultant Public Sector (all genders)', 'job_url': 'https://www.arbeitnow.com/jobs/companies/init-ag/consultant-public-sector-all-genders-mainz-271548'}"
"{'title': 'Sales Development Representative DACH (m/w/d)', 'job_url': 'https://www.arbeitnow.com/jobs/companies/sosafe/sales-development-representative-dach-cologne-117814'}","{'title': 'Sales Director DACH', 'job_url': 'https://www.arbeitnow.com/jobs/companies/exeon-analytics/remote-sales-director-dach-335357'}","{'title': 'Sales Director - DACH', 'job_url': 'https://www.arbeitnow.com/jobs/companies/openup/sales-director-dach-368517'}","{'title': 'Enterprise Sales Leader DACH', 'job_url': 'https://www.arbeitnow.com/jobs/companies/n8n/enterprise-sales-leader-dach-berlin-348518'}","{'title': 'Sales Director,  DACH', 'job_url': 'https://www.arbeitnow.com/jobs/companies/fireblocks/sales-director-dach-berlin-berlin-451992'}","{'title': 'Regional Sales Manager - DACH', 'job_url': 'https://www.arbeitnow.com/jobs/companies/elliptic/regional-sales-manager-dach-frankfurt-90824'}","{'title': 'Senior Solution Consultant (Pre-Sales) - DACH', 'job_url': 'https://www.arbeitnow.com/jobs/companies/ampeco-global/senior-solution-consultant-pre-sales-dach-germany-267150'}","{'title': 'Senior Sales Engineer - DACH', 'job_url': 'https://www.arbeitnow.com/jobs/companies/camunda/remote-senior-sales-engineer-dach-492983'}","{'title': 'Sales Development Representative - DACH (Berlin Hybrid)', 'job_url': 'https://www.arbeitnow.com/jobs/companies/n8n/sales-development-representative-dach-berlin-hybrid-24676'}"
"{'title': 'Corporate (Mid-Market) Account Executive DACH (m/w/d)', 'job_url': 'https://www.arbeitnow.com/jobs/companies/sosafe/corporate-mid-market-account-executive-dach-cologne-329750'}","{'title': 'Corporate Account Executive (x/f/m) - DACH', 'job_url': 'https://www.arbeitnow.com/jobs/companies/pigment/corporate-account-executive-dach-frankfurt-313062'}","{'title': 'Account Executive - DACH (Mid Market)', 'job_url': 'https://www.arbeitnow.com/jobs/companies/openup/account-executive-dach-mid-market-22539'}","{'title': 'Account Executive - Mid Market, DACH', 'job_url': 'https://www.arbeitnow.com/jobs/companies/hubspotjobs/account-executive-mid-market-dach-berlin-83436'}","{'title': 'Account Executive - Mid Market, DACH', 'job_url': 'https://www.arbeitnow.com/jobs/companies/hubspotjobs/account-executive-mid-market-dach-berlin-430517'}","{'title': 'Lead Account Executive, Specialisation - Corporate - DACH (Germany Based)', 'job_url': 'https://www.arbeitnow.com/jobs/companies/hubspotjobs/lead-account-executive-specialisation-corporate-dach-germany-based-473053'}","{'title': 'Account Executive - Mid Market, DACH (Remote)', 'job_url': 'https://www.arbeitnow.com/jobs/companies/hubspotjobs/account-executive-mid-market-dach-remote-279176'}","{'title': 'Account Executive - Mid Market, DACH (Remote)', 'job_url': 'https://www.arbeitnow.com/jobs/companies/hubspotjobs/account-executive-mid-market-dach-remote-31142'}","{'title': 'Account Executive DACH - Mid-Market (m/f/d)', 'job_url': 'https://www.arbeitnow.com/jobs/companies/agicap/account-executive-dach-mid-market-dusseldorf-112445'}"
"{'title': 'Medical Translators - German into Estonian - Remote', 'job_url': 'https://www.arbeitnow.com/jobs/companies/lilt-production/medical-translators-german-into-estonian-remote-berlin-291494'}","{'title': 'Medical Writer/Senior Medical Writer (German/English Medical Affairs & Marketing)', 'job_url': 'https://www.arbeitnow.com/jobs/companies/realchemistry/medical-writer-senior-medical-writer-german-english-medical-affairs-marketing-290826'}","{'title': 'Kundenservice Mobilfunk Inbound - Freelancer - EU, außerhalb Deutschland - 100% Remote', 'job_url': 'https://www.arbeitnow.com/jobs/companies/hey-contact-heroes-gmbh/kundenservice-mobilfunk-inbound-freelancer-eu-ausserhalb-deutschland-100-remote-berlin-146674'}","{'title': 'Data Analytics, Data Science & AI Weiterbildung mit IHK-Abschluss | 100 % Remote', 'job_url': 'https://www.arbeitnow.com/jobs/companies/datasmart-point-gmbh/data-analytics-data-science-ai-weiterbildung-mit-ihk-abschluss-100-remote-berlin-452130'}","{'title': 'Medical Data Intern (x/f/m)', 'job_url': 'https://www.arbeitnow.com/jobs/companies/doctolib/medical-data-intern-berlin-berlin-388443'}","{'title': 'Senior Product Designer (German-speaking) Remote', 'job_url': 'https://www.arbeitnow.com/jobs/companies/finom/senior-product-designer-german-speaking-remote-berlin-272268'}","{'title': 'Post Market Surveillance Specialist for Medical Devices', 'job_url': 'https://www.arbeitnow.com/jobs/companies/novanta-europe-gmbh/post-market-surveillance-specialist-for-medical-devices-berlin-144405'}","{'title': 'Research Engineer – Machine Learning & Medical Imaging', 'job_url': 'https://www.arbeitnow.com/jobs/companies/imfusion/research-engineer-machine-learning-medical-imaging-munich-432050'}","{'title': '(Sr.) Medical Scientific Liaison Germany - South', 'job_url': 'https://www.arbeitnow.com/jobs/companies/acadia-job-listings/sr-medical-scientific-liaison-germany-south-21616'}"
"{'title': 'Medical Translators - German into Norwegian - Remote', 'job_url': 'https://www.arbeitnow.com/jobs/companies/lilt-production/medical-translators-german-into-norwegian-remote-berlin-222019'}","{'title': 'Medical Writer/Senior Medical Writer (German/English Medical Affairs & Marketing)', 'job_url': 'https://www.arbeitnow.com/jobs/companies/realchemistry/medical-writer-senior-medical-writer-german-english-medical-affairs-marketing-290826'}","{'title': 'Kundenservice Mobilfunk Inbound - Freelancer - EU, außerhalb Deutschland - 100% Remote', 'job_url': 'https://www.arbeitnow.com/jobs/companies/hey-contact-heroes-gmbh/kundenservice-mobilfunk-inbound-freelancer-eu-ausserhalb-deutschland-100-remote-berlin-146674'}","{'title': 'Data Analytics, Data Science & AI Weiterbildung mit IHK-Abschluss | 100 % Remote', 'job_url': 'https://www.arbeitnow.com/jobs/companies/datasmart-point-gmbh/data-analytics-data-science-ai-weiterbildung-mit-ihk-abschluss-100-remote-berlin-452130'}","{'title': 'Medical Data Intern (x/f/m)', 'job_url': 'https://www.arbeitnow.com/jobs/companies/doctolib/medical-data-intern-berlin-berlin-388443'}","{'title': 'Senior Product Designer (German-speaking) Remote', 'job_url': 'https://www.arbeitnow.com/jobs/companies/finom/senior-product-designer-german-speaking-remote-berlin-272268'}","{'title': 'Post Market Surveillance Specialist for Medical Devices', 'job_url': 'https://www.arbeitnow.com/jobs/companies/novanta-europe-gmbh/post-market-surveillance-specialist-for-medical-devices-berlin-144405'}","{'title': 'Research Engineer – Machine Learning & Medical Imaging', 'job_url': 'https://www.arbeitnow.com/jobs/companies/imfusion/research-engineer-machine-learning-medical-imaging-munich-432050'}","{'title': '(Sr.) Medical Scientific Liaison Germany - South', 'job_url': 'https://www.arbeitnow.com/jobs/companies/acadia-job-listings/sr-medical-scientific-liaison-germany-south-21616'}"
"{'title': 'Linguist - Japanese - Remote', 'job_url': 'https://www.arbeitnow.com/jobs/companies/lilt-production/linguist-japanese-remote-79710'}","{'title': 'Kundenservice Mobilfunk Inbound - Freelancer - EU, außerhalb Deutschland - 100% Remote', 'job_url': 'https://www.arbeitnow.com/jobs/companies/hey-contact-heroes-gmbh/kundenservice-mobilfunk-inbound-freelancer-eu-ausserhalb-deutschland-100-remote-berlin-146674'}","{'title': 'Data Analytics, Data Science & AI Weiterbildung mit IHK-Abschluss | 100 % Remote', 'job_url': 'https://www.arbeitnow.com/jobs/companies/datasmart-point-gmbh/data-analytics-data-science-ai-weiterbildung-mit-ihk-abschluss-100-remote-berlin-452130'}","{'title': 'Senior Security Engineer - Remote', 'job_url': 'https://www.arbeitnow.com/jobs/companies/parity/senior-security-engineer-remote-359025'}","{'title': 'Sales Executive - Germany (Remote)', 'job_url': 'https://www.arbeitnow.com/jobs/companies/anyvan/sales-executive-germany-remote-236584'}","{'title': 'Customer Success Manager (Remote, Portugal)', 'job_url': 'https://www.arbeitnow.com/jobs/companies/easygenerator/customer-success-manager-remote-portugal-17052'}","{'title': '(Senior) Software Engineer - Data Integration Focus - Remote (m/f/d)', 'job_url': 'https://www.arbeitnow.com/jobs/companies/praxipal/senior-software-engineer-data-integration-focus-remote-416977'}","{'title': 'Head of Demand Generation (Remote, United Kingdom)', 'job_url': 'https://www.arbeitnow.com/jobs/companies/easygenerator/head-of-demand-generation-remote-united-kingdom-467361'}","{'title': 'Remote Chatter', 'job_url': 'https://www.arbeitnow.com/jobs/companies/pooglewoogle/remote-chatter-bad-durrheim-346941'}"
"{'title': 'Voice Talent - German - Remote', 'job_url': 'https://www.arbeitnow.com/jobs/companies/lilt-production/voice-talent-german-remote-berlin-303461'}","{'title': 'Kundenservice Mobilfunk Inbound - Freelancer - EU, außerhalb Deutschland - 100% Remote', 'job_url': 'https://www.arbeitnow.com/jobs/companies/hey-contact-heroes-gmbh/kundenservice-mobilfunk-inbound-freelancer-eu-ausserhalb-deutschland-100-remote-berlin-146674'}","{'title': 'Data Analytics, Data Science & AI Weiterbildung mit IHK-Abschluss | 100 % Remote', 'job_url': 'https://www.arbeitnow.com/jobs/companies/datasmart-point-gmbh/data-analytics-data-science-ai-weiterbildung-mit-ihk-abschluss-100-remote-berlin-452130'}","{'title': 'Senior Talent Partner (German Speaking) (f/m/d)', 'job_url': 'https://www.arbeitnow.com/jobs/companies/liqid-lig/senior-talent-partner-german-speaking-berlin-16798'}","{'title': 'Talent Acquisition German Fluency: Germany', 'job_url': 'https://www.arbeitnow.com/jobs/companies/avomind/remote-talent-acquisition-german-fluency-germany-476249'}","{'title': 'Senior Sales Specialist - Voice - DACH', 'job_url': 'https://www.arbeitnow.com/jobs/companies/deepl-jobs/senior-sales-specialist-voice-dach-munich-110018'}","{'title': 'Senior Sales Specialist Voice | DACH', 'job_url': 'https://www.arbeitnow.com/jobs/companies/deepl-jobs/senior-sales-specialist-voice-dach-munich-405851'}","{'title': 'Forward Deployed Engineer (Audio & Voice AI)', 'job_url': 'https://www.arbeitnow.com/jobs/companies/ai-coustics/forward-deployed-engineer-audio-voice-ai-berlin-18669'}","{'title': 'Talent Partner (m/f/d)', 'job_url': 'https://www.arbeitnow.com/jobs/companies/amperecloud-gmbh/talent-partner-berlin-411550'}"
"{'title': 'Enterprise Customer Success Manager - German Speaker', 'job_url': 'https://www.arbeitnow.com/jobs/companies/synthesia/enterprise-customer-success-manager-german-speaker-munich-68156'}","{'title': 'Customer Success Manager (AI Enterprise)', 'job_url': 'https://www.arbeitnow.com/jobs/companies/almetra/customer-success-manager-ai-enterprise-munich-130125'}","{'title': 'Customer Success Manager - German Speaking', 'job_url': 'https://www.arbeitnow.com/jobs/companies/nooxit-gmbh/customer-success-manager-german-speaking-berlin-122753'}","{'title': 'Customer Success Manager, Enterprise, EMEA', 'job_url': 'https://www.arbeitnow.com/jobs/companies/harvey/customer-success-manager-enterprise-emea-munich-297175'}","{'title': 'Senior Customer Success Manager (German speaking)', 'job_url': 'https://www.arbeitnow.com/jobs/companies/lumaai/senior-customer-success-manager-german-speaking-munich-363807'}","{'title': 'Founding Customer Success Manager (German-speaking)', 'job_url': 'https://www.arbeitnow.com/jobs/companies/bowatt/founding-customer-success-manager-german-speaking-munich-272794'}","{'title': 'Customer Success Manager - German Market (Berlin)', 'job_url': 'https://www.arbeitnow.com/jobs/companies/lexroom/customer-success-manager-german-market-berlin-407300'}","{'title': 'Customer Success Manager', 'job_url': 'https://www.arbeitnow.com/jobs/companies/arc-intelligence-gmbh/customer-success-manager-berlin-183182'}","{'title': 'Enterprise Customer Success Team Lead DACH', 'job_url': 'https://www.arbeitnow.com/jobs/companies/sosafe/enterprise-customer-success-team-lead-dach-cologne-412735'}"
"{'title': 'GTM & Partnerships Lead (m/w/d)', 'job_url': 'https://www.arbeitnow.com/jobs/companies/scaile-technologies-gmbh/gtm-partnerships-lead-munich-312688'}","{'title': 'Partnerships Lead (f/m/x)', 'job_url': 'https://www.arbeitnow.com/jobs/companies/doinstruct/partnerships-lead-berlin-473596'}","{'title': 'GTM Team Lead - Munich', 'job_url': 'https://www.arbeitnow.com/jobs/companies/legora/gtm-team-lead-munich-432761'}","{'title': 'Lead - Global Partnerships and Fundraising', 'job_url': 'https://www.arbeitnow.com/jobs/companies/inco-group/lead-global-partnerships-and-fundraising-berlin-300751'}","{'title': 'Strategic Supply Partnerships Lead (REMOTE)', 'job_url': 'https://www.arbeitnow.com/jobs/companies/replug/strategic-supply-partnerships-lead-remote-berlin-149503'}","{'title': 'Strategic Partnerships Manager, Germany', 'job_url': 'https://www.arbeitnow.com/jobs/companies/openai/strategic-partnerships-manager-germany-munich-345723'}","{'title': 'Visiting GTM Fellow (Intern)', 'job_url': 'https://www.arbeitnow.com/jobs/companies/lyceum/visiting-gtm-fellow-intern-berlin-229439'}","{'title': 'GTM Associate', 'job_url': 'https://www.arbeitnow.com/jobs/companies/comstruct-ict/gtm-associate-munich-41367'}","{'title': 'Applied AI Architect, Partnerships', 'job_url': 'https://www.arbeitnow.com/jobs/companies/anthropic/applied-ai-architect-partnerships-munich-488937'}"
"{'title': 'Werkstudent:in bei FlyAgain - Deutschlands großer Rundflugplattform', 'job_url': 'https://www.arbeitnow.com/jobs/companies/drivar/werkstudentin-bei-flyagain-deutschlands-grosser-rundflugplattform-magdeburg-460482'}","{'title': 'Kundenservice Mobilfunk Inbound - Freelancer - EU, außerhalb Deutschland - 100% Remote', 'job_url': 'https://www.arbeitnow.com/jobs/companies/hey-contact-heroes-gmbh/kundenservice-mobilfunk-inbound-freelancer-eu-ausserhalb-deutschland-100-remote-berlin-146674'}","{'title': 'Data Analytics, Data Science & AI Weiterbildung mit IHK-Abschluss | 100 % Remote', 'job_url': 'https://www.arbeitnow.com/jobs/companies/datasmart-point-gmbh/data-analytics-data-science-ai-weiterbildung-mit-ihk-abschluss-100-remote-berlin-452130'}","{'title': 'Werkstudent:in im Marketing bei Ogaenics gesucht', 'job_url': 'https://www.arbeitnow.com/jobs/companies/ogaenics/werkstudentin-im-marketing-bei-ogaenics-gesucht-hamburg-246669'}","{'title': 'Werkstudent:in Softwareentwicklung bei KI-Startup (m/w/d)', 'job_url': 'https://www.arbeitnow.com/jobs/companies/dreifachai/werkstudentin-softwareentwicklung-bei-ki-startup-cologne-464933'}","{'title': 'Werkstudentin Community Management (m/w/d)', 'job_url': 'https://www.arbeitnow.com/jobs/companies/players-for-good-ggmbh/werkstudentin-community-management-cologne-316465'}","{'title': 'B2B Video Content Creator (Teilzeit oder Freelance) bei Meet5 (m/w/d)', 'job_url': 'https://www.arbeitnow.com/jobs/companies/meet5-gmbh/b2b-video-content-creator-teilzeit-oder-freelance-bei-meet5-frankfurt-am-main-284229'}","{'title': 'Werkstudentin / Freelancerin Social Media & Video Editing', 'job_url': 'https://www.arbeitnow.com/jobs/companies/sovi-socials/werkstudentin-freelancerin-social-media-video-editing-aachen-468528'}","{'title': 'Werkstudentin Marketing & Content', 'job_url': 'https://www.arbeitnow.com/jobs/companies/happy-immo-club/werkstudentin-marketing-content-berlin-304756'}"
"{'title': 'Senior Software Engineer - Local payments', 'job_url': 'https://www.arbeitnow.com/jobs/companies/ppro/senior-software-engineer-local-payments-berlin-95575'}","{'title': 'Payments Manager', 'job_url': 'https://www.arbeitnow.com/jobs/companies/congrify-payments-intelligence-an-ixopay-company/payments-operations-analyst-munich-367198'}","{'title': '(Senior) Consultant* - SEPA-Payments', 'job_url': 'https://www.arbeitnow.com/jobs/companies/capco/senior-consultant-sepa-payments-393914'}","{'title': '(Senior) Consultant* - SEPA-Payments', 'job_url': 'https://www.arbeitnow.com/jobs/companies/capco/senior-consultant-sepa-payments-445811'}","{'title': '(Senior) Consultant* - SEPA-Payments', 'job_url': 'https://www.arbeitnow.com/jobs/companies/capco/senior-consultant-sepa-payments-342461'}","{'title': '(Senior) Consultant* - SEPA-Payments', 'job_url': 'https://www.arbeitnow.com/jobs/companies/capco/senior-consultant-sepa-payments-449100'}","{'title': '(Senior) Consultant* - Payments Transformation', 'job_url': 'https://www.arbeitnow.com/jobs/companies/capco/senior-consultant-payments-transformation-147892'}","{'title': '(Senior) Consultant* - Payments Transformation', 'job_url': 'https://www.arbeitnow.com/jobs/companies/capco/senior-consultant-payments-transformation-23293'}","{'title': '(Senior) Consultant* - Payments Transformation', 'job_url': 'https://www.arbeitnow.com/jobs/companies/capco/senior-consultant-payments-transformation-46493'}"
"{'title': 'System Engineer - Virtualisierung (m/w/d)', 'job_url': 'https://www.arbeitnow.com/jobs/companies/skaylink/system-engineer-virtualisierung-essen-nordrhein-westfalen-191896'}","{'title': 'Linux-Administrator (m/w/d) / Virtualisierung', 'job_url': 'https://www.arbeitnow.com/jobs/companies/kid-magdeburg-gmbh/linux-administrator-virtualisierung-magdeburg-46272'}","{'title': 'IT-Systemadministrator (m/w/d) – Schwerpunkt Citrix, Terminalserver & Virtualisierung', 'job_url': 'https://www.arbeitnow.com/jobs/companies/davita-deutschland-ag/it-systemadministratorin-schwerpunkt-citrix-virtualisierung-cloud-hamburg-441657'}","{'title': 'Senior Systemadministrator (m/w/d) Server & Virtualisierung', 'job_url': 'https://www.arbeitnow.com/jobs/companies/hubside-die-recruitingwerkstatt/senior-systemadministrator-server-virtualisierung-munich-492072'}","{'title': 'System Engineer Linux-Infrastruktur & Virtualisierung (m/w/d)', 'job_url': 'https://www.arbeitnow.com/jobs/companies/reisewitz-gmbh-co-kg/system-engineer-linux-infrastruktur-virtualisierung-bad-lippspringe-481743'}","{'title': 'Senior IT-Systemadministrator / System Engineer (m/w/d) - Schwerpunkt Virtualisierung, Windows Server & IT-Sicherheit', 'job_url': 'https://www.arbeitnow.com/jobs/companies/tilko-gmbh/senior-it-systemadministrator-system-engineer-schwerpunkt-virtualisierung-windows-server-it-sicherheit-mannheim-178157'}","{'title': 'DevOps Engineer / System Engineer Linux & Data (m/w/d)', 'job_url': 'https://www.arbeitnow.com/jobs/companies/flexit-consulting-gmbh/devops-engineer-system-engineer-linux-data-duisburg-114188'}","{'title': 'Frontend Engineer (m/w/d)', 'job_url': 'https://www.arbeitnow.com/jobs/companies/fourbyte-gmbh/frontend-engineer-cologne-23823'}","{'title': 'IT System Engineer (m/w/d)', 'job_url': 'https://www.arbeitnow.com/jobs/companies/looma-gmbh/it-system-engineer-magdeburg-292610'}"
"{'title': 'System Engineer - Backup & Monitoring (m/w/d)', 'job_url': 'https://www.arbeitnow.com/jobs/companies/skaylink/system-engineer-backup-monitoring-essen-nordrhein-westfalen-186104'}","{'title': 'IT Backup Engineer (m/w/d) in Cottbus', 'job_url': 'https://www.arbeitnow.com/jobs/companies/medialine-eurotrade-ag/it-backup-engineer-in-cottbus-445431'}","{'title': 'IT Backup Engineer (m/w/d)', 'job_url': 'https://www.arbeitnow.com/jobs/companies/medialine-eurotrade-ag/it-backup-engineer-dresden-259153'}","{'title': 'IT Consultant im Bereich Backup (m/w/d)', 'job_url': 'https://www.arbeitnow.com/jobs/companies/medialine-eurotrade-ag/it-consultant-im-bereich-backup-berlin-12400'}","{'title': 'Mitarbeiter/in im IT-Monitoring', 'job_url': 'https://www.arbeitnow.com/jobs/companies/obf-it-solutions-gmbh/mitarbeiter-in-im-it-monitoring-limburg-410281'}","{'title': 'VP Engineering, Ongoing Monitoring', 'job_url': 'https://www.arbeitnow.com/jobs/companies/tide/vp-engineering-ongoing-monitoring-berlin-367057'}","{'title': 'Monitoring Specialist/IT Operations Engineer (W/M/D)', 'job_url': 'https://www.arbeitnow.com/jobs/companies/secupay-ag/monitoring-specialist-it-operations-engineer-pulsnitz-240722'}","{'title': 'DevOps Engineer / System Engineer Linux & Data (m/w/d)', 'job_url': 'https://www.arbeitnow.com/jobs/companies/flexit-consulting-gmbh/devops-engineer-system-engineer-linux-data-duisburg-114188'}","{'title': 'Cloud Monitoring Manager (m/w/d) Wärmepumpe', 'job_url': 'https://www.arbeitnow.com/jobs/companies/galvany/cloud-monitoring-manager-warmepumpe-berlin-293316'}"
"{'title': 'Werkstudent Digital Marketing (m/w/d)', 'job_url': 'https://www.arbeitnow.com/jobs/companies/brainershub-gmbh/werkstudent-digital-marketing-hamburg-337119'}","{'title': 'Werkstudent Digital Media Marketing (Mensch)', 'job_url': 'https://www.arbeitnow.com/jobs/companies/wppmedia/werkstudent-digital-media-marketing-mensch-dusseldorf-465869'}","{'title': 'Working Student - Tech Digital Analytics (All Genders)', 'job_url': 'https://www.arbeitnow.com/jobs/companies/digitl-gmbh/working-student-tech-digital-analytics-all-genders-hamburg-97457'}","{'title': 'Werkstudent/in Digital Marketing, Content & KI', 'job_url': 'https://www.arbeitnow.com/jobs/companies/martinis-gmbh/werkstudent-in-digital-marketing-content-ki-quierschied-331498'}","{'title': 'Digital Marketing Specialist (m/w/d) / Werkstudent Marketing', 'job_url': 'https://www.arbeitnow.com/jobs/companies/prozessx/digital-marketing-specialist-werkstudent-marketing-nagold-76004'}","{'title': 'Working Student – Digital Creative Copy', 'job_url': 'https://www.arbeitnow.com/jobs/companies/wongdoody/working-student-digital-creative-copy-berlin-293194'}","{'title': 'REMOTE Praktikum im Bereich Online-Marketing (Digital Publishing)', 'job_url': 'https://www.arbeitnow.com/jobs/companies/depeur-ug/remote-praktikum-im-bereich-online-marketing-digital-publishing-hamburg-75813'}","{'title': 'Werkstudent (m/w/d) SEO, Website & B2B Digital Marketing', 'job_url': 'https://www.arbeitnow.com/jobs/companies/arades-gmbh/werkstudent-seo-website-b2b-digital-marketing-offenbach-49588'}","{'title': 'Performance Marketing Working Student (f/m/d)', 'job_url': 'https://www.arbeitnow.com/jobs/companies/odonnell-moonshine/performance-marketing-working-student-berlin-kreuzberg-224'}"
"{'title': 'Product Architect & Software Engineer (AI) (m/w/d)', 'job_url': 'https://www.arbeitnow.com/jobs/companies/ls-leasing-service-gmbh/product-architect-software-engineer-ai-munich-373856'}","{'title': 'Staff Engineer - Heartbeat AI (m/f/d)', 'job_url': 'https://www.arbeitnow.com/jobs/companies/1komma50/staff-engineer-heartbeat-ai-berlin-388590'}","{'title': 'Software Engineer AI (m/w/d)', 'job_url': 'https://www.arbeitnow.com/jobs/companies/digitale-leute-school/junior-software-engineer-munich-156120'}","{'title': 'Founding AI Engineer', 'job_url': 'https://www.arbeitnow.com/jobs/companies/alago/founding-ai-engineer-munich-149954'}","{'title': 'AI Engineer', 'job_url': 'https://www.arbeitnow.com/jobs/companies/glassflow/ai-engineer-berlin-157513'}","{'title': 'Principal Software Engineer (m/f/d)', 'job_url': 'https://www.arbeitnow.com/jobs/companies/1komma50/principal-software-engineer-berlin-33143'}","{'title': 'AI Compiler Engineer', 'job_url': 'https://www.arbeitnow.com/jobs/companies/enchargeai36/remote-ai-compiler-engineer-152964'}","{'title': 'Lead Full Stack Engineer (Berlin)', 'job_url': 'https://www.arbeitnow.com/jobs/companies/generalmind/lead-full-stack-engineer-berlin-86960'}","{'title': 'Applied AI Engineer', 'job_url': 'https://www.arbeitnow.com/jobs/companies/nexxaai/applied-ai-engineer-munich-germany-hybrid-131230'}"
"{'title': 'Werkstudent Digital Marketer (m/w/d)', 'job_url': 'https://www.arbeitnow.com/jobs/companies/brainershub-gmbh/werkstudent-digital-marketer-hamburg-94193'}","{'title': 'Working Student - Tech Digital Analytics (All Genders)', 'job_url': 'https://www.arbeitnow.com/jobs/companies/digitl-gmbh/working-student-tech-digital-analytics-all-genders-hamburg-97457'}","{'title': 'Working Student – Digital Creative Copy', 'job_url': 'https://www.arbeitnow.com/jobs/companies/wongdoody/working-student-digital-creative-copy-berlin-293194'}","{'title': 'Working Student Talent & Growth', 'job_url': 'https://www.arbeitnow.com/jobs/companies/netlight/working-student-talent-growth-hamburg-136979'}","{'title': ""Founder's Associate - Internship or Working Student  (m/w/d)"", 'job_url': 'https://www.arbeitnow.com/jobs/companies/archive-gmbh/founders-associate-internship-or-working-student-munich-181655'}","{'title': 'Werkstudent Digital Media Marketing (Mensch)', 'job_url': 'https://www.arbeitnow.com/jobs/companies/wppmedia/werkstudent-digital-media-marketing-mensch-dusseldorf-465869'}","{'title': 'Working Student Procurement', 'job_url': 'https://www.arbeitnow.com/jobs/companies/statista/working-student-procurement-hamburg-208509'}","{'title': 'Working Student Corporate and Business Development (m/f/d)', 'job_url': 'https://www.arbeitnow.com/jobs/companies/priojet-gmbh/working-student-corporate-and-business-development-hamburg-16339'}","{'title': 'Working Student - Brand Communications', 'job_url': 'https://www.arbeitnow.com/jobs/companies/clovirtualfashion/working-student-brand-communications-munich-284962'}"
"{'title': 'Projektleiter (m/w/d) PLM & Technische Dokumentation', 'job_url': 'https://www.arbeitnow.com/jobs/companies/impecto-consulting-gmbh/projektleiter-plm-technische-dokumentation-dusseldorf-247871'}","{'title': 'Solution Owner PLM / Systemadministrator PLM (m/w/d)', 'job_url': 'https://www.arbeitnow.com/jobs/companies/eggersmann-gruppe/solution-owner-plm-systemadministrator-plm-wardenburg-116439'}","{'title': 'CAD / PLM Consultant (m/w/d)', 'job_url': 'https://www.arbeitnow.com/jobs/companies/cenit-cce-gmbh/cad-plm-consultant-bissendorf-140956'}","{'title': 'PLM Consultant (m/w/d) - Schwerpunkt Siemens Teamcenter', 'job_url': 'https://www.arbeitnow.com/jobs/companies/datasolid-gmbh/plm-consultant-schwerpunkt-siemens-teamcenter-monchengladbach-161233'}","{'title': 'Kundenservice Mobilfunk Inbound - Freelancer - EU, außerhalb Deutschland - 100% Remote', 'job_url': 'https://www.arbeitnow.com/jobs/companies/hey-contact-heroes-gmbh/kundenservice-mobilfunk-inbound-freelancer-eu-ausserhalb-deutschland-100-remote-berlin-146674'}","{'title': 'CAD & PLM Administration Intern', 'job_url': 'https://www.arbeitnow.com/jobs/companies/the-exploration-company/cad-plm-administration-intern-munich-199018'}","{'title': '(Senior) Consultant SAP PLM (m/w/d)', 'job_url': 'https://www.arbeitnow.com/jobs/companies/cbs-corporate-business-solutions-gmbh/senior-consultant-sap-plm-heidelberg-288818'}","{'title': 'Projektleiter Operational Excellence (m/w/d)', 'job_url': 'https://www.arbeitnow.com/jobs/companies/leannova-gmbh/projektleiter-operational-excellence-lingen-438984'}","{'title': 'IT-Projektleiter SaaS und KI / IT-Consultant (m/w/d)', 'job_url': 'https://www.arbeitnow.com/jobs/companies/partspace-gmbh/it-projektleiter-saas-und-ki-it-consultant-deggendorf-348245'}"
"{'title': 'Mitarbeiter Wertpapier/Passiv Grundsatz (m/w/d) in Voll- oder Teilzeit', 'job_url': 'https://www.arbeitnow.com/jobs/companies/volksbank-westmunsterland-eg/mitarbeiter-wertpapier-passiv-grundsatz-in-voll-oder-teilzeit-borken-494995'}","{'title': 'Mitarbeiter/in im Telefonmarketing in Voll- oder Teilzeit (m/w/d) (Callcenteragent/in)', 'job_url': 'https://www.arbeitnow.com/jobs/companies/mds-raumsysteme-gmbh/mitarbeiter-in-im-telefonmarketing-in-voll-oder-teilzeit-callcenteragent-in-engen-424106'}","{'title': 'Mitarbeiter Empfang / Rezeption / Front Office  (m/w/d) Voll- oder Teilzeit in Münster', 'job_url': 'https://www.arbeitnow.com/jobs/companies/gesundheitshaus-heiden-domer/mitarbeiter-empfang-rezeption-front-office-voll-oder-teilzeit-in-munster-423386'}","{'title': 'Steuerfachangestellte(r) in Voll- oder Teilzeit', 'job_url': 'https://www.arbeitnow.com/jobs/companies/meerkamp-steuerberatungsgesellschaft-mbh/steuerfachangestellter-in-voll-oder-teilzeit-mulheim-91558'}","{'title': 'Steuerfachwirt (m/w/d) in Voll- oder Teilzeit', 'job_url': 'https://www.arbeitnow.com/jobs/companies/personalberatung-susan-lange/steuerfachwirt-in-voll-oder-teilzeit-rostock-249662'}","{'title': 'Augenoptiker in Voll- oder Teilzeit (m/w/d)', 'job_url': 'https://www.arbeitnow.com/jobs/companies/gortz-krass-optik-gmbh/augenoptiker-in-voll-oder-teilzeit-kempten-266436'}","{'title': 'Augenoptiker in Voll- oder Teilzeit - Quereinsteiger willkommen (m/w/d)', 'job_url': 'https://www.arbeitnow.com/jobs/companies/gortz-krass-optik-gmbh/augenoptiker-in-voll-oder-teilzeit-quereinsteiger-willkommen-viernheim-69983'}","{'title': 'Metzger-/ meister (m/w/d) in Voll oder Teilzeit für die Zerlegung', 'job_url': 'https://www.arbeitnow.com/jobs/companies/metzgerei-boneberger-gmbh/metzger-meister-in-voll-oder-teilzeit-fur-die-zerlegung-schongau-454596'}","{'title': 'Servicekraft/ Küchenkraft (m/w/d) - in Köln (In Voll-, Teilzeit oder auf Werkstudenten- Basis)', 'job_url': 'https://www.arbeitnow.com/jobs/companies/isabella-glutenfreie-patisserie-gmbh-co-kg/servicekraft-kuchenkraft-in-koln-in-voll-teilzeit-oder-auf-werkstudenten-basis-442858'}"
"{'title': 'M&A Manager (m/w/d) - Healthcare / Health-Tech', 'job_url': 'https://www.arbeitnow.com/jobs/companies/my-project-box/ma-manager-healthcare-health-tech-munich-333332'}","{'title': '(Senior) M&A Manager Healthcare (w/m/d)', 'job_url': 'https://www.arbeitnow.com/jobs/companies/right-search/senior-ma-manager-healthcare-munich-399250'}","{'title': 'International Growth Manager (m/w/d) Nordics', 'job_url': 'https://www.arbeitnow.com/jobs/companies/natalie-felsinger-consulting/international-growth-manager-nordics-munich-194504'}","{'title': 'Working Student - Healthcare Sales', 'job_url': 'https://www.arbeitnow.com/jobs/companies/snke/working-student-healthcare-sales-heidelberg-255564'}","{'title': 'Senior Fullstack Engineer — Mobile Healthcare Platform', 'job_url': 'https://www.arbeitnow.com/jobs/companies/snke/senior-fullstack-engineer-mobile-healthcare-platform-munchen-368312'}","{'title': 'Senior Healthcare Consultant (Klinische KI-Transformation) (m/w/d)', 'job_url': 'https://www.arbeitnow.com/jobs/companies/recare-deutschland-gmbh/remote-senior-healthcare-consultant-klinische-ki-transformation-berlin-381604'}","{'title': 'International Junior Consultant Healthcare LATAM & North America', 'job_url': 'https://www.arbeitnow.com/jobs/companies/mammut-pharma/international-junior-consultant-healthcare-latam-north-america-berlin-187742'}","{'title': 'Consultant Healthcare (m/w/d)', 'job_url': 'https://www.arbeitnow.com/jobs/companies/linkcare-gmbh/consultant-healthcare-berlin-104774'}","{'title': 'Medical Operations - DACH (m/f/d)', 'job_url': 'https://www.arbeitnow.com/jobs/companies/tandem-health/medical-operations-dach-munich-271541'}"
"{'title': 'DevOps Engineer (m/w/d) - Cloud & Platform Engineering', 'job_url': 'https://www.arbeitnow.com/jobs/companies/my-project-box/devops-engineer-cloud-platform-engineering-osnabruck-393054'}","{'title': 'Engineering Manager - Cloud Platform & Operations  (f/m/d)', 'job_url': 'https://www.arbeitnow.com/jobs/companies/sonarsource/engineering-manager-cloud-platform-operations-bochum-387514'}","{'title': 'Director AI Platform Engineering', 'job_url': 'https://www.arbeitnow.com/jobs/companies/deeptech-recruitment/director-ai-platform-engineering-germany-74477'}","{'title': 'Senior Azure Cloud Platform Architect (m/w/d)', 'job_url': 'https://www.arbeitnow.com/jobs/companies/think-about-it-gmbh/senior-azure-cloud-platform-architect-nuremberg-445640'}","{'title': 'Platform Engineering Team Lead (m/w/d)', 'job_url': 'https://www.arbeitnow.com/jobs/companies/paltron-gmbh/platform-engineering-team-lead-frankfurt-am-main-98818'}","{'title': 'Cloud Engineering', 'job_url': 'https://www.arbeitnow.com/jobs/companies/projektron-gmbh/cloud-engineering-berlin-196152'}","{'title': 'Senior Embedded DevOps & Engineering Platform Engineer - Aviation (all genders)', 'job_url': 'https://www.arbeitnow.com/jobs/companies/vaeridion/senior-embedded-devops-engineering-platform-engineer-aviation-all-genders-munich-282880'}","{'title': 'Data Engineer / Cloud Data Platform Engineer (m/w/d)', 'job_url': 'https://www.arbeitnow.com/jobs/companies/group24-ag/data-engineer-cloud-data-platform-engineer-gescher-239435'}","{'title': 'Senior Software Engineer, Cloud Platform', 'job_url': 'https://www.arbeitnow.com/jobs/companies/rivianvwtech/senior-software-engineer-cloud-platform-berlin-123705'}"
"{'title': 'IT Service Manager / Senior Consultant (m/w/d)', 'job_url': 'https://www.arbeitnow.com/jobs/companies/dostani-it-gmbh/it-service-manager-senior-consultant-dortmund-47041'}","{'title': 'Kundenservice Mobilfunk Inbound - Freelancer - EU, außerhalb Deutschland - 100% Remote', 'job_url': 'https://www.arbeitnow.com/jobs/companies/hey-contact-heroes-gmbh/kundenservice-mobilfunk-inbound-freelancer-eu-ausserhalb-deutschland-100-remote-berlin-146674'}","{'title': 'Data Analytics, Data Science & AI Weiterbildung mit IHK-Abschluss | 100 % Remote', 'job_url': 'https://www.arbeitnow.com/jobs/companies/datasmart-point-gmbh/data-analytics-data-science-ai-weiterbildung-mit-ihk-abschluss-100-remote-berlin-452130'}","{'title': 'IT-Consultant (m/w/d)', 'job_url': 'https://www.arbeitnow.com/jobs/companies/leafworks-gmbh/it-consultant-berlin-16656'}","{'title': 'IT Consultant (m/w/d)', 'job_url': 'https://www.arbeitnow.com/jobs/companies/actago4it-gmbh/it-consultant-landau-an-der-isar-175470'}","{'title': 'Senior Consultant IT Operations Management (w/m/d)', 'job_url': 'https://www.arbeitnow.com/jobs/companies/right-search/senior-consultant-it-operations-management-vaterstetten-98291'}","{'title': 'Lead Consultant / IT Architect (m/w/d)', 'job_url': 'https://www.arbeitnow.com/jobs/companies/cdh-computing-gmbh/lead-consultant-it-architect-greven-337087'}","{'title': 'IT Consultant (m/w/d)', 'job_url': 'https://www.arbeitnow.com/jobs/companies/blp-software-gmbh/it-consultant-schorndorf-111851'}","{'title': 'IT-Consultant (m/w/d)', 'job_url': 'https://www.arbeitnow.com/jobs/companies/collective-mind-gmbh/it-consultant-leonberg-88023'}"
"{'title': 'Praktikum als Social Media Manager (m/w/d), Vertical AI Startup', 'job_url': 'https://www.arbeitnow.com/jobs/companies/meisterpfad/praktikum-als-social-media-manager-vertical-ai-startup-berlin-429969'}","{'title': 'GTM UK · Intern / Working Student', 'job_url': 'https://www.arbeitnow.com/jobs/companies/autarcenergy/gtm-uk-intern-working-student-berlin-171909'}","{'title': 'Working Student/Intern - Marketing (f/m/d)', 'job_url': 'https://www.arbeitnow.com/jobs/companies/justdice/working-student-intern-marketing-hamburg-397388'}","{'title': 'Praktikum Online-Marketing / Marketing / KI / AI', 'job_url': 'https://www.arbeitnow.com/jobs/companies/seomatik-gmbh/praktikum-online-marketing-marketing-ki-ai-bielefeld-406022'}","{'title': 'Business Automation & AI Intern/Working Student (f/m/d)', 'job_url': 'https://www.arbeitnow.com/jobs/companies/liqid-lig/business-automation-ai-intern-working-student-berlin-490216'}","{'title': 'Growth Marketing | Intern /\xa0Working Student (d/f/m)', 'job_url': 'https://www.arbeitnow.com/jobs/companies/luminovo-gmbh/growth-marketing-intern-working-student-munich-376909'}","{'title': 'Working Student - AI Content Editor focused on African-American audience', 'job_url': 'https://www.arbeitnow.com/jobs/companies/socialsweethearts/working-student-ai-content-editor-focused-on-african-american-audience-cologne-344264'}","{'title': 'Working Student - AI Content Editor focused on African-American audience', 'job_url': 'https://www.arbeitnow.com/jobs/companies/socialsweethearts/working-student-ai-content-editor-focused-on-african-american-audience-bonn-123375'}","{'title': 'Working Student - AI Content Editor focused on African-American audience', 'job_url': 'https://www.arbeitnow.com/jobs/companies/socialsweethearts/working-student-ai-content-editor-focused-on-african-american-audience-dusseldorf-175636'}"
"{'title': 'People & Culture Manager (m/w/d) - HR Operations & Recruiting', 'job_url': 'https://www.arbeitnow.com/jobs/companies/addfame-gmbh/people-culture-manager-hr-operations-recruiting-munich-376085'}","{'title': 'Junior HR Manager – Recruiting & People Operations (m/w/d)', 'job_url': 'https://www.arbeitnow.com/jobs/companies/hochschul-it-servicesnrw/junior-hr-manager-recruiting-people-operations-dusseldorf-424289'}","{'title': 'Sr. Recruiter / HR Manager (Top 1%) | A-Player-Recruiting, Employer Branding & People Ops | 60-70k € (m/w/d)', 'job_url': 'https://www.arbeitnow.com/jobs/companies/fine-dine-verlags-gmbh/sr-recruiter-hr-manager-top-1-a-player-recruiting-employer-branding-people-ops-60-70k-eur-ulm-192904'}","{'title': 'Recruiting & HR Operations Manager', 'job_url': 'https://www.arbeitnow.com/jobs/companies/lovebetter-gesellschaft-fur-mannliche-sexualitat-mbh/recruiting-hr-operations-manager-berlin-107223'}","{'title': 'Sachbearbeiter Recruiting Operations (m/w/x)', 'job_url': 'https://www.arbeitnow.com/jobs/companies/k-tronik-gmbh/sachbearbeiter-recruiting-operations-memmingen-37644'}","{'title': 'Working Student HR & People Operations (m/f/d)', 'job_url': 'https://www.arbeitnow.com/jobs/companies/omegga/working-student-hr-people-operations-munich-261075'}","{'title': 'HR Generalist (m/w/d) Schwerpunkt Recruiting', 'job_url': 'https://www.arbeitnow.com/jobs/companies/ehotel-ag/hr-generalist-schwerpunkt-recruiting-berlin-189230'}","{'title': 'Global Talent Acquisition & People Operations Partner (m/f/x)', 'job_url': 'https://www.arbeitnow.com/jobs/companies/progyny-global/global-talent-acquisition-people-operations-partner-berlin-302238'}","{'title': 'Werkstudent HR & Recruiting (m/w/d)', 'job_url': 'https://www.arbeitnow.com/jobs/companies/machineseeker-group-gmbh/werkstudent-hr-recruiting-essen-283368'}"
"{'title': 'Werkstudentin im Bereich Performance Marketing Analytics (m/w/d)', 'job_url': 'https://www.arbeitnow.com/jobs/companies/gusti-leder-gmbh/werkstudentin-im-bereich-performance-marketing-analytics-rostock-47022'}","{'title': 'Werkstudentin / Praktikantin Marketing & Growth (m/w/d)', 'job_url': 'https://www.arbeitnow.com/jobs/companies/plus-placement-gmbh/werkstudentin-praktikantin-marketing-growth-kassel-347124'}","{'title': 'Praktikum im Bereich Performance Marketing (m/w/d)', 'job_url': 'https://www.arbeitnow.com/jobs/companies/packwise-gmbh/praktikum-im-bereich-performance-marketing-dresden-40640'}","{'title': 'Data Analytics, Data Science & AI Weiterbildung mit IHK-Abschluss | 100 % Remote', 'job_url': 'https://www.arbeitnow.com/jobs/companies/datasmart-point-gmbh/data-analytics-data-science-ai-weiterbildung-mit-ihk-abschluss-100-remote-berlin-452130'}","{'title': 'Werkstudentin Marketing & Content', 'job_url': 'https://www.arbeitnow.com/jobs/companies/happy-immo-club/werkstudentin-marketing-content-berlin-304756'}","{'title': 'SEA Manager:in (m/w/d) im Bereich Online Marketing', 'job_url': 'https://www.arbeitnow.com/jobs/companies/ad-pepper-media-gmbh/sea-managerin-im-bereich-online-marketing-nuremberg-127692'}","{'title': 'PraktikantIn (m/w/d) im Bereich Marketing (All Rounder)', 'job_url': 'https://www.arbeitnow.com/jobs/companies/kettler-trading-gmbh/praktikantin-im-bereich-marketing-all-rounder-berlin-65024'}","{'title': 'Werkstudent:in (m/w/d) Performance Marketing', 'job_url': 'https://www.arbeitnow.com/jobs/companies/brachial-krawall-brutal-growth-agency/werkstudentin-performance-marketing-gehrden-356165'}","{'title': 'Werkstudent/-in Performance Marketing (m/w/d)', 'job_url': 'https://www.arbeitnow.com/jobs/companies/vision4quality-gmbh/werkstudent-in-performance-marketing-wurzburg-365855'}"
"{'title': 'Senior Python Developer (w/m/d) - Remote', 'job_url': 'https://www.arbeitnow.com/jobs/companies/nodeenergy/senior-python-developer-remote-frankfurt-am-main-250296'}","{'title': 'Kundenservice Mobilfunk Inbound - Freelancer - EU, außerhalb Deutschland - 100% Remote', 'job_url': 'https://www.arbeitnow.com/jobs/companies/hey-contact-heroes-gmbh/kundenservice-mobilfunk-inbound-freelancer-eu-ausserhalb-deutschland-100-remote-berlin-146674'}","{'title': 'Data Analytics, Data Science & AI Weiterbildung mit IHK-Abschluss | 100 % Remote', 'job_url': 'https://www.arbeitnow.com/jobs/companies/datasmart-point-gmbh/data-analytics-data-science-ai-weiterbildung-mit-ihk-abschluss-100-remote-berlin-452130'}","{'title': 'Senior Backend Engineer (Python) - Remote', 'job_url': 'https://www.arbeitnow.com/jobs/companies/breathment/senior-backend-engineer-python-remote-munich-2605'}","{'title': 'Senior GenAI Engineer LLMs/ RAG/ Python (w/m/d) remote in DE', 'job_url': 'https://www.arbeitnow.com/jobs/companies/talents2germany-gmbh/senior-genai-engineer-llms-rag-python-remote-in-de-frankfurt-am-main-181406'}","{'title': 'Python Backend Developer (m/w/d) - Schwerpunkt KI-Plattform', 'job_url': 'https://www.arbeitnow.com/jobs/companies/it-studio-rech-gmbh/python-backend-developer-schwerpunkt-ki-plattform-wurzburg-307525'}","{'title': 'Software Developer Full Stack (m/f/d) - remote option', 'job_url': 'https://www.arbeitnow.com/jobs/companies/priojet-gmbh/software-developer-full-stack-remote-option-hamburg-105157'}","{'title': 'Senior Frontend Developer (m/w/d)', 'job_url': 'https://www.arbeitnow.com/jobs/companies/roomhero-gmbh/senior-frontend-developer-frankfurt-am-main-445621'}","{'title': '(Senior) Python Entwickler (m/w/d)', 'job_url': 'https://www.arbeitnow.com/jobs/companies/mitblick-ag/senior-python-entwickler-stuttgart-464691'}"
"{'title': 'EU-Expansion & Business Analytics (m/w/d) Werkstudent:in (Berlin/Bonn/Frankfurt)', 'job_url': 'https://www.arbeitnow.com/jobs/companies/elmi-power-gmbh/eu-expansion-business-analytics-werkstudentin-berlin-bonn-frankfurt-139211'}","{'title': 'Data Analytics, Data Science & AI Weiterbildung mit IHK-Abschluss | 100 % Remote', 'job_url': 'https://www.arbeitnow.com/jobs/companies/datasmart-point-gmbh/data-analytics-data-science-ai-weiterbildung-mit-ihk-abschluss-100-remote-berlin-452130'}","{'title': 'Business Analytics Intern', 'job_url': 'https://www.arbeitnow.com/jobs/companies/trawa/business-analytics-intern-berlin-469587'}","{'title': 'Werkstudent:in Data Analytics (Controlling Focus) (m/w/d)', 'job_url': 'https://www.arbeitnow.com/jobs/companies/1komma50/werkstudentin-data-analytics-controlling-focus-hamburg-23182'}","{'title': 'Weiterbildung: Data Science & Business Analytics (IHK) (m/w/d) - Remote', 'job_url': 'https://www.arbeitnow.com/jobs/companies/datasmart-point-gmbh/weiterbildung-data-science-business-analytics-ihk-remote-berlin-35085'}","{'title': 'Product & Growth Manager Media Analytics (m/w/d) Analytics & Consulting | Berlin bevorzugt | 75–100 %', 'job_url': 'https://www.arbeitnow.com/jobs/companies/argus-data-insights/product-growth-manager-media-analytics-analytics-consulting-berlin-bevorzugt-75-100-184023'}","{'title': 'Senior Consultant - Transformation & Business Analytics (m/w/d)', 'job_url': 'https://www.arbeitnow.com/jobs/companies/novemcore/senior-consultant-transformation-business-analytics-hanover-453165'}","{'title': 'Operations Controller FP&A (m/f/d), Xylem Analytics', 'job_url': 'https://www.arbeitnow.com/jobs/companies/xylem/senior-financial-analyst-fpa-and-operations-finance-xylem-analytics-weilheim-in-oberbayern-418180'}","{'title': 'Senior Analytics Engineer, Consumer', 'job_url': 'https://www.arbeitnow.com/jobs/companies/wolt-english/senior-analytics-engineer-consumer-berlin-462072'}"
"{'title': 'Bau-/Projektleiter (m/w/d) - Kanaltechnik', 'job_url': 'https://www.arbeitnow.com/jobs/companies/kanaltechnik-df-ing-gmbh/bau-projektleiter-kanaltechnik-karlstein-am-main-373742'}",,,,,,,,
"{'title': 'Live Content Creator (ag) - Freelance', 'job_url': 'https://www.arbeitnow.com/jobs/companies/echo-poster-gmbh/live-content-creator-ag-freelance-berlin-20643'}","{'title': 'Freelance TikTok Shop Live Host für eine Beauty-Brand', 'job_url': 'https://www.arbeitnow.com/jobs/companies/pinkypact-malique-ug/freelance-tiktok-shop-live-host-fur-eine-beauty-brand-hambuhren-168258'}","{'title': 'Content Creator (w/m/d) | Werkstudent:in, Minijob oder Freelance-Basis', 'job_url': 'https://www.arbeitnow.com/jobs/companies/likeyaa-gmbh/content-creator-werkstudentin-minijob-oder-freelance-basis-dortmund-381873'}","{'title': 'UGC Creator (m) 40+ für Männerpflege | Freelance & Remote', 'job_url': 'https://www.arbeitnow.com/jobs/companies/adshub-gmbh/ugc-creator-m-40-fur-mannerpflege-freelance-remote-frankfurt-am-main-3166'}","{'title': 'Content Creator (m/w/d) Social Media (Events) Minijob', 'job_url': 'https://www.arbeitnow.com/jobs/companies/louco-event-media-gmbh/content-creator-social-media-events-minijob-offenbach-312527'}","{'title': 'Content & Creator Marketing Praktikum', 'job_url': 'https://www.arbeitnow.com/jobs/companies/more-money-more-love/content-creator-marketing-praktikum-dusseldorf-419458'}","{'title': 'Social Media & Content Creator (m/w/d)', 'job_url': 'https://www.arbeitnow.com/jobs/companies/natch-labs-gmbh/social-media-content-creator-berlin-415103'}","{'title': 'Nebenjob oder Freelance: Social Media Content Creator (m/w/d) in Berlin gesucht', 'job_url': 'https://www.arbeitnow.com/jobs/companies/tom-phillip-zenker-digital-marketing-agentur-gmbh/nebenjob-oder-freelance-social-media-content-creator-in-berlin-gesucht-465446'}","{'title': 'Content Creator Brautmode Teilzeit', 'job_url': 'https://www.arbeitnow.com/jobs/companies/hochzeitshausstruck/content-creator-brautmode-teilzeit-monheim-am-rhein-107831'}"
"{'title': 'Werkstudent Customer Relationship Management (m/w/d)', 'job_url': 'https://www.arbeitnow.com/jobs/companies/fenstercom/werkstudent-customer-relationship-management-stuttgart-451592'}","{'title': 'Werkstudent Customer Management (w/m/d)', 'job_url': 'https://www.arbeitnow.com/jobs/companies/secupay-ag/werkstudent-customer-management-pulsnitz-95151'}","{'title': 'Werkstudent Customer Happiness/Beratung (m/w/d) 20 Std.', 'job_url': 'https://www.arbeitnow.com/jobs/companies/ogaenics/werkstudent-customer-happiness-beratung-20-std-hamburg-396560'}","{'title': 'Office Management Working Student', 'job_url': 'https://www.arbeitnow.com/jobs/companies/quantco/office-management-working-student-munich-or-karlsruhe-55850'}","{'title': 'CRM / Customer Relationship Manager', 'job_url': 'https://www.arbeitnow.com/jobs/companies/neotaste/crm-customer-relationship-manager-berlin-464025'}","{'title': 'Working Student – Solution Management (m/f/d)', 'job_url': 'https://www.arbeitnow.com/jobs/companies/quantum-systems-gmbh/working-student-solution-management-gilching-274380'}","{'title': 'Working Student - Returns Management (m/f/d)', 'job_url': 'https://www.arbeitnow.com/jobs/companies/quantum-systems-gmbh/working-student-returns-management-gilching-198278'}","{'title': 'Working Student – Solution Management (m/f/d)', 'job_url': 'https://www.arbeitnow.com/jobs/companies/quantum-systems-gmbh/working-student-solution-management-gilching-79233'}","{'title': 'Working Student - Returns Management (m/f/d)', 'job_url': 'https://www.arbeitnow.com/jobs/companies/quantum-systems-gmbh/working-student-returns-management-gilching-388030'}"
"{'title': 'Certified Public Bookkeeper (CPB) (m/f/d)', 'job_url': 'https://www.arbeitnow.com/jobs/companies/smartmicro/certified-public-bookkeeper-cpb-braunschweig-175810'}","{'title': 'SAP Public Cloud Experte', 'job_url': 'https://www.arbeitnow.com/jobs/companies/recruit-121-group/sap-public-cloud-experte-dusseldorf-472967'}","{'title': '(Senior) Consultant SAP S/4HANA Public Cloud Finance (w/m/d)', 'job_url': 'https://www.arbeitnow.com/jobs/companies/cbs-corporate-business-solutions-gmbh/senior-consultant-sap-s-4hana-public-cloud-finance-heidelberg-378814'}","{'title': 'Governance / Application Expert (f/m/d) | Public Administration & Verwaltungsinformatik', 'job_url': 'https://www.arbeitnow.com/jobs/companies/verwaltungssprung-gmbh/governance-application-expert-public-administration-verwaltungsinformatik-berlin-259950'}","{'title': 'Public Affairs, Head of Germany', 'job_url': 'https://www.arbeitnow.com/jobs/companies/mistralai/public-affairs-head-of-germany-berlin-68880'}","{'title': 'Account Executive, Public Sector', 'job_url': 'https://www.arbeitnow.com/jobs/companies/avepoint/account-executive-public-sector-munich-379863'}","{'title': 'Governmental & Public Affairs Internship/Working Student -  (f/m/d)', 'job_url': 'https://www.arbeitnow.com/jobs/companies/tytan-technologies-gmbh/governmental-public-affairs-internship-working-student-berlin-289043'}","{'title': 'Consultant Public Sector (all genders)', 'job_url': 'https://www.arbeitnow.com/jobs/companies/init-ag/consultant-public-sector-all-genders-koln-308530'}","{'title': 'Consultant Public Sector (all genders)', 'job_url': 'https://www.arbeitnow.com/jobs/companies/init-ag/consultant-public-sector-all-genders-mainz-271548'}"
"{'title': 'Werkstudent / Langzeitpraktikant (m/w/x) - E-Commerce & Produktcontent', 'job_url': 'https://www.arbeitnow.com/jobs/companies/offgridtec-ag/werkstudent-langzeitpraktikant-e-commerce-produktcontent-eggenfelden-349818'}","{'title': 'Werkstudent (m/w/d) E-Commerce', 'job_url': 'https://www.arbeitnow.com/jobs/companies/active-nutrition-international-gmbh/werkstudent-e-commerce-munich-484647'}","{'title': 'Werkstudent E-Commerce & Online-Marketing (m/w/d)', 'job_url': 'https://www.arbeitnow.com/jobs/companies/zauber-der-gewurze-gmbh/werkstudent-e-commerce-online-marketing-ahrensburg-276270'}","{'title': 'Werkstudent Performance Marketing & E-Commerce Operations (m/w/d)', 'job_url': 'https://www.arbeitnow.com/jobs/companies/uplift-marketing-gmbh/werkstudent-performance-marketing-e-commerce-operations-kunzell-383153'}","{'title': 'Working Student – Graphic Design E-Commerce (all genders)', 'job_url': 'https://www.arbeitnow.com/jobs/companies/niboline-gmbh/working-student-graphic-design-e-commerce-all-genders-berlin-280030'}","{'title': 'Praktikum Online Marketing & E-Commerce (w/m/d)', 'job_url': 'https://www.arbeitnow.com/jobs/companies/codeso-living/praktikum-online-marketing-e-commerce-dusseldorf-223926'}","{'title': 'Working Student', 'job_url': 'https://www.arbeitnow.com/jobs/companies/novaspace/working-student-munich-germany-3649'}","{'title': 'Working Student', 'job_url': 'https://www.arbeitnow.com/jobs/companies/flix/working-student-berlin-494488'}","{'title': 'Werkstudent E-Mail Marketing Design (m/w/d)', 'job_url': 'https://www.arbeitnow.com/jobs/companies/vivid/werkstudent-e-mail-marketing-design-frankfurt-am-main-235870'}"
"{'title': 'Senior Network Consultant (w/m/d)', 'job_url': 'https://www.arbeitnow.com/jobs/companies/hg-hansen-gieraths-edv-vertriebsgesellschaft-mbh/senior-network-consultant-bonn-461246'}","{'title': 'Senior Consultant (m/w/d)', 'job_url': 'https://www.arbeitnow.com/jobs/companies/european-it-consultancy-eitco-gmbh/senior-consultant-bonn-2446'}","{'title': '(Senior) Tech Consultant', 'job_url': 'https://www.arbeitnow.com/jobs/companies/aclue-gmbh/senior-tech-consultant-cologne-130998'}","{'title': 'Senior IT Management Consultant Datacentre (m/w/d)', 'job_url': 'https://www.arbeitnow.com/jobs/companies/aequitas-affinity-gmbh/senior-it-management-consultant-datacentre-hamburg-59766'}","{'title': 'Senior Network Engineer (m/w/d) in Bonn', 'job_url': 'https://www.arbeitnow.com/jobs/companies/celestec-e-k/senior-network-engineer-in-bonn-157422'}","{'title': '(Senior) Network Engineer / Consultant (m/w/d) - 100% HO | Netzwerk, Automatisierung & KI', 'job_url': 'https://www.arbeitnow.com/jobs/companies/nscon-network-security-consulting-gmbh/senior-network-engineer-consultant-100-ho-netzwerk-automatisierung-ki-frankfurt-am-main-436454'}","{'title': 'SAP EWM Senior Consultant (m/w/d)', 'job_url': 'https://www.arbeitnow.com/jobs/companies/flowprime/sap-ewm-senior-consultant-munich-210497'}","{'title': '(Senior) Consultant ECM/DMS (m/w/d)', 'job_url': 'https://www.arbeitnow.com/jobs/companies/amexus-informationstechnik-gmbh-co-kg/senior-consultant-ecm-dms-munster-491823'}","{'title': 'Senior IT Infrastructure Consultant (m/w/d)', 'job_url': 'https://www.arbeitnow.com/jobs/companies/hiko-systems-gmbh/senior-it-infrastructure-consultant-darmstadt-431416'}"
"{'title': 'IT Service & Project Manager (m/w/d) Bonn', 'job_url': 'https://www.arbeitnow.com/jobs/companies/hg-hansen-gieraths-edv-vertriebsgesellschaft-mbh/it-service-project-manager-bonn-203903'}","{'title': 'Vertriebsmitarbeiter (m/w/d) im Außen- und Innendienst  in Bonn', 'job_url': 'https://www.arbeitnow.com/jobs/companies/edvxpert-gmbh/vertriebsmitarbeiter-im-aussen-und-innendienst-in-bonn-462293'}","{'title': 'Senior Network Engineer (m/w/d) in Bonn', 'job_url': 'https://www.arbeitnow.com/jobs/companies/celestec-e-k/senior-network-engineer-in-bonn-157422'}","{'title': 'Kundenservice Mobilfunk Inbound - Freelancer - EU, außerhalb Deutschland - 100% Remote', 'job_url': 'https://www.arbeitnow.com/jobs/companies/hey-contact-heroes-gmbh/kundenservice-mobilfunk-inbound-freelancer-eu-ausserhalb-deutschland-100-remote-berlin-146674'}","{'title': 'Data Analytics, Data Science & AI Weiterbildung mit IHK-Abschluss | 100 % Remote', 'job_url': 'https://www.arbeitnow.com/jobs/companies/datasmart-point-gmbh/data-analytics-data-science-ai-weiterbildung-mit-ihk-abschluss-100-remote-berlin-452130'}","{'title': 'IT Service Manager / Senior Consultant (m/w/d)', 'job_url': 'https://www.arbeitnow.com/jobs/companies/dostani-it-gmbh/it-service-manager-senior-consultant-dortmund-47041'}","{'title': 'Bürokraft oder Immobilienkaufmann/-frau (m/w/d) für unser familiengeführtes Unternehmen in Bonn gesucht', 'job_url': 'https://www.arbeitnow.com/jobs/companies/bernd-schulz-immobilien-gmbh-co-kg/burokraft-oder-immobilienkaufmann-frau-fur-unser-familiengefuhrtes-unternehmen-in-bonn-gesucht-341983'}","{'title': 'IT- Service Desk', 'job_url': 'https://www.arbeitnow.com/jobs/companies/nexus-deutschland/it-service-desk-berlin-110370'}","{'title': 'Senior HR IT Project Lead - SAP HCM / Integrations / Carve-out (Freelance only, Nearshore)', 'job_url': 'https://www.arbeitnow.com/jobs/companies/sidekick-network-gmbh-co-kg/senior-hr-it-project-lead-sap-hcm-integrations-carve-out-freelance-only-nearshore-bonn-437830'}"
"{'title': 'Werkstudent:in im Bereich Grafikdesign für Produkt Content und Marketing', 'job_url': 'https://www.arbeitnow.com/jobs/companies/pl-e-commerce-consulting/werkstudentin-im-bereich-grafikdesign-fur-produkt-content-und-marketing-stuttgart-107217'}","{'title': 'Pflichtpraktikum im Bereich Grafikdesign (m/w/d)', 'job_url': 'https://www.arbeitnow.com/jobs/companies/efly-marketplace-services-gmbh/pflichtpraktikum-im-bereich-grafikdesign-stuttgart-87468'}","{'title': 'Praktikant (m/w/d) Grafikdesign & Visual Content Creation im E-Commerce', 'job_url': 'https://www.arbeitnow.com/jobs/companies/barsch-lindner-gbr/praktikant-grafikdesign-visual-content-creation-im-e-commerce-chemnitz-265526'}","{'title': 'Werkstudent (m/w/d) im Bereich Mediengestaltung und Kommunikationsdesign (100 % Remote möglich)', 'job_url': 'https://www.arbeitnow.com/jobs/companies/adrock-marketing/werkstudent-im-bereich-mediengestaltung-und-kommunikationsdesign-100-remote-moglich-magdeburg-317056'}","{'title': 'Werkstudentin Marketing & Content', 'job_url': 'https://www.arbeitnow.com/jobs/companies/happy-immo-club/werkstudentin-marketing-content-berlin-304756'}","{'title': 'Freiwilliges Praktikum im Bereich Content & Online-Marketing mit echtem Mehrwert!', 'job_url': 'https://www.arbeitnow.com/jobs/companies/lokalrakete-gmbh/freiwilliges-praktikum-im-bereich-content-online-marketing-mit-echtem-mehrwert-dusseldorf-84770'}","{'title': 'Marketing-Aufgaben im Bereich Content Marketing und Social Media (Teilzeit)', 'job_url': 'https://www.arbeitnow.com/jobs/companies/gfl-makler-und-beratungsgesesllschaft-mbh/marketing-aufgaben-im-bereich-content-marketing-und-social-media-teilzeit-kirchzarten-432289'}","{'title': 'Ehrenamtliches Praktikum im Bereich Marketing, Fundraising und PR', 'job_url': 'https://www.arbeitnow.com/jobs/companies/stiftung-kinderzukunft/ehrenamtliches-praktikum-im-bereich-marketing-fundraising-und-pr-grundau-6913'}","{'title': 'Werkstudent Marketing & Grafikdesign (w/m/d)', 'job_url': 'https://www.arbeitnow.com/jobs/companies/enua-pharma-gmbh/werkstudent-marketing-grafikdesign-cologne-401507'}"
"{'title': 'Leiter:in Buchhaltung (m/w/d)', 'job_url': 'https://www.arbeitnow.com/jobs/companies/rochus-mummert-digital-gmbh/leiterin-buchhaltung-tubingen-331464'}","{'title': 'Mitarbeiter*in Buchhaltung', 'job_url': 'https://www.arbeitnow.com/jobs/companies/apothekerei-dr-grintz-ek/mitarbeiterin-buchhaltung-munich-20513'}","{'title': 'Leitung Buchhaltung (m/w/d)', 'job_url': 'https://www.arbeitnow.com/jobs/companies/schilling-roofbar-gmbh-co-kg/leitung-buchhaltung-heidelberg-267897'}","{'title': 'Mitarbeiter Buchhaltung', 'job_url': 'https://www.arbeitnow.com/jobs/companies/allebacker-schulte-gmbh/mitarbeiter-buchhaltung-grossrohrsdorf-449626'}","{'title': 'Buchhaltung (m/w/d) Teilzeit', 'job_url': 'https://www.arbeitnow.com/jobs/companies/exway-logistics-gmbh/buchhaltung-teilzeit-hof-162782'}","{'title': 'Steuerfachangestellte/r mit Schwerpunkt Buchhaltung', 'job_url': 'https://www.arbeitnow.com/jobs/companies/bingmann-partner-mbb-mein-steuerladen/steuerfachangestellte-r-mit-schwerpunkt-buchhaltung-giessen-118067'}","{'title': 'Mitarbeiter Buchhaltung & Controlling (m/w/d)', 'job_url': 'https://www.arbeitnow.com/jobs/companies/amphenol-sachsenkabel/mitarbeiter-buchhaltung-controlling-gornsdorf-23796'}","{'title': 'Accountant (m/w/d) - Buchhaltung', 'job_url': 'https://www.arbeitnow.com/jobs/companies/ray-sono-gmbh/accountant-buchhaltung-munich-443872'}","{'title': 'Teamleitung Buchhaltung / Finance (m/w/d)', 'job_url': 'https://www.arbeitnow.com/jobs/companies/sera-werke-heimtierbedarf-j-ravnak-gmbh-cokg/teamleitung-buchhaltung-finance-heinsberg-151371'}"
"{'title': 'Fachkraft für Schädlingsbekämpfung (m/w/d) | 2.700 - 3.600 €/Monat + Firmenwagen zur Privatnutzung', 'job_url': 'https://www.arbeitnow.com/jobs/companies/riverstate-premium-recruiting/fachkraft-fur-schadlingsbekampfung-2700-3600-eur-monat-firmenwagen-zur-privatnutzung-frankfurt-am-main-225745'}","{'title': 'Personalsachbearbeiter/in - Fachkraft für Lohnbuchhaltung (m/w/d) in Vollzeit- oder Teilzeit in Schongau', 'job_url': 'https://www.arbeitnow.com/jobs/companies/metzgerei-boneberger-gmbh/personalsachbearbeiter-in-fachkraft-fur-lohnbuchhaltung-in-vollzeit-oder-teilzeit-in-schongau-280944'}","{'title': 'Servicetechniker Telekommunikation (m/w/d)', 'job_url': 'https://www.arbeitnow.com/jobs/companies/mhg-telekommunikation-gmbh/servicetechniker-telekommunikation-frankfurt-am-main-46292'}","{'title': 'Wir suchen Informationselektroniker/in - Servicetechniker (m/d/w) - in Vollzeit (40 Std/Woche)', 'job_url': 'https://www.arbeitnow.com/jobs/companies/anders-gmbh-co-kg/wir-suchen-informationselektroniker-in-servicetechniker-in-vollzeit-40-std-woche-obertraubling-239579'}","{'title': 'Ausbildung zum Industriekaufmann / zur Industriekauffrau (m/w/d)', 'job_url': 'https://www.arbeitnow.com/jobs/companies/industrypart-gmbh/ausbildung-zum-industriekaufmann-zur-industriekauffrau-bensheim-196537'}","{'title': 'Fachkraft Rohr Kanal / Rohrreiniger / Kanalreiniger / Monteur / Rohrsanierer (m/w/d)', 'job_url': 'https://www.arbeitnow.com/jobs/companies/muhleisen-rohrreinigung-gmbh/fachkraft-rohr-kanal-rohrreiniger-kanalreiniger-monteur-rohrsanierer-fellbach-474660'}","{'title': 'Servicetechniker im Außendienst (m/w/d) für Raum Wiesbaden/Mainz', 'job_url': 'https://www.arbeitnow.com/jobs/companies/radio-pos/servicetechniker-im-aussendienst-fur-raum-wiesbaden-mainz-215620'}","{'title': 'Service-Disponent (m/w/d) für Kältetechnik / Organisation & Einsatzplanung', 'job_url': 'https://www.arbeitnow.com/jobs/companies/secon-gmbh/service-disponent-fur-kaltetechnik-organisation-einsatzplanung-gondelsheim-396949'}","{'title': 'Servicetechniker im Außendienst (m/w/d) für den Großraum Würzburg (PLZ 97xxx)', 'job_url': 'https://www.arbeitnow.com/jobs/companies/radio-pos/servicetechniker-im-aussendienst-fur-den-grossraum-wurzburg-plz-97xxx-431828'}"
"{'title': 'Head of Human Resources (m/w/d)', 'job_url': 'https://www.arbeitnow.com/jobs/companies/perrcon-job-network/head-of-human-resources-munich-179688'}","{'title': 'Unpaid Business Intenship(multiple positions)', 'job_url': 'https://www.arbeitnow.com/jobs/companies/hopn/unpaid-business-intenshipmultiple-positions-munich-346478'}","{'title': 'Projekleiter Events / Event Manager', 'job_url': 'https://www.arbeitnow.com/jobs/companies/jack-morton-worldwide/projekleiter-events-event-manager-munich-370609'}","{'title': 'Growth Marketing | Intern /\xa0Working Student (d/f/m)', 'job_url': 'https://www.arbeitnow.com/jobs/companies/luminovo-gmbh/growth-marketing-intern-working-student-munich-376909'}","{'title': 'Regional Sales Leader (Enterprise) | Germany', 'job_url': 'https://www.arbeitnow.com/jobs/companies/deepl/regional-sales-leader-enterprise-germany-munich-454459'}","{'title': 'Managing Director', 'job_url': 'https://www.arbeitnow.com/jobs/companies/valsoft-corp/remote-managing-director-germany-149083'}","{'title': 'HR Generalist', 'job_url': 'https://www.arbeitnow.com/jobs/companies/nextcloud/hr-generalist-stuttgart-43264'}","{'title': 'HR Management Intern / Working Student (m/w/d)', 'job_url': 'https://www.arbeitnow.com/jobs/companies/trusteq-gmbh/hr-management-intern-working-student-munchen-464190'}","{'title': 'Working Student Talent Acquisition', 'job_url': 'https://www.arbeitnow.com/jobs/companies/lovehoney-group/working-student-talent-acquisition-berlin-83680'}"
"{'title': 'Werkstudent (m/w/d) Social Media Marketing (bis zu 20 h/pro Woche)', 'job_url': 'https://www.arbeitnow.com/jobs/companies/simba-computer-systeme-gmbh/werkstudent-social-media-marketing-bis-zu-20-h-pro-woche-ostfildern-157545'}","{'title': 'Werkstudent Marketing & Social Media (m/w/d)', 'job_url': 'https://www.arbeitnow.com/jobs/companies/meromix-merocare-gmbh/werkstudent-marketing-social-media-aachen-24399'}","{'title': 'Social Media Marketing Praktikum', 'job_url': 'https://www.arbeitnow.com/jobs/companies/female-power-hub/social-media-marketing-praktikum-berlin-452612'}","{'title': 'Praktikum Social Media & Marketing', 'job_url': 'https://www.arbeitnow.com/jobs/companies/supa-sport-und-party-app/praktikum-social-media-marketing-cologne-494965'}","{'title': 'Praktikum für Social Media Marketing (m/w/d)', 'job_url': 'https://www.arbeitnow.com/jobs/companies/prepmymeal-gmbh/praktikum-fur-social-media-marketing-frankfurt-am-main-406098'}","{'title': 'Praktikum Online Marketing / Social Media & Influencer Marketing (m/w/d)', 'job_url': 'https://www.arbeitnow.com/jobs/companies/the-good-caf-gmbh/praktikum-online-marketing-social-media-influencer-marketing-erfurt-243647'}","{'title': 'Praktikum - Online und Social Media Marketing (m/w/d)', 'job_url': 'https://www.arbeitnow.com/jobs/companies/monday-marketing-gmbh/praktikum-online-und-social-media-marketing-braunschweig-120744'}","{'title': 'Praktikum ""Social Media Manager""', 'job_url': 'https://www.arbeitnow.com/jobs/companies/contentkueche-gmbh/praktikum-social-media-manager-munich-487977'}","{'title': 'Marketing & Social Media Praktikum Erneuerbare Energien', 'job_url': 'https://www.arbeitnow.com/jobs/companies/energrid-gmbh/marketing-social-media-praktikum-erneuerbare-energien-cologne-132116'}"
"{'title': 'Produktmanager (m/w/d) Identity Visibility & Intelligence', 'job_url': 'https://www.arbeitnow.com/jobs/companies/nexis-gmbh/produktmanager-identity-visibility-intelligence-regensburg-89449'}","{'title': 'Produktmanager Lebensmittel & Handelsmarken (m/w/d)', 'job_url': 'https://www.arbeitnow.com/jobs/companies/my-humancapital-gmbh/produktmanager-lebensmittel-handelsmarken-starnberg-409653'}","{'title': 'Produktmanager (M/W/D) Bei Grünspecht Naturprodukte', 'job_url': 'https://www.arbeitnow.com/jobs/companies/grunspecht-naturprodukte-gmbh/produktmanager-bei-grunspecht-naturprodukte-karlskron-359190'}","{'title': 'Produktmanager (w/m/d) Dichtungssysteme', 'job_url': 'https://www.arbeitnow.com/jobs/companies/strategiep-personalberatung/produktmanager-dichtungssysteme-bremen-102040'}","{'title': 'Produktmanager (m/w/d)', 'job_url': 'https://www.arbeitnow.com/jobs/companies/weat-electronic-datenservice-gmbh/produktmanager-dusseldorf-80021'}","{'title': 'Produktmanager Managed Services - Cloud & Infrastructure (m/w/d) - Remote', 'job_url': 'https://www.arbeitnow.com/jobs/companies/swissitsecuritygroup/produktmanager-managed-services-cloud-infrastructure-remote-259169'}","{'title': 'Produktmanager Managed Services - Cloud & Infrastructure (m/w/d) - Remote', 'job_url': 'https://www.arbeitnow.com/jobs/companies/sitsgroup/produktmanager-managed-services-cloud-infrastructure-remote-387772'}","{'title': 'Produktmanager Beschaffungs- & Vergabesoftware (m/w/d)', 'job_url': 'https://www.arbeitnow.com/jobs/companies/administration-intelligence-ag/produktmanager-beschaffungs-vergabesoftware-wurzburg-202405'}","{'title': 'Technical Consultant Cyber Security(One Identity / ForgeRock / Ping Identity)', 'job_url': 'https://www.arbeitnow.com/jobs/companies/identity-team-group/technical-consultant-cyber-securityone-identity-forgerock-ping-identity-darmstadt-147212'}"
"{'title': 'Praktikum Digital Analytics (m/w/d)| Ab September, München', 'job_url': 'https://www.arbeitnow.com/jobs/companies/towa-the-digital-growth-company/praktikum-digital-analytics-ab-september-munchen-munich-301282'}","{'title': 'Working Student - Tech Digital Analytics (All Genders)', 'job_url': 'https://www.arbeitnow.com/jobs/companies/digitl-gmbh/working-student-tech-digital-analytics-all-genders-hamburg-97457'}","{'title': 'Praktikum Personal/Büromanagement (m/w/d) - ab Mitte September 2026', 'job_url': 'https://www.arbeitnow.com/jobs/companies/first-mountain-hotel-gmbh/praktikum-personal-buromanagement-ab-mitte-september-2026-berlin-269998'}","{'title': 'Ausbildung zum Mediengestalter Digital (m/w/d) ab September 2026', 'job_url': 'https://www.arbeitnow.com/jobs/companies/ideenhaus-gmbh-markenwertstil/ausbildung-zum-mediengestalter-digital-ab-september-2026-nuremberg-22482'}","{'title': ""Founder's Associate - Internship or Working Student  (m/w/d)"", 'job_url': 'https://www.arbeitnow.com/jobs/companies/archive-gmbh/founders-associate-internship-or-working-student-munich-181655'}","{'title': 'Working Student - Data Science (Research & Predictive Analytics)', 'job_url': 'https://www.arbeitnow.com/jobs/companies/justwatch/working-student-data-science-research-predictive-analytics-berlin-108305'}","{'title': 'Working Student Analytics Engineer (m/w/d)', 'job_url': 'https://www.arbeitnow.com/jobs/companies/pergolux/working-student-analytics-engineer-berlin-127740'}","{'title': 'Working Student Analytics Engineering (f/m/x)', 'job_url': 'https://www.arbeitnow.com/jobs/companies/thermondo/working-student-analytics-engineering-berlin-zentrale-133129'}","{'title': 'Growth Marketing | Intern /\xa0Working Student (d/f/m)', 'job_url': 'https://www.arbeitnow.com/jobs/companies/luminovo-gmbh/growth-marketing-intern-working-student-munich-376909'}"
"{'title': 'Project Manager – Strategic Projects & Cross-Functional Initiatives (m/f/d)', 'job_url': 'https://www.arbeitnow.com/jobs/companies/l1ve-gmbh/project-manager-strategic-projects-cross-functional-initiatives-berlin-64693'}","{'title': 'Director Strategic Projects (m/f/d)', 'job_url': 'https://www.arbeitnow.com/jobs/companies/mothership-talents-gmbh/director-strategic-projects-cologne-485236'}","{'title': 'Senior Programme Manager - EU Projects (all genders)', 'job_url': 'https://www.arbeitnow.com/jobs/companies/submariner-network/senior-programme-manager-eu-projects-all-genders-berlin-52881'}","{'title': 'Head of Projects (m/w/d) - Data Center', 'job_url': 'https://www.arbeitnow.com/jobs/companies/cbre-global-workplace-solutions-data-center-solutions/head-of-projects-data-center-frankfurt-am-main-153841'}","{'title': 'Manager, Strategic Operations & Supply Chain Integration (m/f/d)', 'job_url': 'https://www.arbeitnow.com/jobs/companies/agilerobotsse/manager-strategic-operations-supply-chain-integration-munich-bavaria-354497'}","{'title': '(Senior) Purchasing Manager / Strategic Buyer (all genders)', 'job_url': 'https://www.arbeitnow.com/jobs/companies/sunday-natural/senior-purchasing-manager-strategic-buyer-all-genders-berlin-257077'}","{'title': 'Strategic Projects Internship (w/m/d)', 'job_url': 'https://www.arbeitnow.com/jobs/companies/enpal/strategic-projects-internship-berlin-417206'}","{'title': 'Strategic Finance Manager (m/f/d)', 'job_url': 'https://www.arbeitnow.com/jobs/companies/robco/strategic-finance-manager-munich-192855'}","{'title': 'CEO Office Intern - Special Projects', 'job_url': 'https://www.arbeitnow.com/jobs/companies/knowunity-gmbh/ceo-office-intern-special-projects-berlin-235371'}"
"{'title': 'Praktikum in 1) Social Media Marketing oder 2) e-Commerce (m/w/d)', 'job_url': 'https://www.arbeitnow.com/jobs/companies/mybuddy/praktikant-in-fur-social-media-marketing-und-e-commerce-mannheim-375693'}","{'title': 'Praktikum Marketing & Social Media Manager/in', 'job_url': 'https://www.arbeitnow.com/jobs/companies/die-griechen/praktikum-marketing-social-media-manager-in-cologne-155959'}","{'title': 'Marketing & Social Media Praktikum Erneuerbare Energien', 'job_url': 'https://www.arbeitnow.com/jobs/companies/energrid-gmbh/marketing-social-media-praktikum-erneuerbare-energien-cologne-132116'}","{'title': 'Praktikum: Social-Media Marketing im innovativen Startup', 'job_url': 'https://www.arbeitnow.com/jobs/companies/physiopoly/praktikum-social-media-marketing-im-innovativen-startup-heilbronn-88702'}","{'title': 'Praktikum Social Media & Marketing', 'job_url': 'https://www.arbeitnow.com/jobs/companies/supa-sport-und-party-app/praktikum-social-media-marketing-cologne-494965'}","{'title': 'Social Media Marketing Praktikum', 'job_url': 'https://www.arbeitnow.com/jobs/companies/female-power-hub/social-media-marketing-praktikum-berlin-452612'}","{'title': 'Werkstudent/in oder Minijob: Social Media & Marketing (m/w/d)', 'job_url': 'https://www.arbeitnow.com/jobs/companies/valov-bau-gmbh/werkstudent-in-oder-minijob-social-media-marketing-berlin-487870'}","{'title': 'Online Marketing- / Social Media Assistent/in (m/w/d)', 'job_url': 'https://www.arbeitnow.com/jobs/companies/hrm-institute-gmbh-cokg-ehemals-boerding-messe/online-marketing-social-media-assitent-in-mannheim-93958'}","{'title': 'Pflicht Praktikum (w/m/d) Online Marketing & Social Media', 'job_url': 'https://www.arbeitnow.com/jobs/companies/picadera/pflicht-praktikum-online-marketing-social-media-mannheim-71457'}"
"{'title': 'Praktikum Retail Design (all genders) - Feb/März 2027', 'job_url': 'https://www.arbeitnow.com/jobs/companies/liganova-gmbh/praktikum-retail-design-all-genders-feb-marz-2027-stuttgart-238234'}","{'title': 'Pflichtpraktikum Design Ab März 2027 (W/M/D)', 'job_url': 'https://www.arbeitnow.com/jobs/companies/dfrost-retail-identity/pflichtpraktikum-design-ab-marz-2027-stuttgart-100964'}","{'title': 'Praktikum - Design (all genders)', 'job_url': 'https://www.arbeitnow.com/jobs/companies/mammaly/praktikum-design-all-genders-berlin-157990'}","{'title': 'Praktikum Creative Graphic Design in Fußballmarketingagentur', 'job_url': 'https://www.arbeitnow.com/jobs/companies/11/praktikum-creative-graphic-design-in-fussballmarketingagentur-hamburg-351864'}","{'title': '(Junior) Design Manager (all genders) – Luxury Retail', 'job_url': 'https://www.arbeitnow.com/jobs/companies/going-beyond-group-gmbh/junior-design-manager-all-genders-luxury-retail-stuttgart-334599'}","{'title': 'Praktikum Design (M/W/D)', 'job_url': 'https://www.arbeitnow.com/jobs/companies/mwd-gmbh-co-kg/praktikum-design-berlin-28442'}","{'title': 'Praktikum Brand Design', 'job_url': 'https://www.arbeitnow.com/jobs/companies/helder/praktikum-brand-design-berlin-224950'}","{'title': 'Praktikum in UX Design & Branding (Bezahlt)', 'job_url': 'https://www.arbeitnow.com/jobs/companies/digitalbegleiter/praktikum-in-ux-design-branding-bezahlt-berlin-184416'}","{'title': 'Working Student – Graphic Design E-Commerce (all genders)', 'job_url': 'https://www.arbeitnow.com/jobs/companies/niboline-gmbh/working-student-graphic-design-e-commerce-all-genders-berlin-280030'}"
"{'title': 'Praktikant:in in innovativen StartUp ""Entrepreneur in Residence"" (d/w/m)', 'job_url': 'https://www.arbeitnow.com/jobs/companies/boomerang/praktikantin-in-innovativen-startup-entrepreneur-in-residence-hamburg-65288'}","{'title': 'Entrepreneur in Residence (m/w/d)', 'job_url': 'https://www.arbeitnow.com/jobs/companies/vima-hausverwaltung-gmbh/entrepreneur-in-residence-frankfurt-am-main-485147'}","{'title': 'Entrepreneur in Residence', 'job_url': 'https://www.arbeitnow.com/jobs/companies/finto/entrepreneur-in-residence-munich-125522'}","{'title': 'Entrepreneur in Residence Intern', 'job_url': 'https://www.arbeitnow.com/jobs/companies/comstruct-ict/entrepreneur-in-residence-intern-munich-240566'}","{'title': 'Entrepreneur in Residence', 'job_url': 'https://www.arbeitnow.com/jobs/companies/bjak/entrepreneur-in-residence-berlin-220270'}","{'title': 'Entrepreneur in Residence/Product Lead (Project Thinkrail)', 'job_url': 'https://www.arbeitnow.com/jobs/companies/jetbrains/remote-entrepreneur-in-residence-product-lead-project-thinkrail-267320'}","{'title': '(Intern) Entrepreneur in Residence (m/f/d) @Mycolever, Munich', 'job_url': 'https://www.arbeitnow.com/jobs/companies/mycolever/intern-entrepreneur-in-residence-at-mycolever-biotech-startup-munich-121268'}","{'title': 'Entrepreneur in Residence (d/f/m)', 'job_url': 'https://www.arbeitnow.com/jobs/companies/taxfix/entrepreneur-in-residence-berlin-290048'}","{'title': 'Praktikant:in Entrepreneur in Residence (m/w/d)', 'job_url': 'https://www.arbeitnow.com/jobs/companies/surveycircle/praktikantin-entrepreneur-in-residence-mannheim-440067'}"
"{'title': 'Empfangsmitarbeiter (m/w/d) für eine Bank in Mainz - auf geringfügiger Basis', 'job_url': 'https://www.arbeitnow.com/jobs/companies/nurnberger-wach-und-schliessgesellschaft-mbh/empfangsmitarbeiter-fur-eine-bank-in-mainz-auf-geringfugiger-basis-359876'}","{'title': 'Kundenberater im Kooperationsvertrieb mit der BW-Bank (m/w/d) für Bausparen und Baufinanzierung auf selbständiger Basis (gem. §§ 84, 92 HGB)', 'job_url': 'https://www.arbeitnow.com/jobs/companies/lbs-sud/kundenberater-im-kooperationsvertrieb-mit-der-bw-bank-fur-bausparen-und-baufinanzierung-auf-selbstandiger-basis-gem-84-92-hgb-stuttgar-334057'}","{'title': 'Ingenieur Elektrotechnik / Nachrichtentechnik (m/w/d) Hochfrequenztechnik für Raumfahrtprojekte in Mainz (1643)', 'job_url': 'https://www.arbeitnow.com/jobs/companies/bruggen-engineering-gmbh/ingenieur-elektrotechnik-nachrichtentechnik-hochfrequenztechnik-fur-raumfahrtprojekte-in-mainz-1643-185488'}","{'title': 'Hörakustiker:in (m/w/d) moderne Hörversorgung in Mainz', 'job_url': 'https://www.arbeitnow.com/jobs/companies/audibene-gmbh/horakustikerin-moderne-horversorgung-in-mainz-129169'}","{'title': 'Data Analytics, Data Science & AI Weiterbildung mit IHK-Abschluss | 100 % Remote', 'job_url': 'https://www.arbeitnow.com/jobs/companies/datasmart-point-gmbh/data-analytics-data-science-ai-weiterbildung-mit-ihk-abschluss-100-remote-berlin-452130'}","{'title': 'Kundenservice Mobilfunk Inbound - Freelancer - EU, außerhalb Deutschland - 100% Remote', 'job_url': 'https://www.arbeitnow.com/jobs/companies/hey-contact-heroes-gmbh/kundenservice-mobilfunk-inbound-freelancer-eu-ausserhalb-deutschland-100-remote-berlin-146674'}","{'title': 'Objektbesichtiger (m/w/d) auf freiberuflicher Basis', 'job_url': 'https://www.arbeitnow.com/jobs/companies/certa/objektbesichtiger-auf-freiberuflicher-basis-berlin-89759'}","{'title': 'Servicekraft/ Küchenkraft (m/w/d) - in Köln (In Voll-, Teilzeit oder auf Werkstudenten- Basis)', 'job_url': 'https://www.arbeitnow.com/jobs/companies/isabella-glutenfreie-patisserie-gmbh-co-kg/servicekraft-kuchenkraft-in-koln-in-voll-teilzeit-oder-auf-werkstudenten-basis-442858'}","{'title': 'Systemingenieur (w/m/d) Luft- und Raumfahrttechnik in Mainz (1630)', 'job_url': 'https://www.arbeitnow.com/jobs/companies/bruggen-engineering-gmbh/systemingenieur-luft-und-raumfahrttechnik-in-mainz-1630-83952'}"
"{'title': 'Account Executive DACH', 'job_url': 'https://www.arbeitnow.com/jobs/companies/aikido-security/remote-account-executive-dach-munich-218754'}","{'title': 'Founding Account Executive, DACH', 'job_url': 'https://www.arbeitnow.com/jobs/companies/telnyx/founding-account-executive-dach-munich-302728'}","{'title': 'Account Executive DACH', 'job_url': 'https://www.arbeitnow.com/jobs/companies/didomi/account-executive-dach-berlingermany-336912'}","{'title': 'B2B Marketing Manager, DACH', 'job_url': 'https://www.arbeitnow.com/jobs/companies/openai/b2b-marketing-manager-dach-munich-159839'}","{'title': 'Account Executive – Strategic Retail, DACH and Central Europe (German Speaking)', 'job_url': 'https://www.arbeitnow.com/jobs/companies/bazaarvoice/account-executive-strategic-retail-dach-and-central-europe-german-speaking-munich-21094'}","{'title': 'Sales Director DACH', 'job_url': 'https://www.arbeitnow.com/jobs/companies/exeon-analytics/remote-sales-director-dach-335357'}","{'title': 'Forward Deployed Engineer, DACH', 'job_url': 'https://www.arbeitnow.com/jobs/companies/telnyx/forward-deployed-engineer-dach-munich-178293'}","{'title': 'Enterprise Account Executive - Dach', 'job_url': 'https://www.arbeitnow.com/jobs/companies/mondaycom/enterprise-account-executive-dach-munich-269410'}","{'title': 'Strategic Account Executive - DACH', 'job_url': 'https://www.arbeitnow.com/jobs/companies/blp-digital-ag/strategic-account-executive-dach-munich-219842'}"
"{'title': 'Integration Solutions Engineer (m/w/d) – Remote (EU)', 'job_url': 'https://www.arbeitnow.com/jobs/companies/epilot-gmbh/integration-solutions-engineer-remote-eu-koln-379113'}","{'title': 'Kundenservice Mobilfunk Inbound - Freelancer - EU, außerhalb Deutschland - 100% Remote', 'job_url': 'https://www.arbeitnow.com/jobs/companies/hey-contact-heroes-gmbh/kundenservice-mobilfunk-inbound-freelancer-eu-ausserhalb-deutschland-100-remote-berlin-146674'}","{'title': 'Data Analytics, Data Science & AI Weiterbildung mit IHK-Abschluss | 100 % Remote', 'job_url': 'https://www.arbeitnow.com/jobs/companies/datasmart-point-gmbh/data-analytics-data-science-ai-weiterbildung-mit-ihk-abschluss-100-remote-berlin-452130'}","{'title': 'Software Integration Engineer', 'job_url': 'https://www.arbeitnow.com/jobs/companies/applied/software-integration-engineer-stuttgart-415512'}","{'title': 'SAP Integration Architect', 'job_url': 'https://www.arbeitnow.com/jobs/companies/finto/sap-integration-architect-munich-380128'}","{'title': '(Senior) Software Engineer - Data Integration Focus - Remote (m/f/d)', 'job_url': 'https://www.arbeitnow.com/jobs/companies/praxipal/senior-software-engineer-data-integration-focus-remote-416977'}","{'title': 'Stellarator Integration Engineer', 'job_url': 'https://www.arbeitnow.com/jobs/companies/proxima-fusion-gmbh/stellarator-integration-engineer-munich-272432'}","{'title': 'AI Integration & Automation Engineer (m/w/d) GER', 'job_url': 'https://www.arbeitnow.com/jobs/companies/customs-support-group/remote-ai-integration-automation-engineer-ger-32348'}","{'title': 'Sensor Integration Engineer (m/f/d)', 'job_url': 'https://www.arbeitnow.com/jobs/companies/motor-ai/sensor-integration-engineer-berlin-314641'}"
"{'title': 'Editor in Chief / Chefredakteur:in (m/w/d)', 'job_url': 'https://www.arbeitnow.com/jobs/companies/doccheck-ag/editor-in-chief-chefredakteurin-koln-445964'}","{'title': 'Data Analytics, Data Science & AI Weiterbildung mit IHK-Abschluss | 100 % Remote', 'job_url': 'https://www.arbeitnow.com/jobs/companies/datasmart-point-gmbh/data-analytics-data-science-ai-weiterbildung-mit-ihk-abschluss-100-remote-berlin-452130'}","{'title': 'Kundenservice Mobilfunk Inbound - Freelancer - EU, außerhalb Deutschland - 100% Remote', 'job_url': 'https://www.arbeitnow.com/jobs/companies/hey-contact-heroes-gmbh/kundenservice-mobilfunk-inbound-freelancer-eu-ausserhalb-deutschland-100-remote-berlin-146674'}","{'title': 'SaaS Content Marketing manager', 'job_url': 'https://www.arbeitnow.com/jobs/companies/ilert-gmbh/saas-content-marketing-manager-cologne-494519'}","{'title': 'Video Editor für Social Media (m/w/d)', 'job_url': 'https://www.arbeitnow.com/jobs/companies/tim-company-gmbh/video-editor-fur-social-media-berlin-386952'}","{'title': 'Video Editor - Social Media Ads (m/w/d)', 'job_url': 'https://www.arbeitnow.com/jobs/companies/doubledouble-ads-gmbh/video-editor-social-media-ads-cologne-490684'}","{'title': 'Junior Video Editor für Social Media Ads (m/w/d)', 'job_url': 'https://www.arbeitnow.com/jobs/companies/doubledouble-ads-gmbh/junior-video-editor-fur-social-media-ads-cologne-238951'}","{'title': 'Mediengestalter / Video Editor & Kameramann (m/w/d)', 'job_url': 'https://www.arbeitnow.com/jobs/companies/cinebites-media/mediengestalter-video-editor-kameramann-cologne-478295'}","{'title': 'Junior Consultant (m/w/x) GIS / Softwareentwicklung', 'job_url': 'https://www.arbeitnow.com/jobs/companies/vertigis-gmbh/junior-consultant-gis-softwareentwicklung-bonn-162753'}"
"{'title': 'Junior Product Data Manager (m/w/d)', 'job_url': 'https://www.arbeitnow.com/jobs/companies/doccheck-ag/junior-product-data-manager-koln-25742'}","{'title': 'Data Analytics, Data Science & AI Weiterbildung mit IHK-Abschluss | 100 % Remote', 'job_url': 'https://www.arbeitnow.com/jobs/companies/datasmart-point-gmbh/data-analytics-data-science-ai-weiterbildung-mit-ihk-abschluss-100-remote-berlin-452130'}","{'title': 'Junior Product Manager – MarTech', 'job_url': 'https://www.arbeitnow.com/jobs/companies/justwatch/junior-product-manager-martech-berlin-241710'}","{'title': 'Junior Product Manager (m/w/d)', 'job_url': 'https://www.arbeitnow.com/jobs/companies/digitale-leute-school/junior-product-manager-munich-59757'}","{'title': 'Junior Product Owner (m/w/d)', 'job_url': 'https://www.arbeitnow.com/jobs/companies/digitale-leute-school/junior-product-owner-munich-188192'}","{'title': 'Junior Product Manager (m,w,d)', 'job_url': 'https://www.arbeitnow.com/jobs/companies/neuronation/junior-product-manager-mwd-berlin-38027'}","{'title': 'Junior App Product Owner (all genders)', 'job_url': 'https://www.arbeitnow.com/jobs/companies/sunday-natural/junior-app-product-owner-all-genders-berlin-12808'}","{'title': 'Jr. Product Manager', 'job_url': 'https://www.arbeitnow.com/jobs/companies/doonails/jr-product-manager-koln-122637'}","{'title': 'Product Manager (m/w/d)', 'job_url': 'https://www.arbeitnow.com/jobs/companies/doonails/product-manager-koln-250773'}"
"{'title': 'Teamleiter:in Design (m/w/d)', 'job_url': 'https://www.arbeitnow.com/jobs/companies/doccheck-ag/teamleiterin-design-koln-17393'}","{'title': 'Design Engineer (m/w/d)', 'job_url': 'https://www.arbeitnow.com/jobs/companies/fourbyte-gmbh/design-engineer-cologne-66277'}","{'title': 'Praktikant:in Grafik / Design', 'job_url': 'https://www.arbeitnow.com/jobs/companies/limmaland-gmbh/praktikantin-grafik-design-ab-herbst-2026-cologne-178933'}","{'title': 'iOS Engineer - Design System', 'job_url': 'https://www.arbeitnow.com/jobs/companies/sumup/ios-engineer-design-system-cologne-401158'}","{'title': 'Senior Design Engineer, Design System', 'job_url': 'https://www.arbeitnow.com/jobs/companies/celonis/senior-design-engineer-design-system-munich-104279'}","{'title': 'Senior Design Engineer, Design Operations: AI-Powered Design Platform', 'job_url': 'https://www.arbeitnow.com/jobs/companies/celonis/senior-design-engineer-design-operations-ai-powered-design-platform-munich-226003'}","{'title': 'Werkstudent (m/w/d) Content Creation & Design', 'job_url': 'https://www.arbeitnow.com/jobs/companies/spized-gmbh/werkstudent-content-creation-design-cologne-447102'}","{'title': 'Design Engineer', 'job_url': 'https://www.arbeitnow.com/jobs/companies/mercura/design-engineer-munich-421938'}","{'title': 'Praktikum Brand Design', 'job_url': 'https://www.arbeitnow.com/jobs/companies/helder/praktikum-brand-design-berlin-224950'}"
"{'title': 'Teamleiter:in Customer Service (m/w/d)', 'job_url': 'https://www.arbeitnow.com/jobs/companies/doccheck-ag/teamleiterin-customer-service-koln-300031'}","{'title': 'Customer Support Agent', 'job_url': 'https://www.arbeitnow.com/jobs/companies/the-happy-customers/customer-support-agent-berlin-333545'}","{'title': 'Customer Support Agent (M/W/D)', 'job_url': 'https://www.arbeitnow.com/jobs/companies/ralph/customer-support-agent-berlin-2789'}","{'title': 'Kundenbetreuung (Customer Support/Success) (m/w/d)', 'job_url': 'https://www.arbeitnow.com/jobs/companies/tutorspace-gmbh/customer-success-manager-ludwigshafen-30356'}","{'title': 'Customer Service Agent Scandinavia', 'job_url': 'https://www.arbeitnow.com/jobs/companies/pergolux/customer-service-agent-scandinavia-berlin-485590'}","{'title': 'Director of Customer Support', 'job_url': 'https://www.arbeitnow.com/jobs/companies/cloudbedsthirdpartyboard/director-of-customer-support-341296'}","{'title': 'Founding Customer Support Engineer', 'job_url': 'https://www.arbeitnow.com/jobs/companies/comstruct-ict/founding-customer-support-engineer-munich-139441'}","{'title': 'Customer Support Manager (m/w/d)', 'job_url': 'https://www.arbeitnow.com/jobs/companies/vub-gmbh/customer-support-manager-cologne-251415'}","{'title': 'Customer Support Specialist (m/w/d)', 'job_url': 'https://www.arbeitnow.com/jobs/companies/doksafe-gmbh/customer-support-specialist-leipzig-67205'}"
"{'title': 'Senior Product Manager (m/w/d)', 'job_url': 'https://www.arbeitnow.com/jobs/companies/doonails/senior-product-manager-koln-444068'}","{'title': '(Senior) Product Manager - B2B SaaS (m/w/d)', 'job_url': 'https://www.arbeitnow.com/jobs/companies/epilot-gmbh/senior-product-manager-b2b-saas-koln-356404'}","{'title': '(Senior) Product Manager (m/w/d)', 'job_url': 'https://www.arbeitnow.com/jobs/companies/encosa-energy-gmbh/senior-product-manager-munich-119534'}","{'title': 'Senior Product Manager - Client Experience & Engagement (f/m/d)', 'job_url': 'https://www.arbeitnow.com/jobs/companies/liqid-lig/senior-product-manager-client-experience-engagement-berlin-430799'}","{'title': 'Senior Product Manager', 'job_url': 'https://www.arbeitnow.com/jobs/companies/haiilo-1/senior-product-manager-hamburg-425919'}","{'title': 'Senior Product Manager – Growth & Acquisition (f/m/d)', 'job_url': 'https://www.arbeitnow.com/jobs/companies/liqid-lig/senior-product-manager-growth-acquisition-berlin-102968'}","{'title': 'Senior Product Manager (m|w|d) Catalog Content', 'job_url': 'https://www.arbeitnow.com/jobs/companies/idealo-internet-gmbh/senior-product-manager-mwd-catalog-content-berlin-412032'}","{'title': 'Senior Product Manager - AI', 'job_url': 'https://www.arbeitnow.com/jobs/companies/appinio/senior-product-manager-ai-hamburg-hamburg-3223'}","{'title': 'Senior Product Designer', 'job_url': 'https://www.arbeitnow.com/jobs/companies/wundergraph/senior-product-designer-frankfurt-395324'}"
"{'title': 'Senior Product Manager', 'job_url': 'https://www.arbeitnow.com/jobs/companies/goodhabitz/senior-product-manager-berlin-291978'}","{'title': 'Senior Product Manager Claims', 'job_url': 'https://www.arbeitnow.com/jobs/companies/techbiz-global/senior-product-manager-fintech-insurance-berlin-27597'}","{'title': 'Senior Product Design Engineer', 'job_url': 'https://www.arbeitnow.com/jobs/companies/rohlik/senior-product-design-engineer-berlin-245890'}","{'title': '(Senior) Product Manager (m/f/x)', 'job_url': 'https://www.arbeitnow.com/jobs/companies/progyny-global/senior-product-manager-berlin-427251'}","{'title': 'Senior Product Manager (f/m/x)', 'job_url': 'https://www.arbeitnow.com/jobs/companies/alago/senior-product-manager-munich-365431'}","{'title': '(Senior) Product Manager (m/w/d)', 'job_url': 'https://www.arbeitnow.com/jobs/companies/encosa-energy-gmbh/senior-product-manager-munich-119534'}","{'title': 'Senior Product Manager - Client Experience & Engagement (f/m/d)', 'job_url': 'https://www.arbeitnow.com/jobs/companies/liqid-lig/senior-product-manager-client-experience-engagement-berlin-430799'}","{'title': 'Senior Product Marketing Manager', 'job_url': 'https://www.arbeitnow.com/jobs/companies/pipa-gmbh/senior-product-marketing-manager-hamburg-187484'}","{'title': '(Senior) Product Manager', 'job_url': 'https://www.arbeitnow.com/jobs/companies/consultport/senior-product-manager-berlin-373822'}"
"{'title': 'Senior iOS Developer (Remote)', 'job_url': 'https://www.arbeitnow.com/jobs/companies/finom/senior-ios-developer-remote-germany-156083'}","{'title': 'Senior Product Engineer - iOS/Swift', 'job_url': 'https://www.arbeitnow.com/jobs/companies/qonto/senior-product-engineer-ios-swift-berlin-240048'}","{'title': 'Senior Mobile Engineer - Instrumentation SDK (iOS) | Germany | Remote', 'job_url': 'https://www.arbeitnow.com/jobs/companies/grafanalabs/senior-mobile-engineer-instrumentation-sdk-ios-germany-remote-6605'}","{'title': 'Senior iOS Developer - Berlin', 'job_url': 'https://www.arbeitnow.com/jobs/companies/resident-advisor/senior-ios-developer-berlin-389354'}","{'title': '(Senior) Frontend Developer (m/w/d) React', 'job_url': 'https://www.arbeitnow.com/jobs/companies/indie-solutions-gmbh/senior-frontend-developer-react-dresden-134663'}","{'title': 'iOS Entwickler (m/w/d)', 'job_url': 'https://www.arbeitnow.com/jobs/companies/skalbach-gmbh/ios-entwickler-karlsruhe-213075'}","{'title': 'Senior/Leading Software Engineer (f/m/d/x)', 'job_url': 'https://www.arbeitnow.com/jobs/companies/emil-group-gmbh/senior-leading-software-engineer-x-berlin-65729'}","{'title': 'Senior Android Engineer - KMP', 'job_url': 'https://www.arbeitnow.com/jobs/companies/sumup/senior-android-engineer-kmp-berlin-213933'}","{'title': 'Senior Product Designer (f/m/x) - Agentic AI & Platform', 'job_url': 'https://www.arbeitnow.com/jobs/companies/ilert-gmbh/senior-product-designer-agentic-ai-platform-cologne-303839'}"
"{'title': 'Engineering Manager', 'job_url': 'https://www.arbeitnow.com/jobs/companies/finom/engineering-manager-berlin-26263'}","{'title': 'Senior/Staff Backend Engineer - remote friendly', 'job_url': 'https://www.arbeitnow.com/jobs/companies/qonto/senior-staff-backend-engineer-remote-friendly-berlin-310274'}","{'title': 'Senior/Tech Lead Backend Engineer (Managed Kubernetes)', 'job_url': 'https://www.arbeitnow.com/jobs/companies/nebius/senior-tech-lead-backend-engineer-managed-kubernetes-berlin-38502'}","{'title': 'Senior Backend Software Engineer (Cloud Monetization Platform)', 'job_url': 'https://www.arbeitnow.com/jobs/companies/nebius/senior-backend-software-engineer-cloud-monetization-platform-berlin-216266'}","{'title': 'Senior Backend Developer (Token Factory)', 'job_url': 'https://www.arbeitnow.com/jobs/companies/nebius/senior-backend-developer-token-factory-berlin-137085'}","{'title': 'Senior Software Engineer (Storage Virtualization Team)', 'job_url': 'https://www.arbeitnow.com/jobs/companies/nebius/senior-software-engineer-storage-virtualization-team-berlin-147455'}","{'title': 'Senior Software Engineer (Capacity and Quota Management)', 'job_url': 'https://www.arbeitnow.com/jobs/companies/nebius/senior-software-engineer-capacity-and-quota-management-berlin-208331'}","{'title': 'Senior Software Engineer (Stream Processing)', 'job_url': 'https://www.arbeitnow.com/jobs/companies/nebius/senior-software-engineer-stream-processing-berlin-425547'}","{'title': 'Senior Software Engineer (Token Factory)', 'job_url': 'https://www.arbeitnow.com/jobs/companies/nebius/senior-software-engineer-token-factory-217510'}"
"{'title': 'Teamleiter:in Pharma Klinikversorgung Bernau - übertariflich', 'job_url': 'https://www.arbeitnow.com/jobs/companies/wabcon/teamleiterin-pharma-klinikversorgung-bernau-ubertariflich-bernau-bei-berlin-186893'}","{'title': 'Projektmanager Pharma / Healthcare (m/w/d)', 'job_url': 'https://www.arbeitnow.com/jobs/companies/designerdock-berlin/projektmanager-pharma-healthcare-berlin-161884'}","{'title': 'Ingenieur / Techniker (m/w/d) Entwicklung Disposables Pharma (1522)', 'job_url': 'https://www.arbeitnow.com/jobs/companies/bruggen-engineering-gmbh/ingenieur-techniker-entwicklung-disposables-pharma-1522-mannheim-55733'}","{'title': 'Manager Digital & AI Strategy - Pharma & Healthcare (m/f/d)', 'job_url': 'https://www.arbeitnow.com/jobs/companies/ommax/manager-digital-ai-strategy-pharma-healthcare-munchen-419161'}","{'title': 'Junior Account Manager für eine Pharma-Marketingagentur (m/w/d) - JN243-01', 'job_url': 'https://www.arbeitnow.com/jobs/companies/projekt-team-personalberatung/junior-account-manager-fur-eine-pharma-marketingagentur-jn243-01-freiburg-im-breisgau-207307'}","{'title': 'Senior Account Manager für eine Pharma-Marketingagentur (m/w/d) - JN243-12', 'job_url': 'https://www.arbeitnow.com/jobs/companies/projekt-team-personalberatung/senior-account-manager-fur-eine-pharma-marketingagentur-jn243-12-oldenburg-453994'}","{'title': 'Ingenieur / Techniker (m/w/d) Testentwicklung Pharma in Mannheim (1314)', 'job_url': 'https://www.arbeitnow.com/jobs/companies/bruggen-engineering-gmbh/ingenieur-techniker-testentwicklung-pharma-in-mannheim-1314-183611'}","{'title': 'Sicherheitsingenieur (m/w/d) Pharma / SHE Compliance in München (1695)', 'job_url': 'https://www.arbeitnow.com/jobs/companies/bruggen-engineering-gmbh/sicherheitsingenieur-pharma-she-compliance-in-munchen-1695-munich-218845'}","{'title': 'Entwicklungsingenieur (m/w/d) Assay-Entwicklung Pharma in Mannheim (1538)', 'job_url': 'https://www.arbeitnow.com/jobs/companies/bruggen-engineering-gmbh/entwicklungsingenieur-assay-entwicklung-pharma-in-mannheim-1538-36567'}"
"{'title': 'Senior HubSpot Experte (m/w/d)', 'job_url': 'https://www.arbeitnow.com/jobs/companies/leadwunder/senior-hubspot-experte-hamburg-48166'}","{'title': 'Data Analytics, Data Science & AI Weiterbildung mit IHK-Abschluss | 100 % Remote', 'job_url': 'https://www.arbeitnow.com/jobs/companies/datasmart-point-gmbh/data-analytics-data-science-ai-weiterbildung-mit-ihk-abschluss-100-remote-berlin-452130'}","{'title': 'HubSpot Consultant (m/w/d) - Vollzeit/Teilzeit', 'job_url': 'https://www.arbeitnow.com/jobs/companies/inboundfriends/hubspot-consultant-vollzeit-teilzeit-dusseldorf-127920'}","{'title': 'Senior CRM Consultant HubSpot (m/w/d)', 'job_url': 'https://www.arbeitnow.com/jobs/companies/adloca-gmbh/senior-crm-consultant-hubspot-munich-63773'}","{'title': '(Senior) Marketing Operations Manager*In (M/W/D) Crm, Growth, Hubspot', 'job_url': 'https://www.arbeitnow.com/jobs/companies/ramp106-gmbh/senior-marketing-operations-managerin-crm-growth-hubspot-hamburg-489412'}","{'title': 'Werkstudent (m/w/d) Marketing, Sales & Admin Support - HubSpot Unit', 'job_url': 'https://www.arbeitnow.com/jobs/companies/salesplaybook-ag/werkstudent-marketing-sales-admin-support-hubspot-unit-berlin-471852'}","{'title': 'Senior Client Experience Manager Digital Solutions (m/w/d) mit Tech-DNA & HubSpot-Power', 'job_url': 'https://www.arbeitnow.com/jobs/companies/straight-gmbh/senior-client-experience-manager-digital-solutions-mit-tech-dna-hubspot-power-munich-178675'}","{'title': 'CRM Manager (m/w/d) Hubspot', 'job_url': 'https://www.arbeitnow.com/jobs/companies/ecoturn-gmbh/crm-manager-hubspot-munich-277960'}","{'title': 'ISMS Experte (m/w/d)', 'job_url': 'https://www.arbeitnow.com/jobs/companies/hubside-die-recruitingwerkstatt/isms-experte-edling-433807'}"
